organizations,count
"southern district reporters, p.c.",8283
department of justice,3652
government,1880
united states district court,1246
court,1228
fbi,1095
bop,929
southern district of new york,759
usao,755
united states,752
mcc new york,692
metropolitan correctional center,642
united states of america,605
palm beach police department,598
federal bureau of prisons,586
united states attorney,569
second circuit,558
bureau of prisons,552
opr,503
u.s. department of justice,475
law offices of bobbi c. sternheim,394
cohen & gresser llp,376
mdc,338
usa,329
united states attorney's office,309
state attorney's office,304
fedex,259
myspace,257
u.s. attorney's office,252
mcc,226
the court,224
supreme court,221
cbp,219
district court,201
"haddon, morgan & foreman p.c.",183
verizon,174
department,171
federal bureau of investigation,169
clc new york,169
pbpd,146
pretrial services,145
united states court of appeals for the second circuit,133
general aviation,132
sdny,128
congress,117
nym,116
boies schiller,112
ceos,112
usao-sdfl,108
southern district reporters,105
nypd,105
myspace.com,101
"censor & associates reporting and transcription, inc.",101
usms,99
amadeus dcs altea cm,99
cingular wireless,99
samsung,93
oag,93
united states department of justice,92
united states courthouse,87
metropolitan detention center,87
magna legal services,85
reuters,80
"haddon, morgan and foreman, p.c.",77
usao-sdny,77
oig,73
u.s.,72
american academy of psychiatry and the law,72
air france,72
s.d.n.y.,71
u.s department of justice,71
united states court of appeals,71
nym/duty officer,71
u.s. attorney,70
special housing unit,70
daily mail,69
bsf,69
altea+cm,67
new york times,62
defense counsel,62
haddon morgan and foreman,62
american psychiatric association,62
boies schiller flexner llp,60
miami herald,60
"haddon, morgan and foreman, p.c",59
united states district court for the southern district of new york,59
palm beach county sheriff's office,59
u.s. attorney's office for the southern district of new york,57
defense,57
state of florida,56
grand jury,55
u.s. district court,54
u.s. customs and border protection,54
"u.s. attorney's office, sdny",53
american psychological association,52
markus/moss pllc,51
federal medical center,50
criminal division,48
u.s. department of homeland security,48
victoria's secret,47
u.s. public health service,47
irs,46
usdoj,46
censor & associates,46
interlochen,45
"hyperion air, inc.",44
the independent,43
usanys,43
new york post,42
nym/food svcs,42
united states attorney's office for the southern district of new york,41
office of the state attorney,41
j. consor & associates reporting & transcription,41
united states attorney for the southern district of new york,40
office of professional responsibility,39
epstein victim compensation fund,37
commonwealth,37
u.s. court of appeals,37
bear stearns,37
breitbart,37
mdc brooklyn,36
cohen & gresser,35
florida psychiatric society,34
office of the deputy attorney general,34
palm beach county courthouse,33
2d cir.,32
epstein victims' compensation program,32
european union,32
harvard university,31
"official reporting service, llc",31
ogr,30
us court of appeals,30
cnn,29
court of appeals,29
sdfl,29
the daily beast,29
mar-a-lago,29
nym/food sves,29
french ministry of justice,29
zuckerman spaeder llp,28
u.s. supreme court,28
oxford university,28
united states court,28
cvra,28
u.s. marshal,28
kirkland & ellis,28
ny daily news,28
detective bureau,28
royal palm beach high school,28
af,28
bellsouth,28
united states district judge,27
deutsche bank,27
the new york times,26
professional children's school,26
office of the inspector general,26
france,26
united states marshal,25
evcp,25
twitter,25
florida bar,25
american bar association,24
usa today,24
abc news,24
united states government,24
southern psychiatric association,24
american academy of forensic sciences,24
chemical bank,24
new york daily news,24
florida department of law enforcement,24
circuit court of the fifteenth judicial circuit,24
health services,24
"jege, inc.",24
united states supreme court,23
"haddon, morgan & foreman, p.c.",23
doj-ogr,23
palm beach post,23
judge,22
vanity fair,22
clerk's office,22
t-mobile,22
new york city police department,21
new york law journal,21
city of new york,21
justice department,21
"john wiley & sons, ltd.",21
federal express,21
charisma edge,21
ems,21
new york mcc,21
dod,21
estate,20
aba,20
eleventh circuit,20
the government,20
district executive's office,20
facebook,20
instagram,20
brown university,20
ausa,20
financial trust company,20
jet aviation,20
limited brands,20
dcs-syncus,20
u.s. intelligence agencies,20
fit,19
washington post,19
s.e.c.,19
national academy of sciences,19
rhode island psychological association,19
western union,19
amadeus,19
nym/executive staff,19
northeast region,19
bureau of prisons - nym,19
sdny cm/ecf,19
national association of criminal defense lawyers,18
brune & richard,18
the nation,18
shu,18
united kingdom,18
f.b.i.,18
united states attorneys,18
united states code,18
department's criminal division,18
cherokee county sheriff's office,18
fsu,18
asta blueline,18
"shoppers travel, inc.",18
"bellsouth telecommunications, inc.",18
mdc legal,17
ninth circuit,17
johns hopkins university,17
university of pennsylvania,17
interlochen arts camp,17
ice,17
u.s. attorneys,17
state attorney,17
herman & mermelstein pa,17
brune firm,16
law enforcement,16
sentencing commission,16
internal revenue service,16
shoppers travel,16
us courts,16
united states district court for the southern district of florida,16
us attorney,16
palm beach county state attorney's office,16
circuit court,16
jpmorgan,16
jp morgan,16
dollar rent a car,16
central office,16
steptoe & johnson llp,16
usca,16
sec,15
oxford university press,15
southern district of florida,15
harvard law school,15
u.s. attorney's office for the southern district of florida,15
ucla,15
olc,15
department of corrections,15
office of public affairs,15
open skies,15
apis,15
doj oig,15
fci estill,15
police,15
probation office,14
the limited,14
nardello firm,14
office of the district attorney,14
u.s. government,14
forensic pursuit,14
new york magazine,14
faa,14
cingular,14
hdqrm1s,14
psychology services,14
pacer,14
university of michigan,13
the miami herald,13
seventh circuit,13
harvard medical school,13
sage,13
united states secret service,13
palm beach police,13
clerk of court,13
university of rhode island,13
national institute of justice,13
american medical association,13
federal government,13
united states marshals service,13
fox news,13
boeing,13
"herman & mermelstein, p.a.",13
buzzfeed news,13
ministry of justice,13
microsoft,13
panish shea & boyle llp,12
circuit,12
los angeles times,12
senate,12
epstein estate,12
nyu,12
united states circuit judge,12
second circuit court,12
florida medical association,12
routledge,12
european journal of psychotraumatology,12
stanford university,12
butler hospital,12
apa,12
united states attorney's office for the southern district of florida,12
usaos,12
fifth circuit,12
third circuit,12
palm beach sheriff's office,12
office of enforcement operations,12
palm beach county,12
opw,12
etec,12
ippa,12
psych svc staff,12
french government,12
the sun,12
"cohen & gresser, llp",12
new york times company,11
deitz court reporting,11
tenth circuit,11
probation department,11
defendant,11
thestreet.com,11
associated press,11
jury department,11
lexis law publishing,11
city of palm beach police department,11
cambridge university press,11
american express,11
district,11
superior court,11
customs and border protection,11
bloomberg,11
j. epstein and company,11
"financial trust company, inc.",11
cbs news,11
victims compensation fund,11
consor & associates,11
afge,11
district of new hampshire,11
defense staff,11
"steptoe & johnson, llp",11
"aidala, bertuna & kamins, pc",11
second circuit court of appeals,10
american lawyer,10
newsday,10
aba journal,10
henri bendel,10
attorney general,10
netflix,10
new york state bar association,10
nacdl,10
d.c. cir.,10
thomson reuters,10
cia,10
first circuit,10
district attorney,10
university of central florida college of medicine,10
seminole county medical society,10
erlbaum,10
national district attorneys association,10
pace university,10
united states attorney southern district of new york,10
epstein victims compensation fund,10
royal society,10
main justice,10
office of legal counsel,10
daily news,10
secret service,10
victoria's secrets,10
"law offices of gerald b. lefcourt, p.c.",10
lynn university,10
"atterbury, goldberger, & weiss, p.a.",10
express,10
victoria's secret stores,10
mcc ny,10
osi,10
u.s. medical center for federal prisons,10
bop.gov,10
psychology department,10
psychology services department,10
dalton school,10
doj-oig,10
massachusetts institute of technology,10
law office of marc fernich,10
doj-usao,10
united states district court - district of new hampshire,10
european court of human rights,10
aidala bertuna & kamins pc,10
skatezone,10
administrative office of the court,10
kramer levin,9
united states circuit court,9
office,9
commission,9
national law journal,9
american board of psychiatry and neurology,9
linkedin,9
university of california,9
central intelligence agency,9
cornell university,9
psychology press,9
epstein victims compensation program,9
e.d.n.y.,9
association for psychological science,9
motorola,9
sheriff's office,9
u.s. attorney's office for the northern district of georgia,9
reporters committee for freedom of the press,9
the breakers,9
hm land registry,9
sublime,9
j. onsor & associates reporting & transcription,9
interpol washington,9
"atterbury goldberger richardson & weiss, p.a.",9
criminal justice complex,9
bath & body works,9
law office of guy fronstin,9
colonial bank,9
j. consor & associates,9
journeys,9
pbso,9
1ainv rm af,9
cmc,9
scss,9
palm beach county jail,9
lincoln college,9
morgan state university,9
nysd,9
ups,9
nysg llc,9
jpmorgan chase,9
u.s. southern district of ny,9
the palm beach post,9
lexitas company,8
u.s. probation office,8
"aidala, bertuna & kamins, p.c.",8
thurgood marshall united states courthouse,8
sixth circuit,8
courts of appeals,8
smith villazor llp,8
pyramid co. of onondaga,8
victim witness unit,8
n.y. times,8
bsfllp,8
us department of justice,8
tulane university,8
university of virginia,8
physicians society of central florida,8
wall street journal,8
"park dietz & associates, inc.",8
boy scouts,8
australian national university,8
"american broadcasting companies, inc.",8
the american college of psychiatrists,8
3m company,8
epstein victim's compensation program,8
huffington post,8
ausas,8
child abuse & neglect,8
mdc legal department,8
executive office for u.s. attorneys,8
federal rules of criminal procedure,8
eighth circuit,8
supreme court of the united states,8
civil rights division,8
dmv,8
blue man group,8
j. epstein & co.,8
quizilla,8
limited,8
pacific sunwear,8
"atterbury goldberger & weiss, p.a.",8
"cbp-palm beach, international",8
dcs-ireq,8
opc,8
nero,8
sis,8
psychology,8
cooper union,8
law offices of leah saffian,8
bail reform act,8
international criminal assistance bureau,8
american yacht harbor,8
united states attorney's manual,8
high court,8
"sheriff, palm beach county",8
prosecution,7
goldman sachs,7
estate of jeffrey epstein,7
jury,7
court's jury clerk,7
citibank,7
dailymail.com,7
new york university,7
internal revenue code,7
duke university,7
probation,7
youtube,7
"john wiley & sons, inc.",7
university of south florida,7
defense research institute,7
mid-atlantic association of forensic scientists,7
university of toronto,7
federal bureau of investigation (fbi),7
yale psychiatric institute,7
american psychological society,7
wiley,7
yale university school of medicine,7
university of colorado,7
nbcuniversal news group,7
plenum press,7
western psychological association,7
florida state university,7
nbc news,7
sdny usao,7
journal of interpersonal violence,7
manhattan district attorney's office,7
deutsche bank ag,7
"blds, llc",7
usam,7
"boies, schiller & flexner llp",7
boies schiller firm,7
usi film products,7
fifteenth judicial circuit,7
southern district,7
temple university,7
executive office for united states attorneys,7
american airlines,7
apga13tu,7
"atterbury, goldberger & weiss, p.a.",7
sanitation bureau of the town of palm beach,7
hollister,7
british airways p.l.c.,7
scbpo,7
walmart,7
youth eagle academy,7
correctional services,7
united states public health service,7
hyperion air inc,7
ga,7
lieutenant's office,7
mcc-new york,7
steptoe,7
u.s. probation officer,7
department of justice office of the inspector general,7
new york presbyterian-lower manhattan hospital,7
psychology services branch,7
minpeco s.a.,7
"conticommodity servs., inc.",7
new york state supreme court,7
"united states attorney's office, sdny",7
macalvins limited,7
office of international affairs,7
jpmorgan private bank,7
harvard,7
"southern district reporters, p.c",7
state attorney office,7
trilateral commission,7
kidder peabody,6
credit suisse first boston,6
globe newspaper co.,6
abc,6
the terramar project,6
winston & strawn llp,6
united states probation office,6
"the southern district reporters, p.c.",6
dailymail,6
the daily mail,6
columbia university,6
district attorney's office,6
probate court of the united states virgin islands,6
attorney general of the united states virgin islands,6
the new york times company,6
federal defenders,6
new york,6
us,6
maryland psychiatric society,6
cornell law school,6
mcgraw-hill,6
american society of questioned document examiners,6
florida international university,6
university of pittsburgh,6
f.b.i. academy,6
springer,6
american philosophical society,6
academic press,6
emory university,6
inner city press,6
university of washington,6
new england psychological association,6
association for women in psychology,6
google scholar,6
university of denver,6
thurgood marshall u.s. courthouse,6
federal grand jury,6
bank of america,6
johnson & johnson,6
lasalle bank nat'l ass'n,6
district courts,6
palm beach daily news,6
npa,6
boies schiller & flexner,6
florida science foundation,6
montgomery county district attorney's office,6
u.s. district court for the southern district of florida,6
usac-sdfl,6
office of professional responsibility (opr),6
palm beach police department (pbpd),6
"florida west int'l airways, inc.",6
florida state attorney's office,6
ap,6
salesforce,6
victim compensation fund,6
ins,6
sikorsky,6
palm beach school of the arts,6
air ghislaine inc.,6
new york strategy group,6
palm beach community college,6
criminal court,6
fye,6
virgin atlantic airways,6
international thespian society,6
department of highway safety and motor vehicles,6
usc,6
ba,6
office of chief medical examiner,6
ido,6
jmd,6
cab,6
psyd,6
philips respironics,6
ocme,6
gulfstream aerospace,6
uscourts,6
nbcuniversal,6
office of the chief medical examiner,6
harvard college,6
white house,6
nym-new york mcc,6
british military,6
security company,6
oia,6
n.h. dep't of health and human servs.,6
n.h. pub. radio,6
"haddon, morgan & foreman p.c",6
"haddon, morgan & forman p.c.",6
haddon morgan,6
ministère de la justice,6
ambassade des etats-unis d'amérique,6
manchestermapd,6
macalvins,6
defense experts/advisors,6
la pasada halfway house,6
united states district court southern district of new york,6
embassy of the united states of america,6
government of the united states,6
financial trust co,6
fedex express,6
securities and exchange commission,6
secretary of state,6
"the law offices of montell figgins, llc",6
police dept,6
palm beach atlantic college,6
fugees,6
riviera gaming management inc.,6
the uglyharts,6
deutsche bank alex. brown,5
office of the united states attorney,5
st. martin's press,5
nbc,5
marshals,5
appellate division,5
u.s. attorney’s office for the southern district of new york,5
association of the bar of the city of new york,5
bbc,5
independent,5
7th cir.,5
nyt,5
"southern district repters, p.c.",5
press-enter. co.,5
google,5
9th cir.,5
land registry,5
national geographic,5
psychonomic society,5
clinical geriatrics,5
federal defenders of new york,5
springer-verlag,5
elsevier,5
american psychological association press,5
riley welch laporte & associates forensic laboratories,5
mcgraw hill,5
mcgill university,5
statistics canada,5
"corning, inc.",5
yale new haven hospital,5
university of nevada,5
guilford,5
mayo clinic,5
snapchat,5
british psychological society,5
national institute of mental health,5
leiden university,5
john jay college of criminal justice,5
epstein victims' compensation fund,5
new york city,5
united states department of the treasury,5
"university of nevada, reno",5
the estate of jeffrey epstein,5
federated department stores,5
boy scout,5
e.e.o.c.,5
bloomberg l.p.,5
miami herald media company,5
american academy of forensic psychology,5
united states postal service,5
state,5
louis vuitton malletier s.a.,5
u.s.c.,5
u.s. department of labor,5
"boies schiller & flexner, llp",5
haddon morgan foreman,5
peacock,5
fourth circuit,5
new york police department,5
eousa,5
affiliated fm ins. co.,5
appellate section,5
senate judiciary committee,5
labor department,5
the business insider,5
nbc nightly news,5
mcclatchy washington bureau,5
united states attorneys' manual,5
boies schiller & flexner llp,5
civil division,5
palm beach state attorney's office,5
cfw const. co.,5
sprint,5
u.s. district court for the southern district of new york,5
"soutern district reporters, p.c.",5
interlochen center for the arts,5
morgan,5
"aeronaves del peru, s.a.",5
lm beach police department,5
epstein organization,5
toys for tots,5
summit christian school,5
town of palm beach,5
at&t wireless,5
saggas international,5
afdcs,5
hdq,5
epstein sachs pllc,5
amadeus internet booking,5
opa,5
amadeus internet,5
new york presbyterian lower manhattan hospital,5
pio,5
cja,5
reentry services division,5
fmb,5
the hill,5
bop-cpd,5
control center,5
assistant u.s. attorneys,5
sentry,5
unite,5
court-2,5
international criminal court,5
district of new mexico,5
the guardian,5
cdc,5
"haddon morgan & foreman, p.c.",5
fedex revenue services,5
pretrial services agency,5
commonwealth of massachusetts,5
government of the united states of america,5
i.n.s.,5
calendar team,5
"aidala, bertuna & kamins pc",5
professional standards unit,5
council on foreign relations,5
simon youth foundation,5
american federation of teachers,5
cingular cellular service,5
otis elevator co.,4
u.s. court,4
westlaw,4
jenkens & gilchrist,4
calphalon,4
newell,4
yale l.j.,4
"law offices of joel b. rudin, p.c.",4
usdc sdny,4
u.s. marshals,4
georgetown j. legal ethics,4
tsa,4
fordham university,4
senate committee on the judiciary,4
house of representatives,4
texaco inc.,4
louisiana land & exploration co.,4
superior court of the virgin islands,4
j&g,4
n.y. sup. ct.,4
epsteinvcp,4
jury clerk,4
basic books,4
spodek law group p.c.,4
jenkins & gilchrist,4
itv,4
catholic church,4
ny times,4
the american lawyer,4
legal times,4
"kramer, levin, naftalis & frankel",4
d.c. circuit,4
press-enterprise co.,4
newsweek,4
jenkins and gilchrist,4
departmental disciplinary committee,4
bloomingdales,4
british press,4
national association of criminal defense lawyers (nacdl),4
10th cir.,4
philip morris,4
hofstra university school of law,4
georgia state university college of law,4
media,4
brune & richard law firm,4
new york southern - manhattan,4
university of illinois,4
new york academy of sciences,4
university of virginia school of law,4
nat'l union fire ins. co.,4
l.e. myers co. group,4
"baxter diagnostics, inc.",4
"novatek med., inc.",4
tvt recs.,4
island def jam music grp.,4
"united realty advisors, lp",4
barry university dwayne o. andreas school of law,4
orlando police department,4
american bar association (aba),4
park dietz & associates,4
eye movement desensitization and reprocessing international association (emdria),4
crc press,4
lawrence erlbaum associates,4
pace law school,4
at&t,4
harvard university press,4
atla,4
merck & co.,4
d.e.'s office,4
wkmg-tv channel 6,4
american society of questioned document examiners (asqde),4
robert wood johnson foundation,4
guilford press,4
public corruption,4
roberts attorneys,4
lexington books,4
journal of forensic sciences,4
5th cir.,4
loyola university school of medicine,4
brown,4
davis wright tremaine llp,4
mcgraw-hill medical,4
association of government attorneys in capital litigation,4
epstein fund,4
johns hopkins hospital,4
american college of forensic examiners institute,4
halifax medical center,4
alpert medical school of brown university,4
university of portsmouth,4
northwestern law school,4
celebrity cruises inc.,4
essef corp.,4
international society for traumatic stress studies,4
american anxiety disorders association,4
"jdl services, inc.",4
american public health association,4
national center for prosecution of child abuse,4
the supreme court,4
covington & burling llp,4
slate,4
university of oslo,4
advisory committee,4
orlando sentinel,4
"university of california, irvine school of law",4
princeton university,4
tribune company,4
usao sdfl,4
syracuse law school,4
new york state anti-corruption office,4
university of colorado at boulder,4
oregon law review,4
us government,4
broward county crime commission,4
stop it now,4
nat'l r.r. passenger corp.,4
"merrell dow pharmaceuticals, inc.",4
gen. elec. co.,4
kumho tire co.,4
city of n.y.,4
providence college,4
john wiley and sons,4
"nat'l broad. co., inc.",4
u.s. fidelity and guar. co.,4
tiger machine co.,4
"threat assessment group, inc.",4
usps,4
dep't of justice,4
charles c. thomas,4
edny,4
kings county district attorney's office,4
"daily news, l.p.",4
int'l tel. & tel. corp.,4
the washington post,4
international tel. and tel. corp.,4
edwards pottinger,4
fbi florida office,4
manhattan federal court,4
child exploitation and obscenity section,4
doc,4
the florida bar,4
gao,4
department's civil rights division,4
cdo,4
palm beach county sheriff,4
enterprise,4
office of the solicitor general,4
office of justice programs,4
office of dispute resolution,4
office of violence against women,4
community oriented policing services,4
office of legal policy,4
office of legislative affairs,4
drug enforcement administration,4
national security division,4
justice management division,4
executive office for immigration review,4
professional responsibility advisory office,4
united states parole commission,4
national drug intelligence center,4
pennsylvania supreme court,4
boies schiller flexner,4
house,4
daniel patrick moynihan courthouse,4
"transworld mech., inc.",4
julliard,4
palm beach county school district,4
school of the arts,4
interlochen arts academy,4
united states of am,4
airlines,4
john jay college,4
boca raton resort,4
warner brothers,4
town of palm beach police department,4
epstein & co,4
publix,4
delta,4
department of motor vehicles,4
royal family,4
ralph lauren,4
continental airlines,4
atterbury goldberger weiss,4
british airways,4
marshall's,4
fcic,4
"atterbury, goldberger & weiss, p.a",4
gator gun,4
dropkick murphys,4
the smashing pumpkins,4
the white stripes,4
the beatles,4
r&d,4
bureau of prisons (bop),4
epstein sacks pllc,4
bop-rsd,4
mlp,4
radaronline,4
r&d staff,4
mcc-new york psychology services department,4
sk skyp,4
harvard foundation,4
cnbc,4
northeast regional office,4
nysd.uscourts.gov,4
tmz,4
bop-ipp/public affairs,4
mcc new york shu,4
nbcnewyork,4
bopware,4
washington examiner,4
u.s. marshals service,4
lexisnexis,4
us district court - sdny,4
court-1,4
santa fe county detention center,4
midland asphalt corp.,4
puerto rico aqueduct & sewer auth.,4
"metcalf & eddy, inc.",4
beneficial indus. loan corp.,4
other authorized persons,4
commonwealth secretariat,4
usp florence admax,4
6kbw college hill,4
crown prosecution service,4
echr,4
ecf,4
"searcy denney scarola barnhart & shipley, p.a.",4
state department,4
dell computer corporation,4
parts,4
cesco,4
"lsj, llc.",4
"msw media, inc.",4
texaco,4
institution-1,4
"martin g. weinberg, p.c.",4
investigating chamber,4
nomura asset capital corp.,4
"port consol., inc.",4
"int'l ins. co. of hannover, plc",4
uspo,4
united states magistrate judge,4
"bureau of alcohol, tobacco & firearms",4
fed. labor relations auth.,4
i.r.s.,4
"the law offices of montell figgins,llc",4
district executives office,4
pb bsf unit,4
bell south telecommunications,4
barnes and noble,4
bellsouth telecommunications,4
joe g. maloof company,4
bgk equities iii llc,4
new democrat network,4
carmines,4
main street news,4
ballet florida,4
afscme,4
albuquerque tribune,4
jege inc,4
ted's sheds,4
palm beach county - clerk of court,4
democratic governors association,4
roll-royce,4
conde nast,4
univision,4
police dept.,4
daily mail online,3
estate of jeffrey e. epstein,3
september 11th victim compensation fund,3
probation or pretrial services office,3
"mcdonough power equipment, inc.",3
f.3d,3
n.d.n.y.,3
mit press,3
clinton global initiative,3
brooklyn law school,3
henri bendel new york,3
lexitas,3
new york's fit,3
federal election commission,3
alex brown,3
chase manhattan bank,3
pbs,3
u.s. const.,3
united states sentencing guidelines,3
scotus,3
oath keepers,3
new york medical college,3
new york university school of law,3
jenkins,3
superior ct. of california,3
rmi co.,3
superior ct. of cal.,3
university of south carolina law school,3
flaschner judicial institute,3
loyola university chicago school of law,3
bankers trust,3
mailonline,3
u.s.s.g.,3
probate court,3
university of chicago,3
marsh law firm pllc,3
d. mass.,3
united states treasury,3
epstein's estate,3
fordham urban law journal,3
oxford,3
counsel of record,3
enron,3
merriam-webster,3
university of virginia school of medicine,3
mdc legal counsel,3
verschleiser,3
tulane university school of public health,3
mclean hospital,3
association of trial lawyers of america,3
"peteski productions, inc.",3
office of the u.s. attorney,3
journal of experimental psychology,3
memory and cognition,3
taylor & francis group,3
alpert school of medicine,3
random house,3
university of wisconsin,3
new school for social research,3
ohio state university,3
university of utah,3
simon fraser university,3
alpert medical school,3
marshall university,3
allstate,3
imdb,3
international association of chiefs of police,3
division of trauma psychology,3
nichd,3
psycinfo,3
dallas morning news,3
legal information institute,3
abbott laboratories,3
lockheed martin,3
amgen,3
commonwealth of pennsylvania,3
john wiley,3
foundation for american communications,3
northwestern university,3
american society for industrial security,3
bureau of justice statistics,3
american psychiatric press,3
tiktok,3
time magazine,3
western psychological assn,3
rice university,3
exploratorium,3
n.d. ill.,3
national research council,3
university medical centre utrecht,3
"lvl xiii brands, inc.",3
journal news,3
royal australian & new zealand college of psychiatrists,3
orlando police academy,3
the free press,3
american association for the advancement of science,3
society of experimental psychologists,3
royal society of edinburgh,3
eastern psychological assn,3
american psychologist,3
new york penal law,3
pace law review,3
us attorney's office,3
california attorneys for criminal justice,3
california state university,3
university of missouri,3
rocky mountain psychological assn,3
foundation for critical thinking,3
national american psychological association,3
levi strauss,3
caterpillar,3
american psychology-law society,3
brunner-routledge,3
hogarth press,3
criminal law bulletin,3
the reporter dispatch,3
irs-ci,3
american society of criminology,3
"ups ground freight, inc.",3
university of south florida department of psychiatry,3
eastern district of virginia,3
world bank,3
u.s. state department,3
eastern psychological association,3
"taylor & francis group, llc",3
"university of california, irvine",3
georgetown university law center,3
miami university,3
university of haifa,3
penn state university,3
brunner/mazel,3
department of dcyf,3
university of southern california,3
"richmond newspapers, inc.",3
uci,3
national science foundation,3
sears canada,3
national food processors association,3
people,3
the journal of pediatrics,3
american imago; a psychoanalytic journal for the arts and sciences,3
diseases of the nervous system,3
journal of the american academy of child psychiatry,3
journal of the american psychoanalytic association,3
australian & new zealand journal of criminology,3
cornell,3
johns hopkins,3
university of virginia school of law and school of medicine,3
"university of california, los angeles (ucla)",3
psychiatric times,3
"baker tilly virchow krause, llp",3
university of california-irvine,3
iowa,3
new york state,3
u.s. census bureau,3
delaware,3
dea,3
city of san jose,3
sessions,3
the haworth press,3
u.s. bureau of prisons,3
"farmer jaffe weissing edwards fistos & lehrman, p.l.",3
federal rules of evidence,3
"don king productions, inc.",3
florida district court of appeal,3
mail on sunday,3
foundation,3
crimes against children unit,3
"farmer, jaffe, weissing, edwards, fistos & lehrman, p.l.",3
"bp products north america, inc.",3
court of appeals for the eleventh circuit,3
palm beach county work release program,3
harvard law,3
n.y. post,3
computer crime and intellectual property section,3
u.s. attorney's office for the middle district of florida,3
state attorney's office for the 15th judicial circuit,3
department's office of legal programs,3
u.s. court of appeals for the eleventh circuit,3
path to justice,3
united states government accountability office (gao),3
florida department of corrections,3
u.s. court of appeals for the fifth circuit,3
guggenheim museum,3
"department in washington, d.c.",3
u.s. dept. of homeland security,3
office of the victims' rights ombudsman,3
national labor relations board,3
new york city chief medical examiner,3
"senate judiciary subcommittee on oversight, agency action, federal rights and federal courts",3
department of justice office of legislative affairs,3
u.s. virgin islands,3
u.s. attorneys' offices,3
usafls,3
department's office for victims of crime,3
department's computer crime and intellectual property section,3
forbes,3
palm beach county school board,3
pepperdine university school of law,3
maryland court of appeals,3
executive office for the united states,3
office of information and privacy,3
foreign claims settlement commission,3
antitrust division,3
tax division,3
environment and natural resources division,3
community relations service,3
office of intergovernmental and public liaison,3
u.s. national central bureau interpol,3
office of the federal detention trustee,3
office of the pardon attorney,3
florida international university college of law,3
u.s. sentencing commission,3
armed forces of the united states,3
national enquirer,3
cassadaga valley cent. school dist.,3
nbc new york,3
s.j. quinney college of law at the university of utah,3
starbucks,3
palm beach county detention facility,3
federal aviation administration,3
immigration and naturalization service,3
courts,3
bloomberg news,3
amazon,3
new york department of state,3
rhode island department of health,3
missouri department of health and senior services,3
calea,3
hyperion air,3
palm beach county school,3
accessdata,3
epstein & co.,3
gmax,3
mit,3
epstein,3
quantico,3
law enforcement agency,3
"ricci-leopold, p.a.",3
towers condominium,3
olive garden,3
adult detention center,3
consor & associates reporting and transcription,3
radioshack,3
p.t. garuda indonesia,3
"herman & mermelstein, p. a.",3
juvenile assessment center,3
ricci-leopold,3
green's pharmacy,3
ross department store,3
mcdonalds,3
burgerking,3
palm beach county court,3
"l.d. murrell, p.a.",3
west palm beach police department,3
radio head,3
the strokes,3
no doubt,3
weezer,3
the used,3
tdf,3
u.s. carrier,3
cbp-palm beach,3
fhe,3
mount sinai hospital,3
odag,3
udc,3
fnys,3
ey,3
mcc-ny,3
beekman hospital,3
federal bureau of prison,3
nycec,3
us marshals,3
ner correctional services,3
nymhg,3
nymgz,3
nymcm,3
pharmacy,3
sis office,3
metropolitan correctional center (mcc),3
nytimes,3
u. s. department of justice,3
j.s. department of justice,3
nym psyd,3
skynet,3
usm,3
company 1,3
legal department,3
e/w ops,3
cst,3
"information, policy and public affairs division",3
times reporter,3
case management coordinator,3
steptoe.com,3
bro,3
united states marshals service (usms),3
nym/exec assistant,3
correctional service department,3
ny1 news,3
usao for the sdny,3
news 12,3
inspector general,3
criminal justice advisory board,3
treasury department,3
commodity futures trading commission,3
israeli embassy,3
cohn & gresser llp,3
fed. bureau of prisons,3
"ly usa, inc.",3
genovese crime family,3
office for the international mutual assistance in criminal matters,3
coopers & lybrand,3
new york counsel,3
"federal defenders of new york, inc.",3
federal arbitration (fedarb),3
swift bank,3
who,3
union européenne,3
cour européenne des droits de l'homme,3
swiss bank,3
english bank,3
united states treasury department,3
"terramar project, inc.",3
u.k. government,3
hong kong,3
united states customs and border protection,3
moj,3
marshal service,3
french court de cassation,3
directorate of criminal affairs & pardons,3
real clear politics,3
ecthr,3
binder & schwartz,3
jpmorgan chase bank,3
gemini ernst & young,3
united states senate,3
lever,3
frédéric fekkai,3
babor,3
d.d.c.,3
berlioz & co.,3
kiehl's,3
arm & hammer,3
adams,3
united states attorney general,3
insurance company,3
j.p. morgan,3
edwards henderson,3
jp morgan chase bank,3
revlon,3
palm beach schools,3
new york city police department (nypd),3
"martin g. weinberg, pc",3
board of examiners of sex offenders,3
"allred, maroko & goldberg",3
prosecutor's office,3
public company accounting oversight board,3
new york stock exchange,3
government of the united kingdom of great britain and northern ireland,3
new mexico department of public safety,3
house of lords,3
state of new york,3
food & drug admin.,3
brown & williamson tobacco corp.,3
hudson valley black press,3
eastern district of new york,3
el zorro ranch corporation,3
j epstein and company,3
financial strategy group,3
court of appeal,3
town of ponce inlet,3
subaru distribs. corp.,3
"subaru of am., inc.",3
"u.s. attorney's office, southern district of new york",3
fci danbury,3
district of new jersey,3
clerk,3
ny times company,3
"american broadcasting companies, inc",3
nbc universal news group,3
foy & seplowitz llc,3
"sponsor & associates reporting and transcription, inc.",3
military personal against forsake the troops.info,3
directv,3
democratic party,3
communication workers of america,3
quarterdeck tavern,3
t-mobile usa,3
ohio savings bank,3
the smoking gun,3
skatezone underground,3
sa mighdolls office,3
limitedbrands,3
royal palm,3
wexner foundation,3
state's attorney,3
bellsouth accounts receivable management,3
t-mobile wireless,3
california state bar,2
superior court of the u.s. virgin islands,2
the federal judicial center,2
jury department for the southern district of new york,2
city of providence,2
cir.,2
s.d. miss.,2
d. nev.,2
ig,2
mckinsey,2
deutsche bank alex brown,2
union capital llc,2
zuckerman spaeder,2
sixth amendment,2
society of american law teachers,2
westview press,2
foundation press,2
stanford law review,2
"kostelanetz & fink, llp",2
"bdo usa, llp",2
"shapiro, arato & isserles llp",2
cardozo l. rev.,2
mich. l. rev.,2
pitt. l. rev.,2
ohio st. l.j.,2
u.c. davis l. rev.,2
the record of the assoc. bar city of n.y.,2
j. legal ed.,2
u. pa. l. rev.,2
the new york law journal,2
the national law journal,2
d. conn.,2
brune lawyers,2
bar association,2
decision quest,2
the aspen institute,2
hofstra l. rev.,2
valparaiso l. rev.,2
washington u. l. rev.,2
ariz. l. rev.,2
defense l.j.,2
ind. l. rev.,2
fla. st. l. rev.,2
j. inst. study of legal,2
altheimer & gray,2
shumaker loop & kendrick,2
u.s. embassies,2
"warner and gillers, p.c.",2
"society of american law teachers, inc.",2
committee for public justice,2
"paul, weiss, rifkind, wharton & garrison",2
federal district court for the district of oregon,2
a.b.a. commission on women in the profession,2
p. beiersdorf & co.,2
u.s. virgin islands probate court,2
yeshiva university,2
cardozo law school,2
pfizer inc.,2
mail online,2
legal affairs,2
slate.com,2
paul weiss,2
eastern district,2
criminal court of the city of new york,2
winslow arizona police department,2
criminal court of the city of yonkers,2
criminal court of the city of new rochelle,2
new jersey department of corrections,2
nassau county,2
new york state office of court administration,2
aspen law & business,2
"little, brown & co.",2
new american library,2
cisco,2
"oxford bloomfield investors, inc.",2
penn state,2
paramount plus,2
yahoo,2
detroit news,2
grievance committee,2
fifth avenue forensics,2
nyu law school,2
city university of new york,2
access data ad lab,2
federal defenders office,2
jenkins firm,2
"carbon inv. partners, llc",2
ingle communications,2
nyccfb,2
colorado department of revenue,2
south carolina l. rev.,2
harv. int'l l.j.,2
supreme court appellate division,2
new jersey supreme court,2
u.s. virgin islands court,2
new hampshire supreme court,2
cbs,2
first judicial department,2
palm beach fbi,2
"116 east 65th street, llc",2
indep. cmty. bankers of am.,2
bd. of governors of fed. rsrv. sys.,2
immigr. & customs enf't,2
mcdonough power equip.,2
wis. dep't of corr.,2
atlanta journal and constitution,2
jenner & block llp,2
"stetler duffy & rotert, ltd.",2
new york university medical center,2
pennie & edmonds llp,2
brune & richard llp,2
mirror,2
bar leader,2
toronto star,2
new york bar,2
aba's center for professional responsibility,2
aba's ethics 20/20 commission,2
us district attorney's office,2
ibm,2
the hogarth group,2
"supreme court, appellate division",2
pierre hotel,2
u.s. dist. ct. for cent. dist. of cal.,2
"newsday, inc.",2
westchester department of community mental health,2
maxwell institute,2
st. vincent's,2
valparaiso university school of law,2
pace university school of law,2
aba appellate judges' seminar,2
university of georgia school of law,2
south carolina bar foundation,2
law firm,2
acca,2
new york professional responsibility report,2
touche ross,2
alex brown & sons,2
first department in new york court of appeals,2
spodek law group,2
"haddon, morgan & foreman",2
jenkens and gilchrist,2
microsoft corp.,2
"facebook, inc.",2
wright & miller,2
"abc, inc.",2
american psychiatric publishing,2
shopper's travel,2
program,2
connecticut law tribune,2
fulton county daily report,2
recorder,2
pitney bowes management services,2
association of american law schools,2
new york state blue ribbon commission,2
independent democratic judicial screening panel,2
bernstein litowitz berger & grossman llp,2
un,2
new jersey,2
washington,2
guidelines,2
brooklyn l. rev,2
assoc bar of the city of n.y,2
ga. st. l. rev,2
terramar,2
rcfp,2
terramar project,2
"sun pharm. indus., inc.",2
"mcdonough power equip., inc.",2
jury department of the southern district of new york,2
united nations,2
ted,2
ussg,2
overton,2
morel,2
"ryan c. w. hall, md, pa",2
university of florida,2
tampa bay psychiatric society,2
pfizer,2
south central center for public health preparedness,2
alabama department of public health,2
sinai hospital,2
university of alabama birmingham,2
forensic mental health association of california,2
harbor-ucla medical center,2
law enforcement coordinating committee,2
john wiley & sons ltd,2
medical university of south carolina,2
inter university consortium for political and social research,2
trinity college,2
the liffey press,2
jessica kingsley publishers,2
robert project,2
fordham university school of law,2
judicial institute,2
orange county district attorney's office,2
cbs television distribution group,2
cbs paramount domestic television,2
american psychological association (apa),2
association for women in psychology (awp),2
international society for the study of trauma and dissociation (isstd),2
massachusetts psychological association,2
new england society for the treatment of trauma and dissociation (nesttd),2
rhode island psychological association (ripa),2
moses brown school,2
quest montessori school,2
american psychiatric association publishing,2
mcfarland & company,2
"keystone foods holdings, ltd.",2
"tyson foods, inc.",2
international association for identification,2
rochester institute of technology,2
american board of forensic document examiners,2
district of maine,2
dutch national psychotrauma centre,2
rape centre in the netherlands,2
"the farm, inc.",2
university of alabama at birmingham,2
university of windsor,2
schering-plough,2
kluwer,2
american burn association,2
university of oregon,2
university of kansas,2
university of minnesota,2
university of lethbridge,2
lawrence university,2
"university of california, san diego",2
north carolina academy of trial lawyers,2
university of massachusetts,2
mcmaster university,2
brandeis university,2
oklahoma state university,2
judge advocate general's school,2
law society of upper canada,2
yale university,2
"university of california, berkeley",2
canadian bar association,2
university of central florida,2
alabama psychiatric physicians association,2
cbs corp.,2
"merrell dow pharms., inc.",2
orlando medical news,2
fox 35 news,2
korea educational broadcasting system,2
sarasota herald-tribune,2
canadian broadcasting corporation,2
cbc radio,2
caras magazine,2
delaware news journal,2
the dallas morning news,2
elihealthcare.com,2
george washington university,2
marymount university,2
western digital corporation,2
jury administrator,2
academy of criminal justice sciences,2
new york state police academy,2
princeton university press,2
noba,2
psycarticles,2
educational resources information center,2
canadian research index,2
international bibliography of the social sciences,2
published international literature on traumatic stress,2
sociological abstracts,2
social service abstracts,2
applied social science index and abstracts,2
wftv channel 9 news,2
the discovery channel,2
channel 13,2
nova,2
bucks county courier times,2
foxnews.com,2
talk radio 1210 wpht,2
internal medicine news,2
"wttg-fox5 washington, dc",2
pittsburgh post-gazette,2
scientific american,2
bureau of prison,2
pitney bowes,2
3m,2
ameriprise financial,2
oxford univ press,2
chicago tribune,2
federal rule of evidence,2
"trauma, violence, & abuse",2
executive office of the president of the united states,2
american academy of forensic sciences (aafs),2
reach md xm radio,2
md consult,2
the korean broadcasting system,2
sarmac,2
midwestern psych assn,2
western psych assn,2
nova science,2
journal of psychiatric practice,2
vt.,2
n.y. app. div.,2
conn. app. ct.,2
or.,2
tex. app.,2
university of ottawa,2
usmlerx.com,2
newsday llc,2
federal courts,2
springer international,2
karger,2
sage open,2
j am acad psychiatry law,2
michie co.,2
maricopa county district attorney's office,2
johns hopkins school of hygiene and public health,2
georgetown university school of medicine,2
sinai hospital of baltimore/johns hopkins,2
case western reserve university,2
american board of forensic medicine,2
national board of physicians and surgeons,2
hennepin county medical center,2
louisiana state university health sciences center,2
apopka community health center,2
loews ventana canyon resort,2
daytona usa,2
westfield college,2
"lisa m. rocchio, ph.d. & associates, inc.",2
associates in psychotherapy,2
aba publishing,2
wells fargo bank,2
american journal of trial advocacy,2
colorado defense lawyers association,2
california judicial studies,2
cleveland-marshall law school,2
ohio assn of criminal defense lawyers,2
arizona state university,2
orange county health department,2
florida department of health,2
indienomicon,2
melrose center,2
federal agents,2
the amazing meeting (tam),2
forensic mental health assn of california,2
international congress of psychology,2
harbor ridge women's group,2
southwest psychology conf.,2
american psych assn,2
town & gown,2
american assn of law schools,2
university of arizona,2
sandoz pharms,2
"cbs studios, inc.",2
international criminal investigative analysis fellowship,2
boise cascade,2
northwestern university law school,2
national legal aid & defender assn,2
california state univ.,2
tennessee assn of criminal defense lawyers,2
indiana university,2
university of north carolina,2
fms foundation,2
new york state bar journal,2
anxiety disorders association of america,2
macmillan,2
john wiley & sons,2
american academy of arts & sciences,2
global forensic and justice center,2
office of investigative and forensic sciences,2
rozek company,2
american society of law and medicine,2
group for the advancement of psychiatry,2
johns hopkins medical and surgical association,2
crime victims' rights act,2
orange county sheriff's office,2
"bell & roper, pa",2
internet crimes against children task force,2
commonwealth of kentucky,2
international center for settlement of disputes (icsid),2
uniformed services university of health sciences,2
rocky mountain emotional trauma symposium,2
pathways treatment center,2
international society of political psychology,2
ri coalition against domestic violence,2
office of the public defender,2
warner bros.,2
goldsmiths college,2
the new school,2
holland & knight llp,2
adelphi university,2
"university of california, riverside",2
seattle forensic institute,2
"university of texas, austin",2
national child abuse defense & resource center,2
national institute of health,2
false memory syndrome foundation,2
tag,2
dublin city university,2
child welfare research portal,2
federal rules advisory committee,2
courtroom connect,2
pacific standard,2
the ledger,2
md magazine,2
catholic news service,2
tampa bay times,2
90.7 wmfe orlando,2
fox 35 orlando,2
painewebber,2
the semel institute for neuroscience & human behavior at ucla,2
national association of college and university attorneys,2
cook cty.,2
multi health systems,2
pearson assessment and information b.v.,2
american academy of child and adolescent psychiatry,2
national criminal justice reference service,2
virginia homicide investigators association,2
center for inquiry,2
chautauqua institution,2
dickinson college,2
orange county stanford assn,2
stanford law school,2
barry law school's health law society,2
2017 federal criminal practice seminar,2
florida gang investigators association,2
ama-yps,2
orange county medical society,2
american bar assn,2
university of stockholm,2
british psych society,2
mcgeorge school of law,2
reed college,2
american psychological assn,2
merrill lynch,2
university of south florida college of behavioral and community sciences,2
psych corp,2
pearson,2
psychcorp,2
readytalk.com,2
usa district attorney,2
new haven hospital,2
st. joseph's hospital,2
north providence school department,2
diagnostic assessment services,2
"department of children, youth, and families",2
college counseling center,2
travelers worker’s compensation trial advocacy program,2
trauma science research group,2
newkirk center for science & society,2
general services administration,2
burg simpson,2
mcconaughy & sarkissian,2
lowe fell & skogg,2
hutchinson black and cook,2
colorado bar association,2
city of santa rosa,2
mead corporation,2
pacific coast labor & employment law conference,2
johns hopkins med j,2
case western reserve school of medicine,2
alabama psychiatric society,2
university of san diego,2
physicians society central florida,2
sinai hospital department of medicine,2
the academy of psychosomatic medicine,2
midwestern psychological assn,2
committee for the scientific investigation of claims of the paranormal (csicop),2
university of washington medical school,2
national center for health services research,2
american psychological foundation,2
"u.s. west, inc.",2
visa international,2
university of california irvine,2
boston university,2
public corruption unit,2
twin cities security partnership,2
american college of clinical pharmacy,2
brown alpert school of medicine,2
new england society for the treatment of trauma and dissociation,2
rhode island primary care physician's corporation,2
division 56 of the american psychological association,2
fellows ethics workshop,2
plenum,2
office of the attorney general,2
monmouth county prosecutor's office,2
"haddon, morg & foreman p.c.",2
coventry university,2
university of kent,2
national organisation for the treatment of abusers,2
routledge taylor & francis group,2
orlando magazine,2
central florida psychiatric society,2
florida senate banking and insurance committee,2
maryland house judiciary committee,2
haworth maltreatment and trauma press,2
"the haworth press, inc.",2
handsell,2
academy of psychosomatic medicine,2
ohio psychiatric association,2
specialty society section (sss) governing council,2
palmieri,2
defaria,2
hannigan,2
rapp,2
fowler,2
seymour,2
bache & co.,2
spencer,2
tome,2
annunziato,2
manson,2
metro n. commuter r. co.,2
"59 murray enterprises, inc.",2
primavera familienstifung,2
bradley hospital,2
international society for the study and treatment of trauma and dissociation (isstd),2
american academy of forensic psychology (aafp),2
behavioral technology transfer group,2
"sage publications, inc.",2
cap. mgmt. select fund ltd.,2
"cmm cable rep., inc.",2
"ocean coast properties, inc.",2
"med. world commc'ns, inc.",2
"cook cty., illinois",2
"refco cap. markets, ltd.",2
city of kingston,2
american academy of child psychiatry,2
florida division of emergency management,2
ucf psychsign group,2
ibm corp.,2
amedd forensic psychiatry course,2
walter reed army medical center,2
highland capital mgmt.,2
u.s. suzuki motor corp.,2
university of ri,2
dushkin publishing group,2
national academies of science,2
houghton mifflin,2
ashgate,2
nature publishing group,2
fraternal order of police,2
law enforcement assistance administration,2
university of washington law school,2
university of tennessee,2
ninth circuit public defender,2
annals of long-term care,2
psychiatrictimes.com,2
dement geriatr cogn disord,2
mayo clin proc,2
psychiatrist.com,2
j clin psychiatry,2
new york academy of medicine,2
florida,2
lab. corp. of am.,2
science,2
new york state police,2
raytheon,2
massachusetts,2
canadian psychiatric association,2
clarke institute of psychiatry,2
superior court of california for riverside cty.,2
blue cross blue shield of ri,2
coalition of mental health providers in ri,2
healthsource ri,2
rhode island primary care physicians corporation behavioral health network,2
rhode island and southeastern massachusetts trauma study group,2
marx & co.,2
"diners club, inc.",2
cibc inc.,2
fbi academy,2
national psychotrauma center for children and youth,2
university medical center utrecht,2
department of pediatrics,2
acta,2
university of amsterdam,2
vu university,2
school of health sciences,2
salford university,2
ku eichstaett ingolstadt,2
new york investigation,2
national institute of child health and human development,2
yokohama rubber co. ltd,2
stamford tyres int'l pte ltd,2
state university of new york at stony brook,2
u.s. department of education,2
las vegas review journal,2
south wales evening post,2
the dominion post,2
u.s. department of commerce,2
johns hopkins university school of medicine,2
california,2
kentucky,2
alaska,2
american journal of psychology,2
jurimetrics journal,2
journal of psycholinguistic research,2
prentice hall,2
american journal of orthopsychiatry,2
the psychoanalytic study of the child,2
orthomolecular psychiatry,2
social service review,2
journal of clinical child psychology,2
social problems,2
british journal of medical psychology,2
the international journal of psychoanalysis,2
"merrell dow pharm., inc.",2
weinstein's federal evidence,2
arista records llc,2
ucla school of medicine,2
pa,2
pepsico,2
university of california press,2
florida state senate,2
novartis pharms. corp.,2
department of justice office of professional responsibility,2
blue cross/blue shield of ri,2
american statistical association,2
medtronic inc.,2
nike,2
department management,2
selective service system,2
united states probation officer,2
police department,2
home office,2
equal employment opportunity commission (eeoc),2
state attorney general,2
durham regional police department,2
cheltenham police department,2
temple,2
immigration,2
bowman dairy co.,2
dist. ct.,2
11th circuit court of appeals,2
"enter. mortg. acceptance co., llc",2
u.s. dept. of justice,2
fowler-white burnett,2
united states attorney's office (usao),2
cernovich media,2
"farmer, jaffe, weissig, edwards, fistos & lehrman, p.l.",2
j. stanley pottinger pllc,2
acuity reputation,2
colorado,2
county of sacramento,2
city of new haven,2
freddie mac,2
executive,2
department headquarters,2
"cantor fitzgerald, l.p.",2
us bank nat. ass'n,2
edwards pottinger llc,2
"boies, schiller & flexner, llp",2
supreme court of pennsylvania,2
court of appeals of maryland,2
palm beach county probation office,2
15th judicial circuit,2
da,2
n.y. daily news,2
n.y. rules of professional conduct,2
u.s. dept. of justice office of the inspector general audit division,2
law360,2
state attorney’s office,2
"united states court of appeals, second circuit",2
kaiser aluminum & chem. corp.,2
opportunity equity partners ltd.,2
u.s. postal service,2
department's criminal division's public integrity section,2
state bar of nevada,2
andover data servs.,2
senate ethics committee,2
usac,2
usa film products,2
w.d.n.y.,2
"boies, schiller and flexner llp",2
palm beach county sheriff's office (pbso),2
e.d. va.,2
colorado supreme court,2
united states court of appeals for the third circuit,2
wash. post,2
u.s. attorney for the southern district of florida,2
"bureau of alcohol, tobacco, firearms, and explosives",2
opp,2
bank of new york mellon trust co.,2
"morgan stanley mortg. capital, inc.",2
univ. of notre dame du lac,2
"penncro assocs., inc.",2
"sprint spectrum, l.p.",2
npr,2
amazon.com,2
"haddon, morgan, and foreman, p.c.",2
usa doj,2
usp coleman ii,2
federal correctional complex,2
new york state income tax authority,2
cso,2
interlochen school,2
palm beach school system,2
sacramento county,2
massachusetts department of public health,2
60 minutes,2
florida properties management,2
mar-a-lago club,2
university of texas at austin,2
new york state department of motor vehicles,2
"jege, incorporated",2
palm beach lakes high school,2
p.b. national bank,2
gateway incorporated,2
palm beach school district,2
uscs,2
u.s. customs service,2
interlochen school of music,2
ivy league school,2
brown university school of medicine,2
trump organization,2
owen company,2
palm beach county school of the arts,2
global roots,2
department of homeland security,2
survivors charter school,2
sikorsky aircraft corporation,2
victims' compensation fund,2
epstein's victims' compensation program,2
disney,2
nova south eastern university,2
united states national academy of sciences,2
"state of florida, probation pool department",2
american psychology law society,2
jp morgan bank,2
mellon bank,2
alexander w. dreyfoos school of the arts,2
marriott resorts,2
haifa university,2
jeffrey epstein victim compensation program,2
trump company,2
sikorsky aircraft,2
sam's club,2
survivor charter school,2
stanford,2
customs and border patrol,2
bliss spa,2
red door,2
elizabeth arden,2
palm beach national bank & trust company,2
treasury enforcement communication system,2
ncic,2
national crime intelligence center,2
karolinska institute,2
lennox hill hospital,2
jfk airport,2
g-l-i-m-c-h-e-r,2
air ghislaine,2
abercrombie & fitch,2
law enforcement agencies,2
new york state dmv,2
incubus,2
yale medical school,2
palm beach national bank & trust co.,2
epstein and company,2
iowa state,2
mexican drug cartel,2
boca raton resort and hotel,2
estate of epstein,2
new yorker magazine,2
united states marshal service,2
"air ghislaine, inc.",2
glimcher,2
federal express corporation,2
cart,2
disneyland,2
gateway computers,2
western union financial services,2
herman & mermelstein,2
city and county of honolulu,2
legislature,2
tecs,2
ricci leopold pa,2
era sunrise realty,2
air india,2
artica,2
virgin islands daily news,2
palm beach county grand jury,2
department of juvenile justice,2
"salnick & fuchs, p.a.",2
"atlantic bonding co., inc.",2
canopy beach resort,2
department of law enforcement,2
mgm grand las vegas,2
law office of guy p. fronstin,2
lm beach police departme,2
cabinet pinto,2
wal-mart,2
videocodezone.com,2
palm beach p.d.,2
highridge family center,2
greenacres,2
macdonalds,2
burger king,2
lipton,2
nestea,2
m beach police department,2
411.com,2
reunion.com,2
palm beac county - clerk of court,2
u.s. postal mail service,2
journey's,2
myspace records,2
mcgeorge l. rev,2
courier post,2
atterbury goldberger,2
"richardson & weiss, p.a.",2
delta air lines inc.,2
cypress hill,2
high ridge family center,2
"jpmorgan chase bank, n.a.",2
chase,2
"atterbury, goldberger & weiss",2
slightly stoopid,2
private aircraft enforcement system,2
"colonial bank, n.a.",2
dcs,2
cl,2
turning point,2
department of justice's office of inspector general,2
cr-hdq rm 1s,2
foia,2
amadeus-h,2
c/o,2
new york medical examiner's office,2
new york presbyterian hospital,2
sk,2
e.m.s,2
ag's office,2
lieutenants office,2
captain's secretary,2
usd,2
phx,2
the city of new york,2
mcc new york special housing unit,2
open skies (ec),2
nymie,2
nymd4,2
bureau of prisons health services,2
sanofi pasteur,2
cr-hdq,2
1ainv,2
nms labs,2
great lakes biomedical services,2
nyfd ems,2
bop staff,2
mcc ny public relations officer,2
dl,2
nymh3,2
ner,2
metropolitan correctional complex,2
cbp-newark,2
ds,2
office of the inspector general (oig),2
u.s. court of appeals for the second circuit,2
metropolitan correctional complex (mcc),2
clc,2
fci ray brook,2
u.s. doj,2
office of the warden,2
ag,2
bop-hsd/quality management,2
nero/health svcs admin,2
nero/regional director,2
florida department of law enforcement (fdle),2
e-courts,2
office of internal affairs,2
dow jones,2
ufc,2
nypost,2
huffpost,2
sis lt.,2
gothamist,2
public information office,2
ogc,2
federal bureau of prisons (bop),2
office of quality management,2
pds-bemr,2
fps,2
barclay damon,2
altice usa,2
u.s. pretrial services,2
parole commission,2
special investigative services,2
fdle,2
ny post,2
gov't,2
cftc,2
us marshal,2
us probation,2
"cohn & gresser, llp (nyc)",2
district court for the southern district of new york,2
"haddon, morgan and foreman, p.",2
sec. & exch. comm'n,2
"telligent, inc.",2
plumbers & pipefitters nat'l pension fund,2
u.s. dist. court for dist. of columbia,2
am. med. ass'n,2
federal rules of appellate procedure,2
american bar ass'n,2
fed. defs. of n.y.,2
bureau of 'pretrial punishment',2
us attorney's office (nh),2
roman catholic diocese of albany,2
united states district court for the district of new mexico,2
louis vuitton malletier,2
volmar distributors,2
metropolitan correction center,2
district of new york,2
kensington int'l ltd.,2
republic of congo,2
firestone tire & rubber co.,2
int'l telephone & telegraph corp.,2
"don king prods., inc.",2
pacer service center,2
court reporter,2
potential defense witnesses,2
bd. of educ. of albuquerque pub. sch.,2
wagner equip. co.,2
"federated towing & recovery, llc",2
praetorian ins. co.,2
servants of paraclete,2
n.y. civil liberties union,2
n.y.c. transit auth.,2
hartford courant co.,2
superior court of cal.,2
n.d. cal.,2
10th circuit,2
plumbers and pipefitters nat. pension fund,2
10th cir,2
french conseil d'etat,2
"united parcel service of america, inc.",2
haddon morgan firm,2
u.s. justice system,2
ministry of truth,2
united states marshal's service,2
santa fe jail,2
macalvin,2
lafontaine court,2
british authorities,2
upso,2
laude esquior champey,2
united states district of new york,2
morgan guaranty trust company of new york,2
hm land registry durham office,2
ny strategy group,2
f nancial trust company,2
the mar-a-lago club,2
american historical association,2
cessna,2
avonhurst legal services llp,2
dotted line global,2
good samaritan hospital,2
the limited inc,2
santo fee institute,2
financial trust,2
yellow cab,2
mason pearson,2
ob,2
london fog company,2
lawyers' committee for 9/11 inquiry inc.,2
clarins,2
clinique,2
aquaphor,2
secret,2
oral b,2
braun,2
interlochen public radio,2
the villard house,2
procter & gamble co.,2
the 1953 trust,2
msw media,2
boar's head,2
markus moss pllc,2
national security counselors,2
u.s. dep’t of justice,2
"laws.' comm. for 9/11 inquiry, inc.",2
utah appellate project,2
"cardinal brands, inc.",2
u.s. dist. court,2
u.s.d.j.,2
gillette,2
biolage,2
heineken,2
"ca florida holdings, llc",2
"j. epstein & company, inc.",2
hotel de la victoire,2
deutsche bank aktiengesellschaft,2
united states house committee on oversight and accountability,2
task force on the declassification of federal secrets,2
cowan and partners limited,2
halifax building society,2
supreme court of florida,2
chevron,2
llc,2
new york appellate division,2
holland & knight,2
etats-unis d'amérique,2
kirkland & ellis llp,2
kirkland & ellis international llp,2
hudson hall llc,2
manhattan review llc,2
the bloom firm,2
french code of criminal procedure,2
conseil d'etat,2
usa government,2
new york county district attorney's office,2
palm beach county sherriff's office,2
palm beach cbs local news,2
fci florence admax,2
public safety department,2
senate judiciary subcommittee,2
the defense,2
it,2
da's office,2
cbs 12 news,2
nlrb,2
u.s. attorney's,2
mossad,2
markus/moss,2
maryland,2
"boies, schiller, flexner, llp",2
french criminal code,2
united states authorities,2
united kingdom authorities,2
department of labor,2
counsel press,2
uk government,2
united states constitution,2
u.s. pretrial services department,2
ins. co. of n. am.,2
supreme court of colorado,2
steptoe & johnson,2
serious fraud office,2
supreme judicial court,2
board of bar overseers,2
palm beach state's attorney's office,2
usi film prod.,2
ghislaine corporation,2
chanel,2
united states pretrial services,2
united states attorney's office for the southern district of ny,2
us air,2
united airlines,2
court reporter/transcriber,2
united states inspector general,2
dep't of interior,2
n.l.r.b.,2
amnesty int'l usa,2
united states courts of appeals,2
u.s. pretrial services office,2
fausa,2
bristol hotel,2
union,2
management,2
united states pretrial services office,2
u.s. pretrial services officer,2
pts,2
government executive,2
c.i.r.,2
usao-edny,2
new york federal courts,2
sdny press corps,2
rfcf,2
u.s. attorney's office - sdny,2
foy & seplowitz,2
"eli lilly do brasil, ltda.",2
fed. express corp.,2
e.p.a.,2
manhattan correctional center,2
law office of roy black,2
ballet of florida,2
ricci leopold,2
"atterbury, goldberger",2
democratic party of new mexico,2
tesuque pueblo,2
phelps dodge employees' comm.,2
burlington northern & santa fe railway co.,2
adolescent pointe,2
aquila,2
atlas resources,2
ocvan,2
hillpac,2
l&m assets management,2
science applications international corp.,2
dtg operations,2
metro pcs,2
skate underg,2
skatezoneu,2
xerox corporation,2
ubs warburg,2
center for strategic and international studies,2
paul nitze school of advanced international studies,2
the carlyle group,2
new mexico corrections,2
gateway science & engineering inc.,2
glaxosmithkline,2
greer enterprises inc,2
h & s enterprises,2
integrated health services inc.,2
k&s electric co.,2
new york magazine holdings llc,2
ricci~leopold,2
cypress,2
j epstein & co.,2
thrifty,2
international union of operating engineers,2
ruidoso downs racing,2
ima inc.,2
national distributing company inc.,2
sempra energy,2
isleta pueblo,2
santa ana pueblo,2
southern sandoval investments ltd,2
washington group international,2
bell south,2
t mobile,2
burglary strike force,2
rockefeller institute,2
everglades club,2
temple emanu-el,2
island yachts,2
town of palm beach sanitation,2
pb sanitation,2
hsbc,2
chartwell partners,2
sacramento kings,2
palms casino and resort,2
rodriguez holland & co. pc,2
s/w tax loans farmington 2,2
san juan pueblo,2
sandia health pac,2
sbc communications inc.,2
sbc management services lp,2
sf brown ltd co.,2
shauna inc. dba solitaire homes,2
team events inc.,2
cap ii,2
sandia pueblo,2
adelphia cable,2
storage usa,2
committee to elect diane denish,2
ullico inc.,2
gallagher lewis downey and kim,2
mescalero apache tribe,2
forest city covington nm llc,2
sunray gaming of nm,2
nm building trades pac,2
the sdl trust,2
turner-windham llc,2
ua political action fund,2
verde investments inc.,2
villanueva capital corporation,2
wells fargo bank new mexico pac,2
westinghouse tru solutions,2
tiffany & co.,2
hyatt hotels,2
amanresorts,2
dalton,2
my chemical romance,2
controlled recovery inc,2
jack daniels,2
p2rs group,2
zuni pueblo,2
sandia asset management,2
the links at sierra,2
valero political acion committee,2
express scripts inc.,2
1199 seiu,2
doc martin,2
delta air lines,2
rp chautauqua airlines,2
the bang bros,2
girls gone wild,2
coeds need cash,2
l&m technologies,2
laborers' political league education fund,2
landow & company,2
shoop hardy & baca,2
lasco construction,2
law & resource planning associates pc,2
lion group llc.,2
little anita's mexican food inc.,2
lockridge grindal nauen pllp,2
marathon oil company pac,2
mega group,2
the downs at albuquerque,2
publishers clearing house,2
hawthorne aviation,2
republic consumer lending group,2
mortgage express,2
manufacturers hanover,2
u.s. federal reserve system,2
united fire,2
towers financial,2
pan american world airways,2
riddell sports inc.,2
state's attorney office,2
p&w,2
pharmacia & upjohn,2
palm beach fire department,2
jossip,2
detective,2
"consor & associates reporting and transcription, inc.",2
general electric company pac,2
phillip morris management corp.,2
jicarilla apache nation,2
wildpac,2
network architects,2
ibew educational committee,2
eight northern indian pueblos pac,2
el paso disposal,2
new mexico horseman's association pac fund,2
school board police,2
state attorney's office investigation division,2
the new albany company,2
pitre buick pontiac gmc,2
phillips petroleum co.,2
agua caliente band of cahuilla indians,2
aguaclora llc,2
al zuni east jewelry,2
al zuni hope inc.,2
albertsons,2
alon usa,2
american fowl fanciers,2
american society of anesthesiologists,2
american toyota,2
american water works service company,2
spicygear.com,2
"goldman, sachs & co.",2
u.s. news and world report,2
"new york, n.y. research institute",2
check 'n go of new mexico inc.,2
checkmate,2
chevron texaco corporation,2
circle s grocery,2
city national corporation,2
coa firefighters union,2
consumer installment loan association of nm inc.,2
crystal springs farm,2
dashpac,2
datcom,2
high ridge vocational school,2
royal palm hs,2
summit christian,2
miramax,2
project greenlight,2
st. joe minerals corporation,2
liveplanet,2
tj maxx,2
cemex inc.,2
cimarron exploration company,2
cozen o'connor pac,2
custer basarich ltd.,2
dunn kacal adams pappas & law,2
earth energy & environment llc,2
el paso energy service company,2
epv management inc.,2
four-four inc.,2
h & r block,2
hunt uptown ii llc,2
igt,2
the office of the state attorney,2
national compliance center,2
devon energy corp,2
dgp inc dba zia factory outlet,2
el dorado communications inc.,2
entravision communications co. llc,2
essence bottling co. inc.,2
falconridge development llc,2
first state bank,2
friends of antonio villaraigosa 2006,2
g. frost enterprises inc.,2
clarke american,2
federal reserve bank of new york,2
nbc/rca,2
investigative subpoena compliance center,2
publix super market,2
ods technologies lp dba tv games,2
palace restaurant,2
fairfax properties inc.,2
akal security,2
new mexico manufactured housing assn.,2
addus healthcare inc.,2
homeland security corporation,2
kbhome,2
united mine workers of america,2
t-mobile cellular,2
german bundestag,2
the prudential insurance co. of america,2
pennwalt,2
simon & schuster,2
wexner investments,2
town of palm beach sanitation office,2
armani exchange,2
u.s airways,2
"montgomery county, maryland health department",2
bb&t,2
branch banking and trust company,2
new mexico state fair,2
pueblo of sandia,2
"palm beach confidential, inc.",2
international assets group inc.,2
towers financial corporation,2
williams electronics inc.,2
st. joe minerals corp.,2
georgetown,2
post office,2
integrated control systems inc.,2
international brotherhood of electrical workers,2
new mexico conservation voters alliance,2
paseo del norte limited partnership,2
peabody holding company,2
php holdings inc.,2
acoma pueblo,2
pojoaque pueblo,2
office of kiraly and riley private investigators,2
miami rotary,2
palm beach mall academy,2
municipal arts society,2
rockefeller university,2
double rl,2
chrome hearts,2
emporio armani,2
thomas pink,2
giorgio armani,2
dkny,2
brioni,2
gina simonelli designs,2
donna karan new york,2
bergdorf goodman,2
guess,2
versace,2
meadow valley contractors inc.,2
merck & co. inc.,2
montgomery & andrews pa,2
morongo band of mission indians,2
mosaica education,2
mtd inc.,2
naral,2
national thoroughbred racing association,2
nea-new mexico education pac,2
new mexico gaming llc,2
new mexico psychological association,2
new mexico restaurant association inc,2
nolan h. brunson inc.,2
stanley steamers,2
women's wear daily,2
tsi-lake worth corporation,2
ted's sheds of lake worth,2
cseu,2
r. d. hubbard enterprises inc.,2
sheetmetal workers,2
the village zoo,2
realtors association of new mexico,2
bowlin travel centers inc.,2
constar company,2
continental dairy products,2
asa,2
goooooogle,2
"fuji xerox co., ltd.",2
lewis tein pl,2
anheuser-busch cos.,2
aol time warner,2
associated contractors of new mexico pac,2
baeza & co. llc,2
bank of america new mexico pac,2
brewer oil company,2
brownstein hyatt & farber pc,2
building our leadership diversity pac,2
cenro corporation,2
center for policy reform,2
peters corporation,2
peters gallery,2
albuquerque construction,2
nm optometric pac,2
roswell optometrists,2
cendant corporation,2
coir committee on individual responsibility,2
corrections corporation of america,2
friends of bob hertzberg,2
premier distributing co.,2
provost & umphrey law firm llp,2
robins cloud greenwoos & lubel,2
united steel workers of america,2
williams bailey law firm llp,2
dollar,2
institute of international education,2
harvard's faculty of arts and sciences,2
lumberjacks for lyfe,2
sweetharts,2
welcome to sin city,2
peterson properties real estate services inc.,2
walgreens drug stores inc.,2
new mexicans for bill richardson,2
cwa new mexico state pac,2
downs at albuquerque,2
the peters corporation,2
pacifica companies,2
paleface ranch,2
paul a. donisthorpe llc,2
pechanga band of mission indians,2
pharmaceutical research & manufacturers of america,2
plumbers & steamfitters 412,2
pueblo of san ildefonso,2
aztec manufacturing,2
santa fe investments,2
japan center for international exchange,2
rothstein rosenfeld adler (rra),1
"gateway, inc.",1
"law offices of aidala, bertuna & kamins, p.c.",1
interlochen summer program,1
nal,1
avon,1
taplinger,1
viking,1
penguin,1
law journal press,1
superior court for norfolk county,1
ass'n of state corr. adm'rs,1
liman ctr. for pub. interest law at yale law sch.,1
ny state jud. comm. on women in the court,1
british tabloids,1
the state bar of california,1
office of the united states attorney for the southern district of new york,1
law office of mark s. demarco,1
"law offices of ezra spilke, pllc",1
"united states district reporters, p.c.",1
world economic forum,1
internal revenue,1
dateline,1
20/20,1
united states sentencing commission,1
the law office of joseph fallek,1
"cuomo, llc.",1
"todd & weld, llp",1
"cooper & kirk, pllc",1
alex. brown,1
bureau of prisons inspector general's office,1
little league baseball,1
james & associates,1
marlborough college,1
maxwell's corporate gifts,1
the european,1
precision strategies,1
grosvenor,1
grosvenor britain & ireland,1
grosvenor investments limited,1
eaton square properties ltd,1
"haddon, morgan, & foreman, p.c.",1
metropolitan detention center (mdc),1
9/11 fund,1
epstein vcp,1
general electric co,1
univ. of pennsylvania law school,1
univ. of california santa cruz,1
butte county's division of youth and adult services,1
church,1
clergy,1
greenburgh centr. sch. dist. no. 7,1
inside edition,1
u.s. court of appeals for the 10th circuit,1
"strike 3 holdings, llc",1
bears sterns,1
jenkins lawyer,1
winslow police department,1
house judiciary committee,1
subcommittee on crime,1
emperor’s club,1
victims' rights groups,1
victim advocacy groups,1
worldwide,1
office of the assistant attorney general,1
national westminster bank plc,1
first department,1
"cbs, inc.",1
"richmond newspaper, inc.",1
"university of illinois, college of law",1
irish republican army,1
u.k. authorities,1
virginia state bar,1
federal bar council,1
new jersey state court,1
fashion institute of technology,1
cohen & gresser l.l.p.,1
u.n.,1
farrer & co,1
prison administration,1
gte directories corp.,1
"ad-vantage tel. directory consultants, inc.",1
boies schiller & flexner (bsf),1
channel 2 news,1
governmental institutions,1
farrer & co.,1
"boies, schiller, and flexner",1
the bar examiner,1
little league baseball organization,1
"garretson resolution group, inc.",1
epiq mass tort,1
"edwards pottinger, llc",1
new york state div. of parole,1
abcnewslive,1
a.b.a. j. e. rep.,1
nat'l l.j.,1
john doe agency,1
john doe corp.,1
gucci,1
"bombardier recreational prod., inc.",1
u.s. virgin,1
probate court of the u.s. virgin islands,1
"united states southern district reporters, p.c.",1
"berke, southern district reporters, p.c.",1
"law office of kenneth r. feinberg, pc",1
university of texas at dallas,1
litigation,1
assoc. bar city of n.y.,1
kramer levin firm,1
program's online claimant portal,1
administrator,1
"berke southern district reporters, p.c.",1
marshals service,1
harper collins,1
her majesty's land registry,1
cohengresser,1
hmf law,1
cja panel,1
state bar,1
government of the virgin islands,1
u.s. embassy,1
u.s. consulate,1
"auto club of ny, inc.",1
port auth. of new york,1
"vulcan soc’y of nyc fire dep’t, inc.",1
civil serv. comm’n,1
alex brown's san francisco office,1
u.s. dist. court for c.d. cal.,1
"the ltd. stores, inc.",1
"health ins. plan of greater new york, inc.",1
equal emp. opportunity comm'n,1
"karenkim, inc.",1
cleveland clinic,1
senate judiciary oversight subcommittee,1
september 11th compensation fund,1
american hospital association,1
worth publishers,1
v.h. winston & sons,1
freeman,1
"john wright & sons, ltd.",1
american scientist,1
"richard c. w. hall, md, pa",1
u.s. marshal service,1
atascadero forensic mental health center,1
atlanta federal penitentiary,1
u.s bureau of prisons,1
augusta mental health institute,1
california association of hostage negotiators,1
california district attorneys association,1
charlottesville-albemarle bar association,1
charter hospital,1
charter westbrook hospital,1
"chesapeake bay chapter, american academy of psychiatry and the law",1
"chesapeake bay chapter, institute of food technology",1
children's institute international,1
conference of major superiors of men,1
conference of personal managers,1
county prosecutors association of new jersey,1
dow chemical company,1
"focus on the family, inc.",1
georgetown university,1
harrisburg state hospital,1
harvard school of public health,1
hawaii state hospital,1
hawaii state law enforcement officials association,1
i.b.m.,1
kansas county and district attorneys association,1
kirby forensic psychiatric center,1
kraft general foods,1
"kraft, inc.",1
georgetown law center,1
touro law school,1
cato institute,1
brigham young law school,1
rockland county bar association,1
the league of women voters,1
new york state judicial institute,1
missouri office of prosecutorial training,1
n.y.s. office of court administration,1
office of the california attorney general,1
marin county district attorney's office,1
lausd,1
kluwer law books,1
federation of behavioral psychological cognitive sciences,1
university of missouri-kansas city law review,1
criminal practice law review,1
university of bridgeport law review,1
law and human behavior,1
trial,1
syllabus,1
international journal of clinical and experimental hypnosis,1
social behaviour,1
michigan quarterly review,1
journal of the society for scientific exploration,1
journal of applied social psychology,1
international society for traumatic stress studies (issts),1
private company,1
government entity,1
non-profit organization,1
gulf arabic program,1
professional training institute,1
american language institute in fes,1
arlington adult education center,1
federal bureau of investigation forensics laboratory,1
cornell hotel & restaurant administration quarterly,1
sage publishers,1
new york state court of appeals,1
american civil liberties union,1
southern prisoners defense committee,1
"u.s. department of justice, national institute of justice",1
federal trade commission,1
bay area rapid transit,1
law reform commission of canada,1
westin hotels,1
l.a. gear,1
national center for health statistics,1
us secret service,1
unified court system,1
veterans education association,1
grawemeyer award external review panel,1
prentice-hall,1
iwanami shoten publishers,1
erlbaum associates,1
university of tokyo press,1
seishin shobo,1
addison-wesley,1
ardsley press,1
liber forlag,1
or am,1
le jour,1
compania editorial continental,1
hernon publishers,1
knopf,1
brooks/cole,1
compania shuppan ltd,1
the michie co.,1
washington defense counsel,1
kearney state college,1
kansas state university,1
evergreen state college,1
washington state trial lawyers association,1
massachusetts defenders committee,1
washington state bar assn,1
29th annual advocacy institute,1
national institute of trial advocacy (nita),1
federation of law societies of canada,1
louisiana trial lawyers assn,1
wheaton college,1
"state university of new york, buffalo",1
assn of trial lawyers of america (atla),1
national college of advocacy,1
oklahoma county bar assn,1
connecticut trial lawyers assn,1
florida bar assn,1
"bolt, beranek & newman",1
colloquium on new ways of analyzing variation in english,1
defense advanced research projects agency,1
atla seminar on trial tactics,1
american judges association,1
safeco insurance company,1
law and society assn,1
university of western ontario,1
bowling green state university,1
washington state patrol,1
criminal justice training commission,1
advocacy education seminar,1
oregon criminal defense association,1
"california state university, chico",1
carnegie-mellon university,1
"university of california, santa barbara",1
"california state university, fullerton",1
"state university of new york, stony brook",1
hope college,1
"university of nebraska, omaha",1
pennsylvania trial lawyers assn,1
montana trial lawyers assn,1
west virginia trial lawyers assn,1
public defender office,1
nebraska assn of trial attorneys,1
standard oil (amoco research center),1
monsanto,1
conference on memory and amnesia,1
university of victoria,1
hamilton college,1
katera group,1
mid-western association of forensic scientists (mafs),1
midwest forensic resource center (mfrc),1
american board of forensic document examiners (abfde),1
the international association for identification (iai),1
indiana university-purdue university at indianapolis,1
ducommun,1
radisson hotel stemmons,1
"avala of texas, inc.",1
burroughs wellcome company,1
ymca of greater miami,1
economy fire & casualty co.,1
"australian congress of psychiatry, psychology and the law",1
national association of medical examiners,1
pubmed,1
society of consumer affairs professionals in business,1
time.com,1
www.sportsonearth.com,1
www.katemagroup.org,1
johns hopkins institutions,1
drs technologies,1
executive resource center,1
health care partners,1
air liquide,1
people of california,1
people of new york,1
a & m industries,1
wake county hospital system,1
servicemaster,1
mercy hospital of laredo,1
birmingham fire ins. co.,1
johnny's hot dog stand,1
stop 'n go markets of texas,1
us west communications,1
pyramid management group,1
the armada inn,1
h.e. butt grocery co,1
society for research in child development,1
apollo group,1
discover,1
southern california edison,1
basf,1
frito-lay,1
gatekeeper safety training,1
teague,1
young presidents' organization,1
psychological science,1
zeitschrift fur psychologie,1
the pennsylvania lawyer,1
"psychology of consciousness: theory, research & practice",1
taylor & francis,1
daily journal,1
csli publications,1
center for the study of language and information,1
worth,1
cr s s center,1
packaging association of canada,1
cincinnati enquirer,1
cincinnati post,1
harvard associates in police science,1
chicago tribune foundation,1
the pennsylvania state university press,1
nsa,1
csa,1
robert wood johnson foundation clinical scholars program,1
fifth international congress of law and psychiatry,1
sexto symposium internacional de graduacion en medicina legal asociacion mexicana de medicina legal,1
kaiser permanente,1
mcneil consumer products company,1
"mcneil-ppc, inc.",1
"mcneilab, inc.",1
houghton mifflin publishing co.,1
university microfilms international,1
office of science and technology policy,1
national science and technology council,1
committee on science,1
subcommittee on forensic sciences,1
expert working group for human factors in latent print analysis,1
expert working group for afis interoperability,1
expert working group for the preservation of biological evidence,1
national commission on forensic science (ncfs),1
national institute of standards and technology (nist),1
organization of scientific area committees (osac),1
southwestern association of forensic document examiners (swafde),1
southern association of forensic document examiners (safde),1
skill-task training assessment & research (st2ar),1
beech aircraft corp.,1
nat’l r.r. passenger corp.,1
west point military academy,1
uc conf on social science & law,1
grawemeyer celebration,1
univ of louisville,1
cem,1
international congress,1
california state univ,1
imagine no religion,1
contacts of orange county,1
american humanist assn,1
phi beta kappa,1
colorado state univ,1
csicon conference,1
assn of workplace investigators,1
univ of london,1
goldsmiths,1
council of scientific society presidents,1
logical,1
american assoc for advancement of science,1
southwest psych conf,1
ucemeriti assn,1
international congress on social responsibility,1
universidad santo tomas,1
douglas college,1
vancouver international conf on teaching of psych,1
inn of court,1
dri asbestos medicine conf,1
internat society for neuroethics,1
erickson foundation,1
univ of miami,1
western univ of health sciences,1
cal state university,1
houston bar assn,1
cnlm conf,1
albert wolters distinguished lecture,1
aps teaching conf.,1
max-planck,1
bbcss,1
amer psych assn,1
sierra college,1
millsaps college,1
universidad nacional de cordoba,1
universidad nacional villa maria,1
univ. of iowa,1
wagenaar-crombag memorial,1
university of dublin,1
jeeves lecture,1
st. andrews univ,1
southwest psychology conf,1
origins project podcast,1
science of magic assn,1
canberra writers festival,1
waikato univ.,1
csicon,1
stanford alumni assn,1
georgia tech univ,1
heterodox academy,1
apa topss,1
newport beach public library fdn,1
university of new mexico health sciences,1
prosecutors/public defenders,1
nas,1
assoc for behavior analysis international- abai,1
arizona state bar annual convention,1
international congress of psych,1
national assn of crim defense,1
mt sinai psychiatry dept,1
bay area skeptics conference,1
butler university,1
aspire psychology conference,1
national center for missing & exploited children,1
general hospital psychiatry,1
mayo clinic proceedings,1
the journal of the american academy of psychiatry and the law,1
american journal of disaster medicine,1
gen hosp psychiatry,1
company,1
bell laboratories,1
perception consortium of new york,1
u.s. securities and exchange comm'n,1
collector's coffee inc.,1
federal law enforcement training center (fletc),1
u.s. secret service,1
federal law enforcement officers association,1
leis law publishing,1
institute for mathematical studies in the social sciences,1
s.ct.,1
e.d. tenn.,1
d. colo.,1
w.d. okla.,1
united states court of appeals for the tenth circuit,1
united states court of appeals for the seventh circuit,1
united states district court for the district of kansas,1
beech-nut nutrition corp.,1
purdue university,1
johns hopkins medical journal,1
journal of threat assessment and management,1
riley welch laporte & associates,1
university of new haven,1
connecticut state forensics laboratory,1
suffolk county medical examiners office,1
blackwell publishing,1
nova almedina,1
nova science publishers,1
"columbia pictures industries, inc.",1
"sony pictures television, inc.",1
annenberg school of communications,1
erlbaum press,1
garland,1
north holland publishing company,1
sunday times union,1
public opinion quarterly,1
u.s. courthouse,1
new york state defenders association,1
duchess county bar association,1
national legal aid and defenders association,1
erie county district attorney's office,1
westchester county bar association,1
onondaga county bar association,1
monroe county bar association,1
sing sing correctional facility,1
cornell institute on organized crime,1
albany law school,1
california attorney general's office,1
san joaquin county district attorney's office,1
skagit county prosecuting attorney,1
boys scouts of america,1
pg&e,1
association of american medical colleges,1
"national academies of sciences, engineering, and medicine",1
"annenberg washington program, northwestern university",1
arco,1
arkansas psychiatric society,1
cochrane database,1
ama,1
foundation for american communications (facs),1
university of hawaii,1
john a. burns school of medicine,1
dushkin publishing group inc.,1
georgetown university press,1
open learning fire service program,1
pro scientia,1
university of chicago press,1
humanities press,1
annual review of psychology,1
american psychological assn.,1
p.a. norstedt & sons,1
jossey-bass,1
law and society review,1
new york times magazine,1
university of klagenfurt,1
german skeptics organization,1
gwup,1
american academy of arts and sciences,1
institute for the study of the trial,1
law and society association,1
council for scientific medicine,1
"kelso interactive, inc.",1
"matchlogic, inc.",1
lockheed martin astronautics,1
united states attorneys' office,1
loyola chicago law review,1
harvard civil rights-civil liberties law review,1
case western law review,1
south texas law review,1
lewis & clark law review,1
washburn law journal,1
south dakota law review,1
oklahoma city university law review,1
cardozo law review,1
georgetown journal of legal ethics,1
chengchi law review,1
american journal of criminal law,1
washington & lee law review,1
williams college,1
roanoke college,1
hebrew university,1
maryland bar association,1
canadian bar assn,1
philadelphia public defender's office,1
seattle public defender's office,1
nova scotia barristers,1
science and public policy seminar,1
vanderbilt/peabody,1
north carolina psychological conference,1
ohio wesleyan university,1
minnesota psychology conference,1
creighton university,1
san diego defenders,1
new mexico trial lawyers,1
tennessee assn. of criminal defense lawyers,1
washington association of defense counsel,1
court appointed special advocate assn,1
northwest women's law center,1
american association of law libraries,1
university of bridgeport law school,1
texas research institute,1
german psychological society,1
institute for perception,1
suny,1
oregon state university,1
university of maryland,1
judicial studies program,1
michigan judicial institute,1
texas assn. of defense counsel,1
all-star seminar,1
atlanta bar,1
us census bureau,1
annenberg school of communication,1
women and memory,1
american assn. of public opinion res.,1
federal judicial center,1
capitol area social psychological assn,1
bureau of labor statistics,1
washington dc public defenders,1
smithsonian institute,1
university of north dakota,1
duke law school,1
annual joseph cohen lectureship,1
us court of military appeals conf,1
national academy of arbitrators,1
judicial conference of washington,1
university of umea,1
indiana university law school,1
indiana university psychology department,1
washington assn of criminal defense lawyers,1
recorder's court,1
washington criminal justice training committee,1
baylor university,1
southeastern louisiana univ.,1
haverford college,1
lane county law forum,1
nato advanced study institute,1
merriam-webster dictionary,1
the maitland men’s club,1
american medical association (ama),1
south west psychology conf.,1
british false memory society,1
north orange county bar assn,1
roosevelt university,1
japanese psychological assn,1
"university of calif, berkeley",1
pennsylvania bar institute,1
nova southeastern univ,1
distinguished writing lecture series,1
penn conf of state trial judges,1
drexel university,1
correctional services canada,1
suppes symposium,1
toronto international film festival (tiff),1
u.s. district court of nevada,1
kwantlen polytech university,1
center for advanced study summit,1
monash south africa university,1
orange county traffic investigators assn,1
"grand rounds, dept of psychiatry, uci",1
fmsf tribute,1
csicon 2012,1
claude bernard univ.,1
mode d'emploi festival,1
national institute on the teaching of psychology,1
"univ. of california, davis",1
"goldsmiths, univ of london",1
south bank university,1
national assn of criminal defense lawyers,1
association for psych science,1
tedglobal2013,1
european congress of psychology,1
int. conf. on critical thinking and education reform,1
la trobe university,1
tedx-orange coast,1
national research council eyewitness committee,1
southwestern psychological assn,1
the california club,1
federal court clerk assn,1
trauma & memory,1
"what matters to me, and why (uc-irvine)",1
justice & injustice conf.,1
american assoc.of advancement of science,1
society for consumer research,1
goldsmiths university,1
tedx-cia (central intelligence agency),1
"radcliff institute, harvard univ",1
university of akron,1
"nas-youtube, science speed date",1
"symposiumtraumatic memories, forensic psychiatry center & hogrefe publishers",1
american academy of matrimonial lawyers,1
"forensic psych institute launch, goldsmiths, university of london",1
"berlin graduate school of mind & brain, humboldt university",1
"united states district court, eastern district conference",1
california association of criminalistics,1
european document experts working group,1
international conference on asian organized crime and terrorism,1
pittconn,1
los angeles unified school district,1
archdiocese of kansas city,1
briar bay community association,1
roman catholic bishop of los angeles,1
st. louis de marrilac catholic church,1
board of education of prince george's co.,1
university of vermont,1
institute for psychotrauma,1
university of utrecht,1
psychotrauma centre for children and youth,1
swets test,1
west publishing,1
university of north carolina press,1
employee assistance roundtable,1
american society for adolescent psychiatry,1
international association for healthcare,1
spanish society of legal psychiatry,1
world psychiatric association,1
"spodek law group, p.c.",1
eastman kodak,1
darden restaurant group,1
mediaone,1
texas instruments,1
safeco,1
zoological society of san diego,1
ross stores,1
pcs health systems,1
wellpoint,1
new york city bar association,1
california department of justice,1
"office of the district attorney, milwaukee county",1
"office of the attorney general, state of california",1
"office of the district attorney, nassau county",1
"office of the district attorney, suffolk county",1
"office of county attorney, lancaster county",1
"united states attorney's office, washington, d.c.",1
"united states attorney's office, rochester, ny",1
city of redondo beach,1
fluor daniel corp.,1
washington state department of social and health services,1
frazer center inc.,1
kraft,1
first data,1
ge capital,1
national semiconductor,1
williams companies,1
public works and government services canada,1
factor inwentash faculty of social work,1
florida atlantic univ.,1
scripps college,1
state bar of michigan,1
washington association of criminal defense lawyers,1
baldwin-wallace college,1
connecticut bar assn,1
florida association of criminal defense lawyers,1
university of bristol,1
university of heidelberg,1
center for inquiry institute,1
national child abuse def & resource center,1
psychoanalytic institute,1
the exploratorium,1
seattle university school of law,1
irvine health foundation,1
george fox university,1
idaho neurological institute,1
saint alphonsus medical center,1
idaho psychological association,1
west virginia psychology conference,1
west virginia state bar assn,1
new york skeptics society,1
northwest cognition conference,1
iowa public defender's,1
west virginia public defender's,1
clark county bar assn,1
new hampshire public defender's association,1
dartmouth university,1
ernest becker foundation,1
indiana public defender council,1
university of northern colorado,1
university of north florida,1
innocence project,1
"the florida medical association, inc.",1
habeas corpus resource center,1
westchester bar journal,1
criminal justice,1
courts and justice,1
"justice, crime, and ethics",1
civil rights litigation and attorney fees handbook,1
the university of rhode island,1
united states post office,1
"basil blackwell, ltd",1
lancet,1
kluwer academic/plenum press,1
elsevier science,1
"rightime enterpirse, inc.",1
the superior court of the state of california,1
u.s. western district of michigan,1
hermes investment c. inc.,1
"atrukay, inc.",1
"circuit court of the 20th judicial circuit in and for lee county, florida",1
"pactool international, ltd",1
"kett tool company, inc.",1
united states district court for the western district of washington at tacoma,1
superior court for the state of alaska,1
"apg security-ri, llc",1
"the asset protection group, llc",1
superior court of rhode island,1
"facebook, inc",1
united states district court western district of new york,1
"cott beverages, inc",1
"americann co-pack, inc.",1
"automated process and packaging, llc",1
fourth judicial district court,1
"the circuit court of clay county, missouri",1
"aequitas solutions, inc.",1
"c innovation, inc.",1
red cross,1
national center for,1
"digital folio, inc.",1
"premium pet health, llc",1
"all american pet proteins, llc",1
"dcs pharmacy, inc.",1
the people of colorado,1
american sociological association,1
association for the advancement of psychotherapy,1
association of directors of forensic psychiatry fellowships,1
forensic science society,1
massachusetts psychiatric society,1
steadman hawkins clinic,1
elitch gardens,1
pacific indemnity company,1
"leyland industries, llc",1
people of the state of colorado,1
new hampshire insurance co,1
"blackjack cove, llc",1
"allstate sweeping, llc",1
american family mutual insurance company,1
microtek,1
international neuro-psychoanalysis society,1
hogrefe & huber publishers,1
royal canadian mounted police,1
u.s. district court for the eastern district of tennessee,1
hickman circuit,1
people of the state of ny,1
county of onondaga,1
bank julius baer co. ltd,1
waxfield ltd llc,1
northern district of florida,1
libananco holdings co. limited,1
republic of turkey,1
lake forest homeowner's association,1
orlando lake forest joint venture,1
lake forest master community association,1
orlando lake forest inc.,1
nts mortgage,1
russell sage,1
hemisphere publishing corporation,1
"guilford, ct: dushkin publishing group",1
walter de gruyter,1
reddit,1
united state's attorney's office,1
san francisco public defender's office,1
bronx county bar journal,1
hearsay,1
county of suffolk,1
city of hartford,1
usaid,1
u.s. agency for int'l dev.,1
twitter headquarters,1
industrial environmental association,1
e.d. ky,1
university of london,1
tribeca lending corp.,1
epstein victim fund,1
international society for the study of dissociation,1
western humanities conference,1
washington state psychological association,1
criminal lawyers association,1
judgment & decision making conference,1
washington university medical school,1
calvin college,1
"university of california, davis",1
interval research corporation,1
pacific sociological association,1
john hopkins medical institute/fmsf,1
southwestern psychological association,1
memory retrieval controversy conference,1
tenth national conference on undergraduate research,1
nato international conference,1
second international conference on memory,1
international conference on centenary of piaget's birth,1
grinnell college,1
"university of texas, houston",1
ohio university,1
national guild of hypnotists,1
chapter and the washington hypnosis association,1
iowa state university,1
nebraska psychological association,1
washington university,1
justice committee,1
american association for advancement of science,1
johns hopkins university medical school,1
bradley university,1
american college of forensic psychology,1
national institute on drug abuse,1
international women's forum,1
center for inquiry--rockies,1
memory conference,1
university of groningen,1
heymanns institute for fundamental psychologic research,1
twente university,1
university of maastricht,1
the whidden lectures,1
florida atlantic university,1
whirlpool,1
general electric,1
temple inland,1
sea world,1
first bank system,1
ids financial services,1
norwest,1
warner-lambert,1
epstein victim compensation program (evcp),1
district attorney of the county of new york,1
"office of the attorney general, state of new york",1
"united states attorney's office, new york",1
"united states attorney's office, los angeles",1
"district attorney of monroe county, new york",1
"office of the public defender of los angeles county, california",1
"office of the district attorney, san diego county, california",1
masonic homes of california,1
diocese of lafayette,1
archdiocese of san diego,1
archdiocese of los angeles,1
hewlett-packard company,1
factory mutual insurance company,1
boise-cascade,1
pse&g,1
cox enterprises,1
oracle,1
u.a.w.-daimlerchrysler,1
ku klux klan,1
canadian academy of psychiatry and law,1
congreso psiquiatría legal,1
national crime victims' rights week conference,1
fbi's national center for the analysis of violent crime,1
xv congreso nacional de psiquiatría legal,1
fennemore craig annual retreat,1
federation defense and corporate counsel,1
psychology press ltd.,1
national center for victims of crime,1
institute of medicine,1
minnesota chromatography forum,1
university of hong kong,1
teachers of psychology,1
south west psychology conference,1
littler class action conference,1
council of science editors,1
canadian psychological assn,1
uci foundation,1
university of geneva,1
aspen institute,1
messe memorial lecture,1
trendsetters,1
jewish federation,1
canadian lawyers,1
national seminar on forensic evidence,1
arcs foundation,1
california institute of technology,1
university of texas,1
university bonn,1
institute of community & family psychiatry,1
mcgill,1
denison university,1
cia/boozallen,1
bronowski art & science forum,1
the neurosciences institute,1
law and the brain conference,1
ucla school of law,1
rocky mountain psych assn,1
department of justice office of international affairs,1
michie company,1
pittsburgh law review,1
minnesota law review,1
yale law journal,1
university of pennsylvania law review,1
journal of legal education,1
george washington law review,1
u.s. district judge for the southern district of new york,1
sam houston state university,1
trent university,1
washington state university,1
idaho state university,1
"university of wisconsin, la crosse",1
nova scotia barrister's society,1
dalhousie law school,1
university of british columbia law school,1
california public defenders assn.,1
tennessee trial lawyers assn,1
kansas district judges assn,1
kansas bar assn,1
hastings law school,1
washington dc public defender's office,1
memphis state trial lawyers,1
maryland trial lawyers,1
new york bar assn,1
hoffmann-laroche,1
american institutes of research,1
canadian psychological association,1
attention and performance,1
council for advancement of science writing,1
"university of texas, el paso",1
claremont graduate school,1
copenhagen university,1
oregon trial lawyers,1
inner circle of advocates,1
professional institutes seminar,1
national college of juvenile justice,1
s.s.r.c.,1
chaucer club,1
mrc applied psychology,1
"unit, cambridge",1
at&t corporate security,1
g. stanley hall lecture,1
texas a&m,1
union college,1
"suny, plattsburgh",1
"university of texas, arlington",1
james madison university,1
canadian bar assn.,1
washington state judges,1
oklahoma county bar,1
georgetown law school,1
indiana trial lawyers assn,1
west palm beach county bar,1
clover park administrators,1
university of cincinnati,1
san diego state university,1
university of houston,1
eastern washington university,1
nebraska wesleyan university,1
oregon trial lawyers assn,1
atlanta bar assn,1
washington assn of technical accident investigators,1
arizona prosecuting attorneys advisory council,1
academy of florida trial lawyers,1
medical disciplinary board,1
the royal society,1
max planck institute,1
school of social ecology,1
me too,1
times up,1
association for advancement of psychology,1
"federation of behavioral, psychological, and cognitive sciences",1
national academies,1
social sciences research council,1
bureau of national affairs,1
university faculty,1
institute of government and public affairs,1
nimh,1
brain.com corporation,1
center on wrongful convictions,1
international institute of psychotherapy and applied mental health,1
babes-bolyai university,1
american judicature society,1
sage cognitive psychology program,1
institute for memory impairments and neurological disorders,1
committee for skeptical inquiry,1
national science communication institute,1
consortium of social science associations,1
benson & case,1
"stevens littman, biddison tharp & weinberg",1
american inns of court,1
donelson ciancio goodwin & juarez,1
larimer county bar association,1
kelly garnsey hubbell & lass,1
adams broomfield county bar association,1
2008 family law conference,1
co association of litigation support managers,1
baker & hostetler,1
wheeler trigg kennedy,1
hopkins tschetter sulzer,1
pitkin county bar association,1
overturf mcgath hull and doherty,1
elwyn schaefer & associates,1
hunnicutt & appelman,1
kennedy childs & fogg,1
godfrey & lapuyade,1
hensley kim & ho izer,1
dewhirst & dolven,1
martin law firm,1
grimshaw & harring,1
jin & schauer,1
gregory r. giometti and associates,1
franke greenhouse list & lippitt,1
montgomerly little soran murray,1
isaacson & rosenbaum,1
gutterman griffiths,1
johnson & repucci,1
"bernard, lyons, gaddis & kahn",1
dill dill carr stonbraker & hutchings,1
crosse & barfield,1
hale friessen,1
"arkley & reha, llc",1
"montgomery, kolodny, amatuzio & dusbabek",1
"anderson, dude & lebel",1
stettner miller & cohn,1
devry university,1
denver metro chamber of commerce,1
colorado human resources association,1
colorado association of legal support staff,1
"forensic pursuit, llc",1
survivor's charter school,1
west palm beach school of the arts,1
hi,1
ca,1
wa,1
north orange county community college district,1
"preventative security, inc.",1
aig life insurance company,1
"green-visiontek, llc",1
420 wellness,1
"lasercycle usa, inc.",1
fcra,1
howshar,1
"llmj, llc",1
dc-10 lounge,1
"genutech, inc.",1
"titan technology partners, ltd.",1
organization resource counselors,1
thomson legal & regulatory,1
chiron corporation,1
"allergan, inc.",1
at&t broadband,1
"dooney & bourke, inc.",1
college and university professional association for human resources,1
the national crime victim bar association,1
security technology & design,1
security technology executive,1
bull am acad psychiatry law,1
arch intern med,1
johns hopkins magazine,1
corresponding committee on graduate education,1
law & order: criminal intent,1
midwestern association of forensic scientists,1
nij/fbi,1
international criminal police organization (interpol),1
chesapeake bay division for the international association of identification,1
center for inquiry-west,1
society for applied research in memory and cognition,1
european psychology & law conference,1
texas tech university,1
lifelong learning academy,1
science and evidence conf,1
calif. attorneys for criminal justice,1
university of lusiada,1
claremont graduate university,1
advanced trial skills inst,1
calif. public defenders assn,1
catholic univ. of leuven,1
l'ecoles des hautes etudes en sciences sociales (ehess),1
colorado college,1
state legislative leaders foundation,1
center for neurobiology of learning & memory,1
university synagogue,1
purdue univ.,1
university of louisville,1
persistence of memory conf.,1
sacred heart medical center,1
calif. judicial branch conf,1
san diego stanford association,1
pavlovian society,1
athenacum lecture,1
bureau of jewish education,1
calif. state university,1
university of british columbia,1
university of alabama,1
association for behavior analysis,1
uc-irvine,1
university of aberdeen,1
university of stirling,1
mexican congress of psychology,1
rutgers university,1
salk institute,1
uci-medical,1
university of calif,1
western state univ college of law,1
newkirk center,1
munsterberg conf,1
john jay college of crim justice,1
academic & professional women,1
yankees,1
thomson reuters (west),1
pacific northwest writers,1
nacdl/atla college of trial advocacy seminar,1
mystery writers of america,1
colorado psychological assn,1
swiss memory psychology program,1
medical-legal society of toronto,1
midwest conference on child sexual abuse & incest,1
clark univ.,1
"orrick, herrington, sutcliffe retreat",1
mercer island rotary,1
bay state medical center,1
university of new mexico medical school,1
red river undergraduate conference,1
washington assn of criminal defense attorneys,1
missoula psychiatric services,1
mind/brain/behavior program,1
georgia psychological assn,1
7th annual dual disorder conference,1
stanford university medical school,1
american assn of public welfare attorneys,1
japanese psych assn,1
japan federation of bar associations,1
current topics in mental health & law,1
criminal lawyers' assn,1
criminal trial lawyers assn,1
johns hopkins medical school/fms foundation,1
university of california at los angeles,1
king county detectives,1
pennsylvania conference of state trial judges,1
"university of california, san francisco",1
university of kansas medical center,1
battig memorial lecturer,1
national judicial institute,1
carnegie mellon university,1
national association of legal investigators,1
charter behavioral health system of dallas,1
council of appellate staff attorneys,1
university of pennsylvania medical school,1
assn for advancement of behavior therapy,1
california public defenders assn,1
beth israel hospital,1
fourth annual conference on mental health and the law,1
university college faculty of laws,1
syracuse college of law,1
adams consulting group llc,1
mashreq bank,1
alix partners,1
grc risk solutions inc.,1
apple bank for savings,1
pi mu epsilon,1
mortar board,1
golden key international honour society,1
center for advanced study in the behavioral sciences,1
u.s. department of transportation,1
national bureau of standards,1
fund for research on dispute resolution,1
leverhulme trust,1
grawemeyer award,1
sigma xi,1
nsf,1
greyhound,1
university of richmond school of law,1
american association of applied and preventive psychology,1
oklahoma scholar leadership enrichment program,1
university of new mexico,1
society for the scientific study of sexuality,1
american academy of political and social sciences,1
univ. of bristol,1
ucsf,1
federated dept. stores,1
state farm,1
u.a.w.-chrysler,1
union carbide,1
retail council/sears canada,1
unilever united states,1
punch productions,1
pasadena police department,1
university of southern mississippi,1
new york department of mental hygiene,1
forensic sciences foundation,1
carr healthcare realty,1
deutsche bank national trust company,1
c&m investment group,1
cutarelli vision,1
foodservice industry risk management association,1
"wca logistics, llc",1
"oak grove technologies, llc",1
phosint limited,1
"national bank trust, pjsc",1
nite glow industries inc.,1
"i did it, inc.",1
central garden & pet company,1
"four paws products, ltd.",1
"lincoln studios, llc",1
dla,1
"p6 la mf holdings, llc",1
"nms capital partners i, llc",1
"las vegas pain institute and medical center, llc",1
"las vegas pain institute, llc",1
tethyan copper company pty limited,1
the islamic republic of pakistan,1
global business network,1
maastricht university press,1
rutgers university press,1
the times higher education supplement,1
greenhaven press,1
transaction publishers,1
north holland,1
longman,1
prometheus books,1
u.s. capitol police,1
academy of forensic sciences,1
kansas city police department,1
fortune magazine,1
national organization for victim assistance,1
tax court of canada,1
state of new jersey,1
superior court of new jersey,1
u.s. district court for the district of maryland,1
palocios,1
criminal justice journal,1
the champion,1
social sciences citation index,1
national survey of adolescents,1
national women's study,1
the world and i,1
information management institute,1
mcdonnell douglas corp.,1
nfl,1
america undercover,1
american justice,1
e! true hollywood story,1
crimes of the century,1
university press of america,1
pittsburgh institute of legal medicine,1
university of toronto press,1
university of richmond,1
"lightstorm entertainment, inc.",1
united states international trade commission,1
la banque nationale de paris,1
"compania general financiera y desarollo, s.a.",1
"lpg warehouses, ltd.",1
"storrie street investments, ltd.",1
al maya trading establishment,1
global export marketing co. ltd,1
"viztek, inc.",1
compania general financiera y desarrollo,1
la banque national de paris,1
f.a.c.s. ltd,1
skeptical inquirer,1
psychology today magazine,1
international association for healthcare security & safety,1
emergency nurses association,1
american college of trial lawyers,1
ymca of western north carolina,1
"state of washington, department of social and health services",1
orange county psychiatric society,1
psychiatric society of virginia,1
pennsylvania psychiatric society,1
society for the study of social problems,1
society for the scientific study of psychopathy,1
superior court of california,1
"district court, arapahoe county, colorado",1
"district court, jefferson county, colorado",1
"district court, boulder county, colorado",1
"district court, bernalillo county, new mexico",1
"district court, douglas county",1
johns manville corp,1
"knauf insulation, llc",1
atlantic building systems,1
great western building systems,1
"tarco, inc.",1
conifer metropolitan district,1
"blueradios, inc.",1
general mills,1
virco manufacturing,1
mead corp,1
"federated dept. stores, inc.",1
mcdonnell-douglas,1
jdl services inc.,1
msn solutions inc.,1
kostelanetz & fink llp,1
b2b investigations inc.,1
thacher associates,1
the governor's office of storm recovery (gosr),1
psi chi,1
international academy of humanism,1
american assoc. for the advancement of science,1
american humanist association,1
university of reading,1
university college dublin,1
international union of psychological science,1
sexual intelligence,1
oc metro magazine,1
cook county public defenders,1
medico legal society of queensland,1
brigham young university law school,1
byu psychology department,1
baylor university law school,1
yale university law school,1
yale psychology department,1
northern kentucky university,1
southern indiana university,1
university of west virginia,1
aba litigation sec,1
annenberg conference,1
european conference on law & psychology,1
university of minnesota law school,1
national institute on teaching of psych,1
aba (american bar foundation),1
ontario psychological association,1
ryerson college,1
arkansas annual psych conference,1
seattle rotary,1
banff conference on cognitive science,1
society of british columbia,1
legal aid society,1
aids survey research methodology conference,1
northwestern law,1
ontario science centre,1
chief executive organization forum,1
university of georgia,1
8th international conference on multiple personality/dissociative states,1
international listening association,1
mississippi state university,1
federal defenders assn,1
portland community college,1
"university of california, santa cruz",1
augustana college,1
university of toledo,1
nato conference,1
criminal justice act seminar,1
psi chi/fredrick howell lewis distinguished lecture,1
"grand rounds, department of psychiatry",1
air force academy,1
"faculty auxiliary, university of washington",1
swedish psychological association,1
gruter institute,1
fjc criminal procedure seminar for federal judges,1
american psychiatric assn,1
law-psychology symposium,1
new mexico psychological assn/new mexico trial lawyers,1
fms foundation conf,1
young president's organization alumnus (ypoa),1
loyola university,1
mercer law review,1
vanderbilt law review,1
loyola new orleans public interest law journal,1
hastings law journal,1
san diego law review,1
carolina academic press,1
vrije universiteit,1
oregon association of criminal defense lawyers,1
georgia indigent defense council,1
new zealand psychological society,1
victoria university,1
university of otago,1
national child abuse def. & resource center,1
william & mary lawschool,1
california public defenders association,1
university of oklahoma,1
national legal aid and defender assn,1
science & technology,1
rochester inst. of technology,1
george mason law school,1
oregon health sciences univ.,1
ontario ministry of health & mental health center,1
future of psychopathology,1
bar-ilan university,1
superior court judges,1
british association for advancement of science,1
federal defender program,1
ill. assn of criminal defense lawyers,1
louisiana state university,1
university of portland,1
ssss,1
university of wyoming,1
womens' university club,1
annual whistleblower investigators conference,1
trauma and memory,1
world association of detectives,1
national institute on teaching of psychology,1
american assn for advancement of science,1
prevent child abuse-orange cty,1
new century,1
newport harbor bar assn,1
biola university,1
ceo roundtable,1
tenth annual undergrad research symposium,1
united states international ink library,1
the maryland psychiatrist,1
med aspects human sexuality,1
med times,1
psychiatric news,1
psychiatric annals,1
jama,1
clinical psychiatry news,1
fowlar-white burnett,1
physicians insurers association of america,1
discover financial,1
takeda pharmaceuticals na,1
business intelligence advisors,1
charter one bank,1
mcdonald oil,1
georgia department of human resources,1
eller media corp.,1
city and county court of denver,1
united states district court for the district of colorado,1
"district court, arapahoe county",1
"district court, adams county",1
district court city and county of broomfield,1
republican national committee,1
abbott labs,1
mgm resorts,1
allied intelligence,1
pepsico/fritolay security,1
te connectivity,1
howard hughes medical institute,1
herbalife,1
packaging corporation of america,1
colorado department of regulatory agencies,1
texas department of public safety,1
kenneth g. gray foundation,1
security magazine,1
psi chi honors society,1
charles c. thomas publishers,1
springer_verlag,1
greentop academic press,1
willan publishing,1
ny: psychology press,1
praeger,1
u.s. bank national association,1
"joshua media ministries international, inc.",1
grosvenor property developers limited,1
"le dec investments 1800, ltd",1
police staff college,1
institute of psychiatry,1
royal college of psychiatrists,1
food and drug law institute,1
food and drug administration,1
food marketing institute,1
"proscientia, inc.",1
"world book, inc.",1
speech communication association,1
williams & wilkins,1
grune & stratton,1
butterworth,1
the institute of medicine,1
u.s. government printing office,1
w. b. saunders,1
free press,1
douglas county district attorney's office,1
u.s. department of justice civil rights division,1
u.s. department of justice tax division,1
border area mental health,1
dial information services corporation of new york,1
"mount diablo council, boy scouts of america",1
the journal news,1
the san jose mercury news,1
arent fox,1
department of behavioral sciences,1
association of threat assessment professionals,1
national crime victimization surveys,1
usta player dev. inc.,1
farmers insurance group,1
safeco corporation,1
accu-chem laboratories,1
jefferson county coroner/medical examiner office,1
mid-atlantic association of forensic scientists (maafs),1
journal for the american society of questioned document examiners,1
scientific working group for questioned document examiners (swgdoc),1
european document examiners working group (edewg),1
international collaboration for ink dating (incid),1
united states attorney's office eastern district of virginia,1
holiday inns,1
roman catholic bishop of portland,1
marriott,1
texas state board of medical examiners,1
general dynamics,1
conagra foods,1
cuna mutual,1
darden restaurants,1
fedex corporate,1
threat assessment group,1
paul ekman group,1
victims of crime treatment center,1
metropolitan toronto police homicide squad,1
"woods, rogers & hazelgrove p.l.c.",1
"seyfarth, shaw, fairweather & geraldson",1
western states bank security directors,1
california employment law council,1
federal occupational health agency,1
canadian red cross,1
antioch college,1
natl. res. counc.,1
national academy,1
united states congress,1
league of women voters,1
hudson river museum,1
public relations association of america,1
annual mid-hudson trainer,1
white plains democratic committee,1
benjamin cardozo society,1
st. paul's church,1
sarah lawrence college,1
state bar of arizona,1
will county,1
pottawattamie county,1
new york state assembly codes committee,1
u. s. congress,1
house committee on government reform,1
rti press,1
"john wiley & sons, ltd",1
national institute of standards and technology,1
journal of forensic research,1
omics online,1
"university of california, irvine, school of medicine",1
"university of california, los angeles, school of medicine",1
"university of california, san diego, school of medicine",1
"university of hawaii, john a. burns school of medicine",1
"university of ottawa, royal ottawa hospital",1
"university of pennsylvania, center for studies in criminology and criminal law",1
"university of texas southwestern medical school, department of psychiatry",1
"university of toronto, clarke institute",1
university of vermont school of medicine,1
university of virginia department of psychology,1
virginia association of law libraries,1
washington association of prosecuting attorneys,1
west los angeles veterans administration hospital,1
westbrook hospital,1
western state hospital,1
"george weston, ltd.",1
g. n. wilcox memorial hospital,1
women's jonathan club,1
zausner foods,1
university of pennsylvania school of medicine,1
national institute of general medical sciences,1
university of california irvine law review,1
brewster fire dept.,1
d. haw.,1
11th cir.,1
"r.b. ventures, ltd.",1
"certified envtl. servs., inc.",1
developmental psychology,1
behavioral research methods and instrumentation,1
journal of educational psychology,1
quarterly journal of experimental psychology,1
cognitive psychology,1
psychology today,1
the cincinnati post,1
psychologie heute,1
institute of financial education,1
police officers journal,1
palisades publishers,1
remma investigations inc.,1
asset forfeiture money laundering division,1
office of labor and racketing,1
uspis,1
psychological review,1
bulletin of the psychonomic society,1
society of fire protection engineers,1
journal of police science and administration,1
journal of experimental psychology: general,1
american bar association journal,1
puget soundings,1
bulletin de psychologie,1
law and psychology review,1
mass emergencies,1
society,1
scott foresman & co.,1
contemporary psychology,1
journal of experimental psychology: human learning and memory,1
hodder & stoughton publishers,1
arnold,1
navigant consulting inc.,1
guidepost solutions llc.,1
usss,1
u.s. attorneys office,1
fincen,1
kellwood co.,1
nat'l r.r. pass. corp.,1
island intell. prop. llc,1
"kumho tire co., inc.",1
e.d. pa.,1
neurology india,1
psychosomatics,1
social science & medicine,1
the american journal on addictions,1
the forensic examiner,1
violence and victims,1
world journal of surgical oncology,1
journal of american academy of psychiatry and the law,1
"the journal of the florida medical association, inc.",1
seminars in clinical neuropsychiatry,1
fed. r. evid. 702 advisory committee,1
los angeles criminal justice inns of court,1
los angeles police department threat management unit,1
louisiana district attorneys association,1
medical college of virginia,1
minnesota employment law counsel,1
minnesota state bar association,1
national college of district attorneys,1
national institute of drug abuse research center,1
newport beach police department,1
north texas district attorneys,1
orange county bar association,1
orange county homicide investigators association,1
orange county inns of court,1
packaging institute international,1
paramount studios,1
prosecuting attorneys' council of georgia,1
richmond psychiatric society,1
robert presley institute of criminal investigation,1
san diego psychiatric society,1
south beach psychiatric center,1
"southern california chapter, american academy of psychiatry and the law",1
southeastern prosecutors institute,1
space coast institute of legal medicine,1
saint john's hospital and health center,1
st. louis university school of medicine,1
state bar of california,1
target,1
texas district & county attorneys association,1
university of alberta,1
university of arkansas for medical sciences,1
northeastern association of forensic sciences,1
federal law enforcement training center,1
federal bureau of investigation laboratory,1
international law enforcement academy (ilea),1
international criminal investigative training program (icitap),1
australian family physician,1
u.s. congress,1
house judiciary subcommittee,1
state of louisiana,1
state of connecticut,1
massachusetts bar council,1
new york state board of bar examiners,1
office of the new york state anti-corruption prosecutor,1
office of frank s. hogan,1
n engl j med,1
brooklyn waterfront terminal corp.,1
int'l terminal operating co. inc.,1
colo,1
fosamax prod. liab. litig.,1
paoli r.r. yard pcb litigation,1
pepsi cola,1
ohio,1
ariz.,1
salk institute for biological studies,1
journal of verbal learning and verbal behavior,1
violence against women,1
psychology of women quarterly,1
applied cognitive psychology,1
perspectives on psychological science,1
bulletin of the menninger clinic,1
comprehensive psychiatry,1
personality and individual differences,1
social behavior and personality,1
american journal of preventative medicine,1
charles scribner's sons,1
macmillan publishing co.,1
clinical psychology review,1
issues in mental health nursing,1
american journal of psychiatry,1
international security management association,1
appleton paper mill,1
de la rue printing facility,1
new york chapter of fraud examiners,1
the george washington university,1
astm international,1
scientific working group for questioned document examiners,1
mcdonald's,1
los angeles superior court,1
macy's inc.,1
usaa,1
western district of virginia,1
national railroad passenger corporation,1
virginia division of forensic science,1
anne arundel county police department crime lab,1
government scientific source (gss),1
lab'y corp. of am.,1
"rci hosp. holdings, inc.",1
"tactical armor products, inc.",1
"dhb industries, inc.",1
dhb,1
joon,1
point blank body armor,1
rothstein rosenfelt adler,1
academic psychiatry,1
nat’l r.r. pass. corp.,1
nba,1
routledge & kegan paul,1
f.a. davis,1
national crime victim bar association,1
ncaa,1
las vegas metropolitan police department,1
montana attorney general's office,1
federal public defender's office,1
mercer law school,1
loyola university new orleans law school,1
case western school of law,1
south texas law school,1
lewis & clark law school,1
oklahoma city university law school,1
benjamin cardozo law school,1
iacp,1
jai publishing,1
columbia law review,1
millbank memorial fund,1
professional resource exchange,1
transaction books,1
national organization of forensic social work,1
american college of legal medicine,1
national conference of state legislatures,1
attorney general's commission on pornography,1
miller korzenik sommers rayman llp,1
oxford univ. press,1
u-t san diego,1
collins corr. fac.,1
new jersey superior court,1
bsg resources limited,1
bsg resources (guinea),1
"bsg resources (guinea), sarl",1
"ida mae lee, llc",1
"icor, ltd.",1
line power ltd,1
trengei development ltd,1
hawkins development ltd,1
superfine group ltd.,1
"mt. charleston investments, llc",1
the maitland men's club,1
mile high home contractors inc.,1
baron real property holdings llc,1
amli/bpmt town square partnership,1
"dino-peds management group, llc",1
"commission for conciliation, mediation and arbitration (ccma)",1
maryland state board of medical examiners,1
pennsylvania state board of medical education and licensure,1
massachusetts board of registration in medicine,1
virginia state board of medicine,1
maryland association of private practicing psychiatrists,1
australian academy of forensic sciences,1
asociacion mexicana de medicina legal,1
ap news,1
capital group,1
general atomics,1
macy's,1
cf industries,1
publicis media,1
quest diagnostics,1
publicis group,1
dep’t of justice,1
u.s. attorney’s office,1
martindell,1
n. am. co.,1
dresser indus.,1
minnesota life ins. co.,1
intelligencer,1
tribune publishing,1
the baltimore sun,1
sun sentinel of fla.,1
the morning call of pa.,1
hartford courant,1
daily press of va.,1
the virginian-pilot,1
the daily meal,1
studio 1847,1
nasdaq,1
alabama bar association,1
american financial services association,1
federal bar association,1
institute of industrial research,1
international organization of human rights association,1
law education institute,1
michigan bar association,1
national center on aging,1
ohio bar association,1
pennsylvania human relations commission,1
practising law institute,1
security industry association,1
women's law caucus: national conference,1
attorney general's office,1
board of higher education,1
central intelligence agency (cia),1
environmental protection agency (epa),1
freddie mac (federal home loan mortgage corporation),1
fannie mae (federal national mortgage association),1
homeland security,1
international organization of human rights associations,1
municipal court of philadelphia,1
national aeronautics and space administration (nasa),1
"office of federal contract compliance, department of labor (ofccp)",1
security exchange commission,1
third circuit court of appeals task force on equal treatment in the courts,1
u.s. department of agriculture,1
u. s. justice department,1
"donaldson, chilliest & mcdaniel, llp",1
fifth amendment,1
"stephens media, llc",1
eighth judicial district court,1
forum commc’ns co.,1
beacon journal publ’g co.,1
at&t corp.,1
sprint corp.,1
h.l. hayden co. of new york,1
"siemens med. sys., inc.",1
philadelphia police department,1
southern district court,1
greenburgh cent. sch. dist. no. 7,1
west palm beach,1
abc 20/20,1
audible,1
sec. litig.,1
us supreme court,1
judiciary,1
flsd,1
new york times co.,1
new york mellon trust co.,1
penncro assocs.,1
department of justice (doj),1
"players computer, inc.",1
statistical tabulating corp.,1
"k. arakelian, inc.",1
"caplin & drysdale, chartered",1
boies,1
united bhd. of carpenters & joiners of am.,1
world boxing council,1
british royal family,1
del.,1
utah app. ct.,1
haw. app. ct.,1
ohio app. ct.,1
tex. app. ct.,1
smithkline beecham corp.,1
yonkers sav. & loan ass'n,1
third circuit court of appeals,1
equal employment opportunity commission,1
environmental protection agency,1
national aeronautics and space administration,1
consumer financial protection bureau,1
fannie mae,1
"four star fin. servs., llc",1
commonwealth mgmt. assocs.,1
metropolitan detention center brooklyn,1
boies firm,1
nebraska press ass'n,1
southern district of new york's assignment committee,1
montgomery county detective bureau,1
"copley press, inc.",1
misterstory,1
zenherald.com,1
maternityweek.com,1
d.n.j.,1
refco grp. ltd.,1
phh variable ins. co.,1
university of california at berkeley school of law,1
cong. rec.,1
h.r. conf. rep.,1
harv. l. rev.,1
j. crim. l. & criminology,1
"boies, schiller, flexner llp",1
judicial conference of the second circuit,1
a.b.a.,1
palm beach county state attorney’s office,1
palm beach county sheriff’s office (pbso),1
federal court,1
"motorola, inc.",1
iridium india telecom ltd.,1
seattle times co.,1
"fragrancenet.com, inc.",1
"fragrancex.com, inc.",1
cty. of nassau,1
w.va,1
united states attorney’s office,1
united states attorney's offices,1
eleventh circuit court of appeals,1
lifetime,1
palm beach county (florida) police department,1
federal bureau of investigations,1
u.s. attorney's office -southern district of florida,1
u.s. attorney's office- southern district of new york,1
united states district court for the eastern district of pennsylvania,1
8th cir.,1
government of virgin islands,1
circuit court of appeals,1
"merrell dow phar., inc.",1
courts in the second circuit,1
usap,1
human resources,1
perry publications,1
us senate,1
brooklyn u.s. attorney,1
"j. epstein virgin island foundation, inc.",1
epstein interests,1
town car services,1
"official reporting service, f.l.c.",1
"lecg, llc",1
"center for forensic economic studies, inc.",1
national economic research associates (nera),1
wharton school of the university of pennsylvania,1
third circuit task force on race and gender,1
civil rights division of the united states justice department,1
office of federal contract compliance (ofccp),1
"official reporting service, l.l.c",1
second court,1
government counsel,1
"boies, schiller & flexner",1
"bureau of alcohol, tobacco, firearms, & explosives",1
alpine ridge group,1
hughes aircraft co.,1
enterprise mortgage acceptance co.,1
"int'l equity invs., inc.",1
d.a.s,1
immigration & customs enforcement,1
u.s. post office,1
federal correctional usp coleman ii,1
sdny pro se office,1
clerk's office s.d.n.y.,1
#metoo,1
#timesup,1
"j. stanley pottinger, pllc",1
"american media, inc.",1
court of common pleas of montgomery county,1
air line pilots ass'n int'l,1
denver police department,1
city and county of denver,1
u.s. district court for the district of colorado,1
pennsylvania state police,1
the mirror,1
the times,1
federal criminal code,1
"pear sterns and company, inc.",1
wolf camera,1
plumbers and pipefitters nat'l pension fund,1
cheltenham township police department,1
verscheiser,1
jssa,1
merrell dow pharmaceuticals,1
international society for traumatic stress studies (isstss),1
"abstrax, inc.",1
hewlett-packard co.,1
usag,1
us atty,1
state dept,1
philadelphia police,1
cheltenham police,1
ebay,1
f.d.i.c.,1
ernst & ernst,1
the atlantic,1
harrah's casino,1
florida west,1
district attorney of montgomery county,1
oxford english dictionary online,1
sdfl usao,1
getty image,1
the center for investigative reporting,1
the daily beast company llc,1
"daily news, lp",1
the media institute,1
mpa—the association of magazine media,1
national newspaper association,1
society of environmental journalists,1
the national press club,1
the national press club journalism institute,1
"nbcuniversal media, llc",1
radio television digital news association,1
reuters news & media inc.,1
society of professional journalists,1
the wnet group,1
"triumph capital group, inc.",1
office of the insurance commissioner,1
county detectives,1
cheltenham detectives,1
fowlerewhite burnett,1
united states attorney for the southern district of florida,1
rockview sci,1
int'l tel. and tel. corp.,1
united states probation,1
lecg,1
center for forensic economic studies,1
"national economic research associates, inc.",1
urban institute press,1
crown publishers,1
montgomery court of common pleas,1
ny 1,1
fox,1
phl variable ins. co.,1
"refco grp. ltd., llc",1
metropcs,1
president's cabinet,1
navient sols. l.l.c.,1
"cinemark usa, inc.",1
hartgrove hosp.,1
new york telephone co.,1
epdm,1
"gannett co., inc.",1
s.d.n.y. united states attorney's office,1
united states census bureau,1
"gibson, dunn & crutcher llp",1
austin american-statesman,1
san francisco chronicle,1
politico,1
jigsaw productions,1
the wall street journal,1
davis wright tremaine,1
hearst,1
9news colorado,1
the los angeles times,1
wbur,1
the mcclatchy company,1
the philadelphia inquirer,1
"new york, new york",1
ret.,1
the markup,1
the e.w. scripps company,1
pbs/the newshour,1
creators syndicate,1
american lawyer media,1
the new yorker,1
propublica,1
freelance,1
duxbury press,1
litigation handbook series,1
marine ornithology,1
american bankers association,1
federal publications,1
department of housing and urban development,1
indem. ins. co. of n. am.,1
greenville indep. sch. dist.,1
international tel. & tel. corp.,1
michigan,1
pittsburgh police department,1
allegheny county district attorney's office,1
governors ball,1
philadelphia inquirer,1
"yonkers contracting co., inc.",1
federal judiciary,1
courthouse news service,1
law&crime,1
new york state attorney general,1
prosight specialty mgmt. co.,1
aioi nissay dowa ins. co.,1
whatsapp,1
new york/new jersey hidta task force,1
the witness,1
jfk,1
computer analysis response team,1
colleges and universities,1
"grand bank and trust of florida, inc.",1
wellington olive garden,1
ameristar jet charter,1
pam beach police department,1
nasa,1
jet aviation air,1
public agency,1
"herman & mermelstein, p.",1
insp,1
george slattery & associates,1
p.a. beach police department,1
"cbp field ops - hq, private aircraft ops",1
lm beach police departme.,1
ainbc lakeside center-cc,1
bice ristorante,1
pqh,1
circuit court of the 15th judicial circuit,1
florida state university (fsu),1
air coastal fleet service,1
cbp field ops - newark nj,1
south tech,1
rtz,1
altea+cm amadeus dcs altea cm,1
"gerald b. lefcourt, p.c.",1
juvenile court clerk's office,1
v'm beach police department,1
"herman & mermelsten, p.a.",1
best buy,1
florida statute,1
gametap,1
quizzilla,1
gettheammo.com,1
virgin atlantic airway,1
caca,1
scbe,1
premio computer inc,1
victoria secret,1
guys and dolls,1
v'm beach police departm,1
"law offices of gerald b. lefourt, p.c.",1
ppc,1
scbp,1
"bocc-leopold, p.a.",1
pbi beach police department,1
roland air,1
apis_rap,1
commercial carrier,1
ascbpo,1
36 mafia,1
fallout boy,1
cbp field ops - ny (jfk),1
mapquest,1
panorama air,1
rlpm,1
thomson/west,1
la alcoholics,1
cassa,1
pwc,1
u.s. air france,1
altea*cm,1
lawn doctor,1
chick filet,1
trackvia,1
diller rent a car,1
us p insp,1
"mn aviation, inc.",1
air tran,1
navitaire inc.,1
the associated press,1
pb post,1
ahca,1
chekita suburban,1
slightly stoopic,1
"mapquest.com, inc.",1
navteq,1
sable palm school,1
m beach police departme.,1
allen hall wrestling dept,1
hummel of america,1
grassmacker,1
j. censor & associates,1
air center helicopters,1
"culebra, port director",1
south florida fair,1
united states immigration and naturalization service,1
county of honolulu div. of motor vehicles/drivers license,1
"atterbury, goldberger, richardson & weiss, p.a.",1
j. censor & associates reporting & transcription,1
"the limited, inc",1
"atterbury goldberger weiss, p.a.",1
det,1
j. onsor & associates,1
nysgllc,1
tribal council,1
county manager,1
etk,1
us/c/i/cab,1
hdq rm,1
cr-hdq rm,1
cr-1ainv rm ba,1
ds-ac,1
fo,1
fv ba,1
new york presbyterian - lower manhattan hospital,1
cr-1ainv rm af,1
counts and assignments officer,1
abfa,1
department of justice's office of the inspector general,1
special investigative section,1
62fmu4,1
4ga,1
morning watch operations,1
day watch operations,1
evening watch operations,1
western u,1
jfkcdg,1
cdgjfk,1
air martinique,1
sk skyp af,1
us air force,1
sea,1
us dept of justice,1
office of city medical examiner,1
new york presbyterian lower manhattan,1
rd,1
wardens,1
emt,1
er physician,1
inmate companies,1
"criminal division, sdny",1
"public corruption unit, sdny",1
afctct,1
afctch,1
pa-c,1
md,1
commissioned corps of the united states public health service,1
cbp-seattle,1
dot-oig,1
dept of corrections,1
cs,1
muc,1
muccsba,1
rus,1
ss,1
he,1
medical examiner (me),1
ptec,1
u.s. gpo,1
doj-otf,1
psb,1
forensic toxicology laboratory,1
*ga n722je,1
nymbl,1
nymgi,1
nymf3,1
general aviation (*ga),1
nymfc,1
dag's office,1
usao sdny,1
forensic anthropology unit,1
ansi national accreditation board,1
office of information and regulatory affairs,1
office of management and budget,1
nycec08aa,1
nycec0103,1
hdq1sbctyuk,1
osi af,1
new york office of chief medical examiner,1
bog rm toilet,1
daktari,1
nymih,1
nyma8,1
oig office,1
university of hartford,1
philadelphia college of osteopathic medicine,1
john jay,1
office of government information services (ogis),1
dhs,1
ari,1
psychologist services,1
nym/lieutenants,1
nym--new york mcc,1
ticketwizard,1
nms laboratories,1
cbp-boston,1
wa post,1
foxnews,1
fbi office,1
commissioned corps,1
su,1
gs,1
dho,1
bureau,1
fox business,1
mdc collections center,1
osi afax cma,1
legal,1
cr,1
ddip,1
ec,1
new york city fire department,1
emergency medical services,1
p.t. garuda indonesia (ga),1
ttp,1
lpen,1
et,1
air force,1
cecc#4,1
hsu,1
local er,1
ddip proc,1
metropolitan correctional center in new york,1
usao's civil division,1
ny1,1
mortality review committee,1
sdny federal public defenders' office,1
edny federal public defenders' office,1
nysd chambers,1
computer services,1
nym/exec,1
community hospital,1
law offices,1
att,1
office of the governor,1
state attorney office for palm beach county,1
office of inspector general,1
government accountability office,1
hsa,1
d of n,1
qac,1
department head meetings,1
shu staff trainings,1
lieutenant's trainings,1
unit mangers,1
captain,1
psychology staff,1
operations lieutenant,1
central office psychology services,1
mcc new york psychology services,1
marshal's office,1
warden,1
on-call psychologist,1
d.c. department of corrections,1
georgetown prison scholars program,1
u.s. district courts for the southern and eastern districts of new york,1
barclay damon llp,1
jmd budget,1
regional office,1
doj jmd budget staff,1
nym/correctional sys,1
bopc,1
"office of the chief medical examiner, city of new york",1
fbi's digital forensics analysis unit,1
law offices of michael lambert,1
office of the regional director,1
prisoner operations division,1
fbop mcc ny,1
er,1
new york state unified court system,1
nys office of court administration,1
new york city's office of the chief medical examiner,1
attica,1
mcc manhattan,1
office of general counsel,1
office of chief medical examiner records department,1
chief medical examiner legal department,1
business insider,1
the washington times,1
nbc news 4,1
weracon plc,1
mcc new york psychology department,1
u.s. doj oig,1
charter,1
correctional systems department,1
law office of (b)(6); (b)(7)(c) p.c.,1
law offices of (b)(6); (b)(7)(c),1
legislative affairs team,1
health service staff,1
attorney conference,1
thehill,1
law office,1
company 2,1
correction officer,1
central office psychology division,1
mtf,1
nyph,1
fci,1
fdc,1
fmc,1
fpc,1
ftc,1
rrc,1
usp,1
adx,1
smu,1
oip,1
u.s. merit systems protection board,1
executive staff,1
u.s. female gymnastics team,1
correctional service department northeast region,1
forts registration compliance unit,1
morgan.edu,1
receiving and discharge,1
u.s. marshals service (usms),1
"the geo group, inc.",1
4chan,1
florida sheriff's office,1
department of state,1
nym/executive,1
jmd.usdoj.gov,1
usdoj.gov,1
u.s. department of justice (doj),1
fci tallahassee,1
fmc carswell,1
fci talladega,1
ser,1
cpd,1
prd,1
hsd,1
trust fund branch deposit fund section,1
"spectrum services, inc.",1
"corecivic, inc.",1
star tribune,1
wapo,1
mcc new york health services,1
united states v. namer,1
cilins,1
united states v. abdullahu,1
it staff,1
ministry,1
mohawk,1
firestone,1
richardson-merrell inc.,1
koller,1
pichler,1
trial court,1
utreras,1
maxwell,1
beneficial industrial loan corp.,1
"roman catholic diocese of albany, n.y.",1
international telephone and telegraph corp.,1
boock,1
caparros,1
laguardia,1
trustees of plumbers & pipefitters nat. pension fund,1
"volmar distributors, inc.",1
new york post co.,1
shkreli,1
crime victims rights act,1
court clerk's office,1
palm beach house workers,1
"teligent, inc.",1
international telephone & telegraph corp.,1
warner commc'ns,1
"sells eng'g, inc.",1
south carolina,1
north carolina,1
washington state inv. bd.,1
odebrecht s.a.,1
glg life tech corp.,1
brenner,1
scott,1
mohawk indus.,1
risjord,1
french judicial authorities,1
wagoner,1
christy,1
phelps,1
hamilton,1
"mohawk indus., inc.",1
the street.com,1
pretrial supervision,1
"coh& gresser, llp",1
western district of new york,1
riverside cnty.,1
new york city police dep't,1
frontera res. azer. corp.,1
state oil co. of the azer. republic,1
h.l. hayden co. of n.y.,1
"siemens medical sys., inc.",1
nexis newsdesk,1
southern district of new york (foley square),1
usvi attorney general,1
arby's,1
cohne & gresser llp,1
v.i. super. ct.,1
mdc medical staff,1
tower gate chase parkinson,1
xentek,1
jesse phillips foundation,1
binder & schwartz llp,1
chase bank,1
cnh uk limited,1
fss,1
artc,1
karr services,1
district executive,1
pac fic gas turbines,1
project solutions,1
j epstein & co,1
charlots of palm beach,1
panam service,1
fire department,1
shoppers's travel,1
cell antenna corp,1
n. a. property,1
dag,1
ath architects,1
miller & ravid,1
jusler electrical corp,1
town and country log homes,1
na property nc,1
panam,1
national security archive,1
vialta inc,1
elveden farms limited,1
cutex,1
institute for advanced study,1
armon & gilmore inc,1
la mer,1
evian,1
lancôme,1
mentadent,1
scope,1
soleil,1
clerk of the circuit court & comptroller,1
lsj. llc.,1
lawyers’ committee for 9/11,1
independent counsel,1
snow white laundry,1
spartan cleaners,1
financial trucks company,1
assignment committee,1
insurance administration,1
santa fe nstitute,1
"adams business forms, inc.",1
carmine giardini's market,1
laughing cow,1
baby bell,1
french customs,1
herbert berkoff studios,1
the acting studio,1
boston university tanglewood institute,1
west elm,1
edwards henderson the crime victim law firm,1
nexa law limited,1
fedex ground,1
haagen dazs,1
lurpak,1
dannon,1
mercedes benz usa,1
hmf,1
nathans office,1
mclaughlin gormley king co,1
team worldwde,1
moore clarke duvall rodger's p,1
bodywork emporium,1
earthlite,1
my tw n doll workshop,1
epstein & company,1
panish shea ravipudi llp,1
national notary assn.,1
"jp morgan chase bank, n.a.",1
nat'l sec. archive,1
am. hist. ass'n,1
treasury,1
w. e. associates ltd.,1
appl ed monde inc,1
"verner, liipfert, bernhard, mc",1
j.p. morgan securities inc.,1
artigplexi3y,1
noxzema,1
white rain,1
nexxus,1
oil brothers aviation,1
faa aircraft civ l registry,1
universal aviation,1
gulfstream aerospace corp,1
barilla,1
lu,1
eukanuba,1
kleenex,1
tide,1
downy,1
bounce,1
palmolive,1
murphy's,1
windex,1
clorox,1
fantastik,1
cascade,1
glad,1
off!,1
formula 409,1
lysol,1
brasso,1
lenscrafters,1
"souther district reporters, p.c.",1
american century,1
pete's tavern,1
chanots of palm beach,1
insurance,1
jpmsi,1
hellmann's,1
veuve-clicquot,1
absolut,1
tanqueray,1
corona,1
colivita,1
pomi,1
na property inc,1
"air ghislainik, inc.",1
jet aviation customer services,1
air ghislaine inc,1
new york strategy group llc,1
lawyers' committee for 9/11,1
kar n models,1
tresemme,1
thermasilk,1
clairol,1
nexus,1
phytologie,1
plytotherathrie,1
modern elizirs,1
sebastian,1
vs sasoon,1
te tao,1
j. f. lazartigue,1
lancome,1
kiehls,1
laura mercier,1
sisley,1
kneipp,1
estee lauder,1
burberry,1
estate manager,1
epstein # company,1
u.s. steel corp.,1
douglas oil co.,1
u.s. treasury,1
united states senate committee on finance,1
alltel ind of south flor da,1
palm beach national bank & tru,1
"cystal communications, inc.",1
jeppesen sanderson,1
fianancial trust,1
zwd - survivors charter school,1
schick,1
the body shop,1
hawaiian tropic,1
tampax,1
always,1
midelfart holding,1
zwd - survivors charter school - 3390,1
royal palm beach community high - 2331 - h,1
wellington high adult education center - 2192 - a,1
forest hill high - 0581 - h,1
wellington high - 2191 - h,1
crestwood middle - 1691 - m,1
zwd - royal pines school - 1703,1
loxahatchee groves elementary - 1901 - e,1
medspace,1
j. epste n & company,1
national judicial college,1
sam's club-pb gardens,1
wall st. j.,1
georgeson shareholder,1
insurance administrator,1
central new mexico electric co,1
parm bech natioal bank & trust,1
my twian work shop,1
moore clarke duvall & rodgers,1
n a property inc,1
u.s. code,1
organized crime strike force,1
brochin law,1
fernich law,1
laude esquier champey,1
cornell univ.,1
united states district courts,1
giglio v. u.s.,1
united states v. avellino,1
united states v. valentine,1
young v. united states,1
french minister of justice,1
district of columbia court of appeals,1
district of columbia bar,1
new york supreme court,1
"haddon morgan and foreman, p.c.",1
"krieger kim & lewin, llp",1
"maple, inc.",1
department of justice (d.o.j),1
fremont county police,1
u.s. authorities,1
new york county assistant district attorney's office,1
public safety and emergency preparedness canada,1
smart office,1
us authorities,1
jeffrey epstein estate,1
government of latvia,1
regional court of bialystock (poland),1
government of new zealand,1
prosecutor general's office of the republic of lithuania,1
government of ireland,1
pbsa,1
international bar association,1
defense extradition lawyers forum,1
corporate firms lawyers association,1
european criminal bar association,1
franco british lawyers society,1
royal family of saudi arabia,1
bnn bloomberg,1
usao-sdga,1
prosecution team,1
government of south africa,1
metro. life ins co,1
gambino crime family,1
"association for children for enforcement of support, inc.",1
peters and peters solicitors llp,1
"united states district court, southern district of new york",1
saudi royal family,1
"nasco, inc.",1
"gorilla, inc.",1
ministry of justice of the french republic,1
interpol,1
telephone company,1
bank,1
washington state auditor's office,1
association of general contractors,1
labor unions,1
the crime victim law firm,1
wikileaks,1
french authorities,1
college of law,1
mdc it,1
jeffrey epstein's estate,1
conseil d'état,1
cour de cassation,1
florida police department,1
us district court of new york,1
hopkins hawley llc,1
florida federal prosecutors,1
parks department,1
unites states government,1
unites states of america,1
new york county trial term,1
new york county district attorney,1
"kirkland & elli, llp",1
macalvins accountants,1
new york city department of investigation,1
prosecutor,1
public health service (phs),1
nic,1
"boies, schiller law firm",1
sdny us attorney's office,1
hhs,1
lehman college,1
charity commission,1
fbi new york office,1
estate of mr. epstein,1
s.d. of n.y.,1
"friends of the earth, inc.",1
"laidlaw environmental services (toc), inc.",1
"young apartments, inc.",1
town of jupiter,1
"makro capital of america, inc.",1
ubs ag,1
"florida wildlife federation, inc.",1
south florida,1
mcmaster,1
scarfo,1
ginsberg,1
new york harbor,1
nbc universal,1
avaya inc.,1
texas rape crisis center,1
city of alabaster,1
"digital props., inc.",1
city of plantation,1
coalition for the abolition of marijuana prohibition,1
city of atlanta,1
abbott labs.,1
gardner,1
laude esquicr champey,1
law journal,1
attorney's office,1
county board,1
common cause/new york,1
gov't opp. br.,1
maxwell corporate gifts,1
new york state appellate division,1
cohen & greisser llp,1
kropf moseley schmitt pllc,1
fowler white burnett,1
amicus curiae national association of criminal defense lawyers,1
u.s. federal courts,1
florida state,1
hm government,1
fbi's miami office,1
department of trade and industry,1
central criminal court,1
court of appeal of jersey and guernsey,1
council of europe,1
french cour de cassation,1
lloyds,1
united kingdom military,1
united kingdom special forces,1
uk security industry authority,1
academy of security intelligence and risk studies,1
us courthouse,1
u.s. office,1
child exploitation unit,1
u.s. customs and border patrol,1
f. supp. 2d,1
international telephone & telegraph corp,1
office of the chief medical examiner of the city of new york,1
u.s. attorney's southern district of new york,1
terramar project inc,1
terramar uk,1
epstein interests foundation,1
d.p.r.,1
district court of utah,1
new york somu,1
sex offender monitoring unit,1
d. vt.,1
united states attorney's office for southern district of new york,1
u.s. dept. of educ.,1
salt river project agr. imp. & power dist.,1
the people,1
the board,1
potential witnesses,1
cayman islands,1
russian federation,1
oboronenergosbyt jsc,1
westminster magistrates court,1
bureau of pretrial punishment,1
court of brescia,1
william julié avocats,1
french ligue des droits de l'homme,1
university of paris sorbonne,1
university of paris assas,1
sfo,1
octris,1
french institutions,1
lerner and lerner,1
wiktionary,1
u.s attorney's office for the southern district of florida,1
fbi's palm beach resident agency,1
chemcial bank,1
boston globe,1
peters and peters,1
us court,1
uk court,1
conseil constitutionnel,1
united states court of appeals for the eleventh circuit,1
new mexico state police,1
santa fe county sheriff,1
georgetown univ. hosp.,1
food and drug admin.,1
public prosecutor,1
new york state board of examiners,1
northern district of georgia prosecutors,1
kirkland,1
circuit courts of appeal,1
government of australia,1
government of the republic of cyprus,1
government of trinidad and tobago,1
government of united states of america,1
united states courts,1
the grand jury,1
federal sora,1
underwriters at lloyds,1
"street beat sportswear, inc.",1
hess,1
florida power & light co.,1
"mid-valley, inc.",1
"index fund, inc.",1
vance's office,1
wa state auditor,1
media organizations,1
hughes hubbard & reed llp,1
administration,1
minister of foreign affairs,1
minister of justice,1
prosecutor general,1
manhattan courthouse,1
palm beach police foundation,1
hotel crillon,1
hotel raffael,1
l'arpege,1
la merlot,1
la poste,1
lawyers,1
le telegrapho,1
le voltaire,1
1st cir.,1
northwest airlines,1
raytheon travel air,1
steppes east,1
travel consolidator europe,1
london airways,1
net jets,1
pisa brothers,1
plane charter,1
nite & day,1
platinum travel,1
red carpet limousine company,1
saphire travel,1
sr reservations,1
travel consolidators,1
twa,1
usa international,1
u.s. court of appeals for the 5th circuit,1
u.s. court of appeals for the 8th circuit,1
u.s. dep't of homeland sec.,1
new jersey state courts,1
u.s.d.c. district of new jersey,1
new york state off. of vocational & educational servs.,1
cassadaga valley cent. sch. dist.,1
oxford health plans,1
prudential,1
breakers the,1
creative custom swimwear,1
communist party,1
lister hospital,1
medlink emergency,1
stichcraft,1
the law offices of montell figgins,1
tropical shipping,1
water taxi,1
jerusalem hyatt,1
torne di pisa,1
train info,1
u.s. district judge/u.s. magistrate judge,1
u.s. attorney's office for the southern district of florida (usao),1
executive office for u.s. attorneys (eousa),1
federal records center,1
usdoc-nj,1
c.d.cal.,1
department of justice office of inspector general,1
office of the vice president,1
santa fe institute,1
massage - new mexico,1
thurgood marshall united states court house,1
the home office,1
the corvaglia club,1
the steffani,1
aero leasing,1
air hansan,1
clticar,1
concord tickets,1
delta airlines,1
delta dash,1
dhl courier,1
flight options,1
flyaway,1
frequent flyer clubs,1
helicopters,1
nat west,1
natwest bank,1
pb national,1
att acess,1
cab blue,1
cabaret,1
car rental,1
chateau de la messardier,1
chez denise,1
chez l'ami louis,1
deputy attorney general's office,1
florida's department of corrections,1
cfw const. co. inc.,1
u.s. tax ct.,1
muthaiga club,1
airport transfers,1
chelsea police station,1
drivers,1
entwistle isl,1
hair assocs,1
harrods limited,1
harvey nichols,1
holland & holland,1
jackson stons,1
john higgs ltd,1
la famiglia,1
massage - uk,1
minicabs,1
nags head,1
police 24 hours,1
range rover,1
mast industries,1
mast industries - milan,1
doj antitrust division,1
stolt-nielsen,1
"cfw const. co., inc.",1
tribeca grill,1
two bunch palm,1
waldorf astoria,1
westbury hotel,1
annabels,1
aspinals,1
bibendum,1
clermont club,1
daphne,1
foxtrot oscar,1
harrys bar,1
marks club,1
nam long,1
nikitas,1
patisserie valerie,1
san lorenzo,1
scalinis,1
tramp,1
centurion,1
boies schiller flexner llps,1
psa,1
dnj,1
office of personnel management,1
accenture,1
usi film prods.,1
enterprise mortg. acceptance co.,1
"balliol college, oxford",1
"law offices of montell figgins, llc",1
roxton sporting,1
the law offices of montell f figgins,1
united states attorney southern district of florida,1
u.s attorney's office,1
united states attorney office,1
mvers of westwick,1
nicolas,1
opia,1
peninsula hotel,1
peninsulla hotel,1
plaza,1
plaza athenee hotel,1
province restaurant,1
ritz carlton,1
royalton,1
sette mezzo,1
sotheby's,1
st regis hotel,1
stanhope hotel,1
sunset marquee,1
tao restaurant,1
"tavlor, the",1
the great american health bar,1
the lowell,1
the westbury,1
insurance office of central oh,1
graces marketplace,1
1st cir,1
n.h.,1
2d cir,1
"aidala, bertuna, & kamins pc",1
enter. mortg. acceptance co.,1
union local 3148,1
mcc new york management,1
new albany country club,1
gallery books,1
"aidala, bertuna + kamins, p.c.",1
office of the clerk,1
mdc-brooklyn,1
ausa-sdfl,1
beverly wilshire,1
bice,1
bilboquet,1
bond street,1
carlyle,1
christie's new york,1
cipriani downtown,1
coffee shop,1
cohen gibby,1
cook henry meer,1
dawat haute cuisine of india,1
delmonico's,1
doyle's,1
elaine,1
electrolysis,1
ellio's restaurent,1
essex house,1
estia,1
exercise-new york,1
four seasons,1
four seasons hotel,1
four seasons restaurant,1
johnson,1
parse,1
altro,1
cooper,1
mcdonough power equipment,1
newin corp.,1
hartford accident & indemn. co.,1
metro. life ins. co.,1
office of the united states attorney for the northern district of florida,1
inspector general's office,1
justice office of professional responsibility,1
avis international,1
america(a),1
new york court of appeals,1
feds,1
u.s. sentencing guidelines,1
citrix systems,1
chef-durolle restaurant,1
chef-aspan ca,1
karin models,1
appalachian power co.,1
arizona,1
brazeail,1
bridges,1
doe,1
indyke,1
e. enterprises,1
apfel,1
egbert,1
boule,1
"enterprise mortg. acceptance co., llc",1
gall,1
garcia,1
giglio,1
the law offices of montell figgins llc,1
office of the inspector general audit division,1
us district court,1
new york city office of the chief medical examiner,1
doj's office of the inspector general,1
"u.s. court of appeals, 2nd circ.",1
frpc,1
local 3148,1
intellectual ventures,1
"n.a. property, inc.",1
torres court,1
u.s. attorney's offices,1
drk photo,1
hatsuhana,1
helmsley palace,1
il cantinori,1
il tra merli,1
isabelle's,1
jour et nuit,1
karen pets,1
le club,1
le comptoir,1
lowell hotel,1
madison gourmet,1
madison towers,1
mark hotel,1
massage -california,1
mayfair regent,1
mercer kitchen,1
morgan hotel,1
mr chow,1
nyc office of chief medical examiner,1
u.s. court of appeals for the d.c. circuit,1
blakes,1
carlton tower,1
claridges,1
cliveden house,1
connaught,1
dorchester,1
lanesborough hotel,1
ritz,1
savoy,1
the barclay hotel,1
waterside inn,1
air center helicopter,1
christopher taxi,1
hicks india,1
peters & peters,1
rugs,1
security (sc),1
scotland yard,1
"cohen & gresser, llp (nyc)",1
"bobbi c. sterheim, esq.",1
color of change,1
dep't of homeland sec.,1
nat'l res. def. council,1
roebuck & co.,1
united states dep't of homeland sec.,1
united states envtl. prot. agency,1
federal bureau,1
law offices of montel figgins,1
usao's major crimes section,1
police pb,1
rompano helicopter,1
ranch (rh),1
vet,1
buckingham research,1
"butler aviation, newark",1
u.s. border patrol,1
united states attorneys office,1
criminal division's appellate section,1
plaza athenee,1
ritz - paris,1
river cafe,1
tante louise,1
berkeley hotel,1
office of foreign claims settlement commission,1
environment & natural resources division,1
management & budget division,1
interpol - u.s. national central bureau,1
"foy & seplowitz, llc",1
law offices of montell figgins,1
u.s. marshall,1
"shaheen bus. & inv. grp., inc.",1
"city of jackson, miss.",1
justice manual,1
u.s. attorney for the southern district of new york,1
"u.s. district court, s.d.n.y.",1
getting dimensions inc.,1
omnipoint communications,1
federal communications commission,1
"at&t wireless, inc",1
"verizon new york, inc.",1
sunrock,1
auto dept,1
karon models,1
vomar consulting,1
legal-eze,1
"lewis tein, pl",1
ahlstrom corp.,1
belfer center for science and international affairs,1
caisse nationale de prevoyance,1
archer daniels midland company,1
the brookings institution,1
polityka,1
schumberger limited,1
chamber of commerce and industry of milan,1
"bechtel group, inc.",1
skandinaviska ensklikda banken,1
institute for international economics,1
ford foundation,1
banesto,1
alcoa aluminum limited,1
development center,1
sara lee corporation,1
csis,1
rhone group,1
sao,1
hw handy,1
williams-sonoma,1
the new york post,1
british mail on sunday,1
palm b ch county sheriff's offic,1
1 clearlake centre llc,1
"herman & mermelstein, p",1
shenshoulders,1
at&t wireless services,1
"sprint spectrum, lp",1
republican congressional committees,1
democratic congressional candidates,1
maloof family,1
brickel hotel,1
wellington,1
multimedia,1
ritz carlton hotel,1
intel,1
bishop water company,1
avion water,1
gas energy inc,1
may tag,1
c' est si bon,1
two jays,1
green pharmacy,1
extra touch flowers,1
home depot,1
sewell hardware,1
mercedes of palm beach,1
chevrolet,1
gray sunoco,1
nestor auto,1
county court,1
frontier pr,1
"mortgage express, inc.",1
department of banking and finance,1
hotel dolina,1
el brillo,1
"shoppers travel,inc",1
cardinal newman,1
photobucket.com,1
harvard law professor,1
earthlink,1
purdue pharma l.p.,1
xcingular wireless,1
gibson co.,1
the project for the new american century,1
wexner analysis,1
community shares of mic,1
the columbus free press,1
bellsouth telecommunication,1
new mexico racing commission,1
"ensor & associates reporting and transcription, inc.",1
weiss,1
energy efficient electric,1
palm beach exterminating,1
efflorescence,1
the doorsmith,1
reich metal fabricators,1
dolphin sprinkler inc,1
academy services,1
wilson rowan locksmiths,1
n y office,1
office of the florida state attorney,1
hyperion,1
vh1,1
vogue,1
access hollywood,1
publ,1
quarterdeck,1
eastbay,1
a&f wellington,1
royal palm beach community high school,1
guerlain,1
the spa,1
muckrock,1
fy'e,1
alm beach police department,1
itrasa,1
uop,1
republic national bank of new york,1
hsbc bank usa,1
federal deposit insurance corporation,1
wpp group,1
atco ltd.,1
canadian utilities ltd.,1
the blackstone group,1
den danske bank,1
first national bank of chicago,1
bp,1
goldman sachs international,1
zensen,1
institute of oriental culture,1
the 21st century public policy institute,1
sociedad de formento industrial (desc),1
banque bruxelles lambert,1
interbrew,1
"sloan school of management, mit",1
university of copenhagen,1
radio kuku,1
european institute,1
hellenic observatory,1
cigna corporation,1
royal spanish academy,1
united democrats,1
corriere della sera,1
austrian federation of trade unions,1
european trade union confederation (etuc),1
"charoen pokhand co., ltd",1
wolftnsohn & co. inc.,1
bretton woods committee,1
nova ljubljanska banka,1
council of state,1
frigoglass group,1
alpha finance,1
emery air freight corp,1
illinois insurance regulators,1
olympint communications,1
the sharper image,1
lavogue,1
bsl bellsouth long distance,1
"aln global crossing telecommunications, inc.",1
cellular mobile carrier (cmc),1
reallegal,1
blanton automotive,1
maaco auto painting,1
iasis limited,1
florida bureau of law enforcement,1
palm beach atlantic university,1
lantana police department,1
penumbra marine,1
s.o.,1
gambino family,1
e&y,1
city of west palm beach,1
florida power and light,1
florida gas company,1
etc,1
international monetary fund,1
eastman kodak company,1
morgan stanley dean witter,1
ogilvy renault,1
the general electric company,1
impex electronic,1
the japan foundation,1
dentau institute for human studies,1
ifi,1
ifil,1
"morgan, lewis & bockius llp",1
"windward capital partners, l.p.",1
international paper,1
international business machines,1
rjr nabisco,1
trw inc.,1
stikeman elliot,1
house of commons standing committee on foreign affairs and international trade,1
united negro college fund,1
marsh & mclennan companies,1
"american international group, inc.",1
nm rothschild & sons,1
federal reserve board,1
levi strauss & co.,1
allianz,1
gerling speziale kreditversicherungs,1
european central bank,1
"human genome sciences, inc.",1
buca di beppo,1
flamingos,1
division,1
us us airways,1
nyc office,1
daily beast,1
palm beach da's office,1
us da,1
pbc division of youth affairs,1
palmbeachpost.com,1
"bruce e. reinhart, p.a.",1
"mcintosh, sawran, peltz & cartaya, p.a.",1
"burman, critton, luttier & coleman, llp",1
associated life,1
emery air freight corp.,1
rodman & renshaw,1
palm beach pd,1
pbc divison of youth affairs,1
accion por la republica,1
taiwan semiconductor manufacturing,1
halliburton co.,1
hyosung corporation,1
cassels brock & blackwell,1
o'melveny & myers,1
"bea systems, inc.",1
ripplewood holdings,1
conroy diamonds & gold,1
university of paris,1
"pitney bowes, inc.",1
columbia univ.,1
rand corp.,1
"domo, wdp",1
global health care partners,1
asian institute of management,1
power corporation of canada,1
parliamentary centre,1
development foundation of turkey,1
clark and weinstock,1
the club of rome,1
the economist,1
"pepsico, inc.",1
n.a. property inc.,1
times mirror company,1
sprint corporation,1
national bureau of economic research,1
clerk of the court,1
circuit court of the fifteen judicial circuit,1
leantec,1
t-pacific,1
muvico parisian,1
bishop water co,1
carmine giardini's,1
c'est si bon,1
wild oats,1
greens pharmacy,1
lewis pharmacy,1
florida department,1
rental car finance corp,1
volvo,1
dollar rent a car systeme inc,1
island animal hospital,1
limited brands legal,1
panasonic,1
guinness,1
state racing commission,1
"sunsor & associates reporting and transcription, inc.",1
kiraly and riley private investigators,1
classmates.com,1
judicial circuit court clerk & comptroller,1
midnight express,1
investigations,1
u.s. house of representatives,1
exxon corporation,1
citicorp,1
techint group of companies,1
corriere della serra,1
harvard univ.,1
center of research for development,1
browning-ferris ind.,1
citicorp/citicorp,1
omnitel,1
lucent technologies,1
the danish european movement,1
constantino group,1
idelco,1
helsinki federation for human rights,1
lehman brothers,1
banca sella,1
banco itau s.a.,1
hoover institution,1
phillips petroleum company,1
institute for international affairs (iai),1
towers,1
dickerson and rely,1
zales,1
a better copy center,1
airborne express,1
skatezoneunderground.com,1
georgeson,1
att/cingular cellular service,1
good sam hospital,1
spa the breakers,1
mixflavas.com,1
mixtape hype,1
mixchamp.com,1
dior,1
albuquerque tribune online,1
the downs,1
dga,1
manhattan money manager,1
federal authorities,1
rbpd,1
dickerson and reily,1
scullery,1
faa registry,1
teds sheds,1
abeona,1
seagram company ltd.,1
mercedes benz of palm beach,1
roger dean chevrolet,1
nestor auto repairs,1
volvo palm beach,1
the new albany co.,1
naco,1
cable company,1
shutter company,1
worth builders,1
nap property,1
"at&t wireless services, inc",1
"montgomery county, maryland department of health and human services",1
adrenaline studios,1
palm beach international airport,1
kewa gas limited,1
los alamitos race course,1
florida bellsouth,1
d.a.,1
metropolitan refunds,1
11 east 71st street trust,1
p. boh. p.d.,1
levi's,1
ray-ban,1
"emma, inc.",1
jill jill,1
lambertson truex,1
sergdorf goodman,1
ghukka,1
yves saint laurent,1
dolce & gabbana,1
fortis,1
muhammadiyah movement,1
mccain foods limited,1
nationsbank corporation,1
"cargill, inc.",1
"san luis corporacion, s.a. de c.v.",1
carnegie endowment for international peace,1
empresas matutes,1
british parliament,1
citigroup,1
"union of neelletrades, industrial and textile employees",1
afl-cio,1
federation of austrian industry,1
french institute for international relations,1
royal dutch/shell group,1
bingham dana murase salomom smith barney holdings inc.,1
"union of needletrades, industrial and textile employees (unite)",1
peking university,1
world trade organization,1
mobil corporation,1
john f kennedy school of government,1
japan development bank,1
asia pacific research center,1
u.s. national security council,1
civic platform,1
bank of greece,1
jim pattison group inc.,1
westcoast energy inc.,1
unicredito italiano,1
"snsor & associates reporting and transcription, inc.",1
cassidy air conditioning,1
american awning company,1
merry rugs,1
white sox,1
doc marten's,1
skatezoneundergr,1
new york international independent film and video festival,1
florida department of community affairs,1
bellsouth customer service,1
adventure limousine service,1
"cadwalader, wickersham & taft",1
"sprint spectrum,lp",1
postal service,1
dashboard confessional,1
brand new,1
taking back sunday,1
fall out boy,1
operation ivy,1
wisznia associates,1
cid day shift persons unit,1
foster plumbing,1
roto rooter,1
hackl pools,1
county wide tree service,1
palm beach wash & auto detail,1
clean car services,1
educationdegreesource.com,1
annasincense.com,1
herbalextractsplus.com,1
public-records-now.com,1
ewc,1
nyc,1
crownx,1
crown life,1
hills & company,1
credit suisse first boston corporation,1
goldman sachs int.,1
anz bank (new zealand) limited,1
kim & chang,1
corning incorporated,1
le point,1
dallas fed. res. bank,1
neoteny co.,1
solvay,1
dresdener kleinwort wasserstein,1
die zeit,1
perseus llc,1
mobil corp.,1
cable news network,1
"akin, gum p, strauss, hauer & feld",1
allen & company incorporated,1
coca-cola co.,1
"kissinger associates, inc.",1
european convention,1
institute for global economics,1
institute of social sciences,1
the nihon keizai shimbun,1
hudson institute of canada,1
the chase manhattan bank,1
bertelsmann,1
wessing lawyer,1
globe capital partners,1
areva,1
enron corporation,1
akzo nobel,1
korea foundation,1
time warner,1
national compliance,1
fifteenth judicial circuit of florida,1
"victoria secret stores, inc.",1
seagram company ltd,1
florida state prosecutors,1
gmail,1
"mok industries, llc",1
"chw, inc.",1
mok industries,1
wiszma associates,1
little st. james,1
adrenalin studios,1
new albany company,1
fed-x,1
hypertion air inc,1
cha,1
boiler room,1
"ennis, inc.",1
paul smith women,1
traffic,1
chanel boutiques,1
jill kim,1
santa monica,1
capital cherie n.c.,1
yves saint laurent rouge,1
hourtan,1
tommy hilfiger,1
public records,1
florida public service commission,1
galaxy aviation,1
aiu online,1
u.s. department of health and human services,1
u.s. department of state,1
palm beach county sheriff's offic,1
j. epstein and co.,1
delta air lines inc,1
office of public counsel,1
lifeline/link-up,1
"ricci-leopold ""consumer justice attorneys""",1
cleveland plain dealer,1
columbus chief of police,1
architectural digest,1
london sunday times,1
republican party,1
sms group,1
southbay realty,1
palm beach national bank,1
palm beach bicycle trail shop,1
francis peadon house cleaning services,1
comedy corner,1
colomial bank,1
quizilla.com,1
sikorsky helicopters,1
pj,1
waxner office,1
text department,1
military personal against forsake the troops,1
maxim magazine,1
jaguars,1
smirnoff vodka,1
pdr,1
esselte,1
att/cingular cellular,1
whateverlife.com,1
myprofilebuzz.com,1
reel power inc,1
samco systems,1
the door smith inc,1
southern bell,1
benham industries inc,1
wilson & rowan,1
palm beach exterminator,1
dolphin sprinkle,1
national pool service,1
hack pool service,1
country wide trees,1
merry rug,1
south university,1
pubi,1
compoint communications inc,1
windstream l.p,1
bellsouth subpoena center,1
jorgason co,1
c.f.d.a.,1
nis,1
skatez undergr,1
eastbay.com,1
palm b. ch county sheriff's offic,1
westgate tabernacle,1
neiman marcus,1
four season,1
tanyaworld.com,1
turnpoint communications,1
weight watchers,1
fly options,1
american,1
continental,1
south african airways,1
united,1
cpt,1
t mobile ler,1
county courthouse,1
so. co. complex,1
no. co. complex,1
criminal justice bldg,1
state attorneys office,1
nyu's courant institute,1
leeds weld & co,1
bellsouth telephone company,1
garrigues,1
"mitsui chemicals, inc.",1
japan federation of economic organizations (keidanren),1
pinault-printemps-redoute,1
institute of international and strategic studies (iris),1
sms,1
smithkline beecham,1
yle group,1
european broadcasting union (ebu),1
spd parliamentary group,1
bce inc.,1
keio university,1
institute for international policy studies,1
banca bilbao-vizcaya,1
institute for international economic studies,1
cemex,1
u.s. naval academy,1
boston properties,1
wynn las vegas,1
