people,count
jeffrey epstein,8168
ghislaine maxwell,7211
alison j. nathan,1882
jane,1327
mr. everdell,1128
mr. epstein,1116
ms. moe,1098
ms. comey,1091
ms. menninger,1064
mr. pagliuca,861
jeffrey edward epstein,792
alison moe,783
maurene comey,744
lara pomerantz,719
carolyn,709
ms. sternheim,675
ms. pomerantz,669
villafaña,669
acosta,646
andrew rohrbach,610
christian r. everdell,605
bobbi c. sternheim,558
shirley v. skipper-scott,504
jeffrey s. pagliuca,492
sloman,482
mr. rohrbach,478
ghislaine,464
kate,454
ray ormond,453
lamine n'diaye,392
laura a. menninger,361
jeffrey e epstein,358
the court,349
lourie,340
annie,331
ms. drescher,329
sarah kellen,320
defendant,299
dr. rocchio,299
damian williams,274
menchel,261
jeffrey,243
sarah,240
mr. alessi,233
lefkowitz,226
virginia roberts,222
juror 50,221
annie farmer,214
judge nathan,212
audrey strauss,208
christian everdell,202
charisma edge,198
hugh hurwitz,192
alex rossmiller,185
virginia,161
haley robson,160
richard m. berman,149
lee plourde,146
juan alessi,138
comey,138
j. ray ormond,137
pagliuca,134
jeffrey pagliuca,132
pomerantz,131
lanna belohlavek,131
paul m. daugerdas,129
sanchez,128
ms. williams,127
larry visoski,124
det joe recarey,124
mark s. cohen,124
laura menninger,123
alessi,122
minor victim-3,120
mr. parkinson,119
giuffre,116
jeffrey e. epstein,115
jeff,115
park dietz,114
nathan,114
loftus,113
ms. mode,110
bobbi sternheim,110
shirley skipper-scott,110
r. alexander acosta,108
catherine o'hagan wolfe,108
rocchio,107
farmer,104
matt,103
brune,99
minor victim-1,99
je,97
visoski,96
catherine conrad,95
mr. tein,95
mr. visoski,92
j. epstein,92
will,92
mr. leopold,92
dr. loftus,90
minor victim-2,90
mr. okula,88
dr. dietz,88
michael thomas,88
oosterbaan,87
starr,87
minor victim-4,84
james petrucci,84
mr. cohen,82
tova noel,80
dave rodgers,79
jack a. goldberger,79
ghislain maxwell,77
amanda young,77
accuser-3,77
mr. shechtman,76
shawn,76
jane doe,76
brad edwards,76
thomas,75
judge pauley,74
jeffery epstein,74
gerald lefcourt,74
moe,72
belohlavek,72
g maxwell,71
lilly ann sanchez,71
jeff epstein,71
(b)(6); (b)(7)(c),71
krischer,70
virginia giuffre,69
judge preska,69
melissa,67
edelstein,67
maria,67
sigrid s. mccawley,66
cosby,66
david oscar markus,65
alan dershowitz,64
david rodgers,64
ms. farmer,63
everdell,62
mr. rossmiller,62
alex,62
mr. rodgers,61
paul byrne,60
smith,59
robson,59
theresa trzaskoma,58
nadia marcinkova,57
beef knuckles,57
juror no. 50,56
mr. flatley,56
ms. brune,55
david boies,55
cecilia steen,55
tony,54
david parse,53
maria farmer,53
donald trump,52
nicole simmons,51
alfredo rodriguez,51
analisa torres,51
edwards,50
lefcourt,50
judge berman,49
eva,49
mr epstein,49
ms maxwell,49
bill clinton,49
jeff pagliuca,49
jack goldberger,49
joe recarey,49
brian,49
mr. gair,48
william julié,48
sunny drescher,47
joseph recarey,47
a. marie villafana,47
haley,47
sigrid mccawley,46
sternheim,46
jay lefkowitz,46
a. farmer,46
dr. hall,45
menninger,45
j.e.,45
debra ann livingston,45
mr. weinberg,45
sophia papapetru,44
kelly,44
michelle,44
mark stewart cohen,44
black,44
reiter,44
goldberger,44
annabi,44
maguire,44
hall rcw,43
detective recarey,43
wild,43
reid weingarten,43
david,42
nixon,42
mark cohen,42
barry krischer,42
bobbi c sternheim,42
nada marcinkova,42
conrad,41
constand,41
det dawson,41
"altomaro, nickie a.",41
ms. conrad,40
susan brune,40
geoffrey s. berman,40
dershowitz,40
sara,40
mr. glassman,39
ms. trzaskoma,39
stephen gillers,39
prince andrew,39
kellen,39
judge sweet,39
paul a. engelmayer,39
dr. dubin,39
brown,38
nickie a. altomaro,38
mr. parse,37
jordana h. feldman,37
martin weinberg,37
noel,37
johnson,36
accuser-4,36
sean,36
ann lundberg,36
john,36
larry morrison,36
accuser-1,35
torres,35
fisher,35
marti licon-vitale,35
gm,34
eva dubin,34
ms. espinosa,34
nadia,34
katie,34
accuser-2,33
mcmahon,33
rohrbach,33
jane doe #2,33
andy,33
marie,33
davis,32
jones,32
drescher,32
miller,32
dana burns,32
mr. weingarten,32
john m. leventhal,31
gonzalez,31
judge,31
"loftus, e.f.",31
the witness,31
stan pottinger,31
mr. edwards,31
roy black,31
ah,31
lara elizabeth pomerantz,31
"william h. pauley, iii",30
trzaskoma,30
ms. davis,30
mcelvaney,30
courtney wild,30
ms. roberts,30
mr. mchugh,30
zack,30
adam mueller,30
heriberto tellez,30
ms. giuffre,29
robert glassman,29
employee-1,29
lee,29
janusz banasiak,29
sg,29
jeffry,29
sarah ransome,28
mr. schectman,28
daugerdas,28
ashcroft,28
michael,28
g. maxwell,28
alice fisher,28
sharon r. bock,28
pimp juice,28
parse,27
amanda,27
ms. mccawley,27
mark epstein,27
jeffery,27
princess jenny,27
lanna leigh belohlavek,27
yl,27
catherine m. conrad,26
the defendant,26
dr. lisa rocchio,26
dr. ryan hall,26
julie k. brown,26
jeff sloman,26
mchugh,26
eric,26
det. dawson,26
captain,26
michael carvajal,26
sonya thompson,26
mr. pluorde,26
mr. robertson,26
dreier,26
nicolas roos,26
witness-3,25
scotty david,25
dr. elizabeth loftus,25
lesley groff,25
kenneth starr,25
young,25
judge mcmahon,25
castor,25
kevin spacey,25
sgt frick,25
craig,25
michael greco,25
g. tali,25
madoff,25
michelle healy,24
flatley,24
harvey weinstein,24
hershkowitz,24
kogan,24
glassman,24
taylor,24
bill cosby,24
brad,24
sophie biddle,24
cecilia,24
williams,23
stewart,23
scotty,23
stephen flatley,23
mr. scarola,23
emmy taylor,23
william barr,23
conte,23
raniere,23
william o'donohue,23
parkinson,23
darren,23
martin g. weinberg,23
mr. goldberger,23
adriana,23
clinton,22
sophie,22
emmy,22
colleen mcmahon,22
leslie wexner,22
john alessi,22
dawson,22
alison gainfort moe,22
cohen,22
won s. shin,22
khashoggi,22
ms. edelstein,21
mcdonough,21
arthur l. aidala,21
diana fabi samson,21
ghislainc maxwell,21
preska,21
virginia roberts giuffre,21
james,21
dr. park dietz,21
tatum,21
bennett,21
jack scarola,21
lewis,21
schneider,21
ak,21
bradley edwards,21
julie,21
ms. chapell,21
paul,21
daliah weiss,21
mp,21
"recarey, joseph",21
martha martin,21
george malinowski,21
ugly ken hart,21
sampson,20
king,20
claudius english,20
lisa marie rocchio,20
minor victim-6,20
ungar,20
easton,20
lisa rocchio,20
mr. hamilton,20
carpenter,20
alex acosta,20
"raymond j. lohier, jr.",20
sergeant dawson,20
ms. gill,20
mr. verdell,20
defense counsel,20
maurene ryan comey,20
ty gee,20
warden,19
john lopez,19
marshall,19
rodriguez,19
doe,19
maureen comey,19
bennett gershman,19
ward,19
natalie bennett,19
"garry, m.",19
hanson,19
rivera,19
harvey,19
virginia l. giuffre,19
a. marie villafaña,19
gebbie,19
mrs. hesse,19
espinosa,19
juan p. alessi,19
nicole,19
robyn,19
ml,19
joe,19
molly,19
guy fronstin,19
hugh,19
todd blanche,19
montell figgins,19
preston77,19
aileen josephs,19
elizabeth stein,18
robert kelso,18
kelly bovino,18
ianniello,18
white,18
jason richards,18
nicole hesse,18
patrick j. smith,18
elizabeth loftus,18
renato stabile,18
n. bennett,18
w. o'donohue,18
chen,18
agent young,18
amanda kramer,18
peter skinner,18
mr. boies,18
mandelker,18
darren indyke,18
barry e. krischer,18
gerald b. lefcourt,18
mr. besselsen,18
christine,18
colon,18
"(b)(6), (b)(7)(c)",18
warden n'diaye,18
bodmer,18
kristen carannante,18
esposito,18
karni,18
kelly mcguirk,18
natalie,18
jessica lonergan,18
greer,17
isabel maxwell,17
roberts,17
rodgers,17
van dam,17
kimba m. wood,17
sigal mandelker,17
detective,17
harry beller,17
mary,17
megan,17
amber,17
chels-ifer,17
ske3m,17
sam,17
j epstein,17
marc fernich,17
sabhnani,17
jean-luc,17
mr. j.e.,17
schulte,17
mr. rotert,16
attorney general,16
hall,16
hatters friedman s,16
goodman-brown,16
dietz pe,16
recarey,16
maria alessi,16
jane doe #3,16
michael reiter,16
mark filip,16
jane doe 2,16
evelyn,16
ms. meder,16
hesse,16
kimberly meder,16
shelly lewis,16
sky roberts,16
shannon,16
jenny,16
js,16
iggy,16
"greene, linda c.",16
det. recarey,16
tom,16
lieutenant,16
mike,16
lea harmon,16
david mullen,16
rebekah donaleski,16
mr. foy,16
barnes,15
teresa helm,15
donna guerin,15
juliette bryant,15
avenatti,15
ted waitt,15
greene,15
alexander hamilton,15
robert maxwell,15
dave,15
chief judge mcmahon,15
pena,15
jane doe-1,15
richard j. sullivan,15
adriana ross,15
jane doe #1,15
andrew lourie,15
reyes,15
martindell,15
john wallace,15
guy lewis,15
sandra k. mcsorley,15
jane's mother,15
detective byrne,15
besselsen,15
aznaran,15
adrianna,15
nick,15
"epstein, jeffrey edward",15
us attorney,15
jeffrey mr,15
boustani,15
carrie yackee,14
bradley j. edwards,14
ms. feldman,14
d'amelio,14
randy kim,14
elizabeth,14
pierre-louis,14
haynes,14
speer,14
vicky ward,14
leberg,14
howitt,14
"doyle, j.m.",14
jain a,14
english,14
mr. rodriguez,14
hazelwood rr,14
o'donohue,14
elliott,14
"davis, d.",14
juan,14
"kilpatrick, d. g.",14
"resnick, h. s.",14
jackson,14
figueroa,14
gwendolyn beck,14
larry keller,14
d.a. castor,14
ms. days,14
salameh,14
pierre n. leval,14
judge rakoff,14
prisco,14
celina midelfart,14
emmy tayler,14
mike wallace,14
fbi,14
ashley,14
adriana mucinska,14
theodore j. leopold,14
stuart s. mermelstein,14
5|<y1er,14
n'diaye,14
katharine h. parker,14
andrea k. johnstone,14
stephens,14
mr. julié,14
josé a. cabranes,14
jeanne brennan,14
david rodge,14
maxwell/ghislain,14
vikki j. benkel,14
tatiana,14
leah jean,14
kenneth r. feinberg,13
phillips,13
ms. mccarthy,13
paul daugerdas,13
richard,13
mr. schoeman,13
paul g. cassell,13
glenn dubin,13
cimberly espinosa,13
christiansen,13
denise l. cote,13
hudson,13
dupigny,13
collin-vézina,13
craven,13
hansen,13
rebecca forman,13
martin,13
ray,13
ron desantis,13
paul cassell,13
david markus,13
cl,13
isiah,13
jonathan,13
det. sandman,13
det sandman,13
tony higgins,13
morning watch lieutenant,13
darren k. indyke,13
kristine caraannante,13
cirillo,13
paula speer,13
paul shechtman,12
greenwood,12
pena-rodriguez,12
andrew,12
sally markham,12
schectman,12
schoeman,12
moon,12
tanner,12
giglio,12
professor loftus,12
david rogers,12
gerald laporte,12
jennifer naso,12
blake,12
finkelhor,12
j. engle,12
w. o'donobue,12
sorrentino r,12
tracy,12
lanning,12
esquivel-quintana,12
hunter,12
priebe,12
svedin,12
lamb,12
"lilienfeld, s.o.",12
winters,12
chambers,12
casey,12
alexander rossmiller,12
ryan,12
john roth,12
tiffany days,12
ms. belohlavek,12
jane doe 1,12
mr. mulligan,12
larry,12
holly robson,12
amy lynn,12
d,12
jeffrey m. herman,12
mark,12
j.,12
day watch operations lieutenant,12
evening watch operations lieutenant,12
shirley,12
tim,12
christy,12
andrea,12
mr. thomas,12
pauley,11
brady,11
thompson,11
feldman,11
robert y. lewis,11
theresa,11
stevens,11
blackmun,11
susan,11
okula,11
brennan,11
cornielle,11
gross,11
baker,11
alleged victim 4,11
allison moe,11
martinez,11
caroline,11
mr. grumbridge,11
todd spodek,11
rajaratnam,11
duncan,11
ken lanning,11
graham,11
vickers,11
alaggia,11
david mulligan,11
greg parkinson,11
julie brown,11
armstrong,11
george,11
filip,11
duren,11
stephen rex brown,11
jay,11
russo,11
richardson,11
johanna sjoberg,11
itzhak perlman,11
eva anderson,11
michael aznaran,11
ms. hesse,11
karen,11
jeffrey herman,11
saige,11
kelli,11
sandra mcsorley,11
nikki,11
doug,11
christina venero,11
"n'diaye, lamine",11
j.epstein,11
warden petrucci,11
judge raggi,11
andrew finkelman,11
helen,11
lewis/shelly,11
henry pitman,11
bill richardson,11
linda childs,11
bill hammond,11
chuck yeager,11
mr. j.e,11
j.e,11
hayley,11
"stanley j. okula, jr.",10
dr. derosa,10
camille s. biros,10
laurie edelstein,10
nardello,10
mr. davis,10
shaoul,10
ms. lundberg,10
berman,10
lucia osborne-crowley,10
lopez,10
mr. kelso,10
adam,10
ruggiero,10
ms. ransome,10
nelson,10
mr. hobson,10
old chief,10
president clinton,10
scarpa,10
luc cohen,10
kim,10
les wexner,10
kimberly,10
healy,10
jensen,10
ryan c. w. hall,10
minor victim-5,10
gillespie,10
schaeffer,10
daubert,10
burns,10
nathan siegel,10
corley,10
michael dawson,10
anderson,10
wilson,10
robinson,10
robert p. kelso,10
special agent young,10
maurene r. comey,10
boyle,10
whitley,10
mr. martin,10
mr. donaldson,10
villafana,10
andrew oosterbaan,10
jean luc brunel,10
matthew menchel,10
amy,10
frances jardine,10
gill velez,10
juan patricio alessi,10
janice swain,10
judge chin,10
bob marley,10
mandy,10
danielle,10
tatum miller,10
md,10
brandon,10
marie alessi,10
garrett stein,10
lea,10
shayna casdorph,10
shirley skipper scott,10
"epstein, jeffrey",10
inmate 3,10
defendant's spouse,10
jay clayton,10
glen,10
david rodriguez,10
ferguson/kirsti,10
khris sellin,10
david copperfield,10
dana,10
mark zeff,10
steph,10
ric l. bradshaw,10
det. krauel,10
nada,10
amodeo,9
dyer,9
calderon,9
gonzales,9
lugosch,9
lucia,9
salmonese,9
denis field,9
laura collins,9
bin laden,9
joyce,9
ghislane maxwell,9
mr. berke,9
langford,9
o'connor,9
nix,9
ms. stein,9
mr. demarco,9
leah saffian,9
hernandez,9
wexner,9
lawson,9
alberto pinto,9
lesley,9
"loftus, g.r.",9
barry,9
wolf,9
siegert,9
ms. durocher,9
iva a. e. bicanic,9
schönbucher,9
crisma,9
lp,9
resnick,9
roth,9
raheem,9
kidd,9
susan shelling,9
dietz,9
alison g. moe,9
glen dubin,9
kelly maguire,9
dareh gregorian,9
dan mangan,9
ausa-1,9
biaggi,9
ausa,9
holder,9
plaintiff,9
brittany henderson,9
robert senior,9
marie villafaña,9
jeffrey h. sloman,9
dave rogers,9
eva andersson,9
adam perry lang,9
mr. aznaran,9
kuyrkendall,9
vin,9
heidi fleiss,9
"caristo, nicholas",9
dane,9
joseph r. atterbury,9
jason s. weiss,9
chris,9
"melnichok, thomas c.",9
damien marley,9
jack johnson,9
john mayer,9
snoop dogg,9
paul wall,9
allison,9
mike chaos,9
rosalie friedman,9
dr perry bard,9
christine murray,9
lafontaine,9
debra c. freeman,9
mattis,9
petrov,9
mercedes,9
rowe,9
paula epstein,9
pamela j. bondi,9
edwina simmonds,9
epstein/j,9
larry summers,9
bryan,9
marc allan fernich,9
deborah anaya,9
moya,9
goretti,9
michael mcdaniel,9
jason e. foy,9
jibby 2j,9
michele pagan,9
mr. j. epstein,9
juice,9
detective pagan,9
cledus mctavern,9
daliah m. weiss,9
murphy,8
david benhamou,8
burton,8
nanette davis,8
examiner flatley,8
martha stewart,8
barry berke,8
berke,8
sattar,8
perez,8
alison nathan,8
warger,8
shauers,8
ferguson,8
martinez-salazar,8
todd a. spodek,8
carter,8
william brown,8
craig brubaker,8
mcconnell,8
hamilton,8
lawrence visoski,8
carmichael,8
josephberg,8
juror no. 1,8
camille delgado,8
michael casey,8
david e. mccraw,8
shakur,8
alena lynch,8
cruz,8
patterson,8
chapman mj,8
berliner,8
wyre,8
brand,8
jonzon,8
"greene, e.",8
cooke b,8
townsend,8
witness-1,8
raymond,8
stein,8
minor victims,8
curley,8
cummings,8
myers w,8
sessions,8
fontes,8
barter,8
dumont,8
"merckelbach, h.",8
"bruck, m.",8
clarke,8
employee-2,8
collings,8
goodman,8
gordon,8
gallagher,8
o'connell,8
spiegel,8
knoll,8
p. kevin castel,8
dietz p,8
hogan,8
jay barnes,8
brent english,8
levine h,8
weiss,8
perry,8
morrison,8
sean watson,8
jane does,8
"conte, j. r.",8
concepcion,8
groth,8
dan stein,8
"ullman, s. e.",8
jeglic,8
tony figueroa,8
skinner,8
jane doe #4,8
swain,8
dean,8
halper,8
mr. markus,8
mechel,8
jane doe 4,8
rioux,8
jane doe 3,8
ken starr,8
aleman,8
scott,8
mr. kane,8
mr. roberts,8
judas,8
"oregero, laura d.",8
william,8
michael r. tein,8
mike jones,8
"oregero, laura",8
pagan,8
5|<y1£r,8
lana belohlavek,8
patrick,8
brittany,8
[b(6); b(7)(c)],8
(b)(6),8
jeffrey edward,8
skipper-scott,8
caliendo,8
kevin pistro,8
lieutenant (b)(6),8
martir,8
loretta a. preska,8
ghislaine maxwell's spouse,8
karl metzner,8
punn,8
leah s. saffian,8
zarger,8
deutsch,8
salvagno,8
jeffrey e. epste n,8
jeffrey e epste n,8
w.doulin,8
deborah,8
shelley lewis,8
martin nowak,8
perry lang/adam,8
heather,8
j. e.,8
mr. figgins,8
jason erroy foy,8
sara kellen,8
ted,8
douglas schoettle,8
mr. herman,8
benham,8
dorothy mantooth,8
skaggs,7
cunningham,7
chief psychologist,7
wendy olson,7
estrada,7
judge kaplan,7
preet bharara,7
ajn,7
green,7
dennis donahue,7
justice brennan,7
marci a. hamilton,7
spears,7
kevin maxwell,7
guerrero,7
velez,7
birney,7
snyder,7
jack b. weinstein,7
margaret a. berger,7
alexander acosta,7
peugh,7
moten,7
garcia,7
kelso,7
hillary clinton,7
keith raniere,7
bernstein,7
ghislaine noelle marion maxwell,7
barr,7
horowitz,7
pizarro,7
"goodman, j.",7
forgas,7
summit,7
bagaric,7
palmer,7
tutty,7
warren ji,7
"zhu, b.",7
"lin, c.",7
"bernstein, d.m.",7
"frenda, s.j.",7
"lynn, s.j.",7
rada rt,7
saltzman,7
judge engelmayer,7
resnick pj,7
freud,7
bender,7
gardner,7
erdfelder,7
"smith, d. w.",7
"saunders, b. e.",7
rappeport jr,7
michael miller,7
hardy,7
walker,7
lieberman,7
joseph,7
mulder,7
paul kane,7
morgan,7
judge netburn,7
meredith schultz,7
mccawley,7
werner,7
leocal,7
landgraf,7
stanley pottinger,7
allen,7
nejad,7
marion,7
ms. villafana,7
el-sadig,7
andrew c. lourie,7
stogner,7
weinberg,7
jeff schantz,7
mr. sud,7
chris tucker,7
chapell,7
jeff shantz,7
mary alessi,7
marvin minsky,7
ms. kellen,7
ms. swain,7
shaun nedwick,7
jose alessi,7
mrs. s,7
earl iv,7
william tucker,7
janusz banasiack,7
toni,7
mrs l,7
daniel,7
billy,7
det. joe recarey,7
reyes efrain,7
l. cristina griffith,7
(b)(6)&(b)(7)(c),7
"skipper-scott, s.",7
morning watch operations lieutenant,7
c. edge,7
edward friedland,7
ray ormon,7
judge richard m. berman,7
dr. s. allen counter,7
dr. benedict h. gross,7
michael j. fitzpatrick,7
kenneth hyle,7
bernie madoff,7
lawrence vogelman,7
richard d. kahn,7
caparros,7
benatar,7
david perry,7
conway,7
"nathan, j.",7
banki,7
jack,7
leslie,7
peg ugland,7
david rodger,7
kellen/sarah,7
biddle/sophie,7
glenn,7
linda,7
judge pickholz,7
j,7
andrew a. rohrbach,7
ms. donaleski,7
moya goretti,7
ms. noel,7
alicia,7
heidi fliess,7
chuck,7
alina,7
rush limbaugh,7
jeff williams,7
g.m.,7
larry visoaki,7
michelle pagan,7
mel-y-ssa,7
dell riley kiraly,7
erwin mayer,6
mr. brubaker,6
kevin,6
hussman,6
ashfar,6
clark,6
phil allen,6
korfant,6
david k. parse,6
paul schoeman,6
barry h. berke,6
mr. sklarsky,6
mr. benhamou,6
lebedev,6
gair,6
colombo,6
indyke,6
mr. hernandez,6
jesus,6
mccourty,6
wilkerson,6
theresa parse,6
parker,6
mr. feinberg,6
bridget rodgers,6
abu-jihaad,6
nesbitt kuyrkendall,6
chacko,6
watson,6
friedman,6
owen,6
washington,6
joseph pecorino,6
mr. lopez,6
ben sasse,6
kiteley,6
stogdon,6
"keating, j.p.",6
minor victim-7,6
ceci,6
bruck,6
saldarriaga,6
kyles,6
lindsey,6
saunders be,6
wagoner r,6
jessica engle,6
witness-2,6
witness-4,6
ullman,6
maier,6
schnyder,6
simon,6
gonyer,6
pacheco ca,6
blakey re,6
abraham j,6
platt de,6
chapman m,6
jane doe-4,6
plummer,6
leclerc,6
wortley,6
martell da,6
"chen, c.",6
"laney, c.",6
london,6
turner,6
brackenridge,6
gilchrist,6
tolou-shams m,6
"berkowitz, s.r.",6
wall b,6
blau,6
hirschman,6
browne,6
herman,6
gagnier,6
rossmiller,6
baker sp,6
judge garaufis,6
matthew russell lee,6
"lanning, k. v.",6
lynn,6
hughes,6
paulino,6
christine n. walz,6
regan,6
birnbaum,6
burgess,6
al-moayad,6
nimely,6
dorothy,6
jordan,6
libby,6
grunewald,6
fernandez,6
weingarten,6
lilly sanchez,6
andy lourie,6
jackman,6
special agent,6
michele dargan,6
leo sure chief,6
mr. chiuchiolo,6
franks,6
john ashcroft,6
ferman,6
ms. constand,6
george w. bush,6
bortnovsky,6
matthew i. menchel,6
ann marie c. villafaña,6
skelos,6
jeffries,6
chief reiter,6
gentile,6
marrero,6
leahy,6
jeffrey sloman,6
gregory parkinson,6
tracy chapell,6
ron burckle,6
max,6
eric gany,6
mr. dubin,6
gmax,6
richard barnett,6
sergeant michael dawson,6
annette badger,6
meder,6
cim espinosa,6
agent maguire,6
trump,6
special agent maguire,6
detective joseph recarey,6
dave mulligan,6
g. max,6
y. doe,6
chelsey,6
lou dog,6
det. melnichok,6
"bedoya, brooke",6
lord of the fire,6
lisa (ethel),6
zack brian,6
yellowbeetie,6
ad,6
benjamin bryan,6
david a. cruz,6
william l. tucker,6
paul j. abrams,6
linda c. greene,6
guy p. fronstin,6
linds,6
samatha,6
marcinkova,6
jesse,6
d/s ballard,6
josh,6
lynds,6
reagan,6
jaimie,6
cory,6
mary williams,6
stacey taylor,6
johanna,6
asa daliah weiss,6
kara,6
janusz banasaik,6
jennifer,6
efrain reyes,6
shirley v. skipper,6
jeffrey e,6
hugh j. hurwitz,6
j. petrucci,6
andre matevousian,6
nancy ayers,6
judge sullivan,6
john csakany,6
kathy,6
[b](6); [b](7)(c),6
marc dreier,6
n.f.,6
abdellatif el mokadem,6
john s. davis,6
defendant's husband,6
dashawn robertson,6
potential defense witnesses,6
kashoggi,6
sell,6
richard j. durbin,6
barack obama,6
judge keenan,6
"william s. duffey, jr.",6
patrick ho,6
hans peterson,6
chris everdell,6
hung,6
bohn,6
botero,6
cilins,6
georgiou,6
kazeem,6
stanton,6
heather mann,6
david redding,6
keith e. rooney,6
henry rosovsky,6
miles alexander,6
jc,6
d.oakley,6
tayler/emma,6
jeffey,6
george mitchell,6
beller/harry,6
schoettle/d,6
riley,6
cabranes,6
barnett/richard,6
dove,6
ms. gaffney,6
ms. musumeci,6
ashraf,6
james l. brochin,6
robert a. katzmann,6
kelly surina,6
l. menninger,6
papa,6
paula speers,6
goretti moya,6
montel figgins,6
douglas mitchell,6
carol ganley,6
fronstin,6
"recary, joseph",6
j.f.,6
brett,6
theodore leopold,6
detective 2,6
lisa,6
steven lavelle,6
m. j. epstein,6
alfredo a. rodriguez,6
daniel estes,6
tiffany rich,6
sgt. frick,6
gershman,5
mr. spodek,5
aref,5
gibbons,5
diallo,5
stinson,5
cannon,5
kaplan,5
khalupsky,5
eve,5
abbe david lowell,5
mr. nardello,5
guzman loera,5
ms. osborne-crawley,5
mr. daugerdas,5
justice blackmun,5
saddam hussein,5
ian maxwell,5
mccoy,5
daniel bates,5
miss maxwell,5
janusz,5
singh,5
mcmann,5
wood,5
morris,5
joseph m. mclaughlin,5
biden,5
ms. saffian,5
bruno,5
crawford,5
united states,5
markham,5
epstein's mother,5
ghislain,5
"brennan, j.",5
gagnon,5
archer,5
o.j. simpson,5
carolyn andriano,5
collins,5
brodie,5
warner,5
friedman s,5
nektalov,5
ahrens,5
mohler-kuo,5
tjaden,5
steve bannon,5
rigas,5
fairholm,5
victim-4,5
wolitzky-taylor,5
van arsdall,5
"loftus, e. f.",5
pierre,5
"dong, q.",5
"nichols, r.m.",5
"grady, r.h.",5
"dysart, j.e.",5
kilpatrick,5
burgess aw,5
judge furman,5
backman,5
jfk,5
simmons,5
arrindell,5
ettema,5
manson,5
katz,5
benjamin,5
s. craven,5
palmieri,5
dion,5
sadoff rl,5
"best, c. l.",5
reid wh,5
"groth, a. n.",5
ausa rossmiller,5
pete skinner,5
"berliner, l.",5
sanford l. bohrer,5
"ceci, s. j.",5
"ruggiero, k. j.",5
laura johnson,5
sjoberg,5
saunders,5
evanchik,5
amorgianos,5
"wolf, s.",5
pelullo,5
amanda lazlo,5
kristen,5
canter,5
marti,5
michael edmondson,5
netburn,5
mr. castor,5
eric holder,5
guzman,5
barlow,5
robert w. sweet,5
potamitis,5
kawashima,5
bridges,5
maypa,5
napolitano,5
nersesian,5
mostafa,5
diehl,5
nijhawan,5
bernard r. siskin,5
leon,5
oshatz,5
ashley collman,5
cynthia mcfadden,5
anita kumar,5
emily peck,5
abbamonte,5
nicole janok,5
hadix,5
mr. cosby,5
thom,5
vernon,5
guiffre,5
ivan fisher,5
damaris pina,5
ms. jane,5
bella,5
richards,5
mr. brown,5
mr. baker,5
lauren,5
dominique hyppolite,5
dubin,5
special agent richards,5
mother,5
marilyn monroe,5
ewan mcgregor,5
benjamin skyler bryan,5
mary parker,5
la swii$$,5
gabrielle,5
sheena,5
jody,5
lana,5
adam d. horowitz,5
"parkinson, gregory a.",5
shaffer sarah,5
jane doe no. 3,5
zach,5
donna,5
the lucky one,5
michael david friedman,5
valdson vieira cotrin,5
mr. murrell,5
j.s.,5
isn't it ironic,5
"pagan, michele d.",5
didier,5
baltizar,5
baptizer,5
veronica,5
lina,5
veronica montanez,5
donnie murrell,5
deus ex machina,5
purple stuff in my cup,5
kathy back,5
lisa marie,5
lamine n'diay,5
edge,5
inmate epstein,5
james c. wills,5
petrucci,5
adam johnson,5
bradshaw,5
darrin howard,5
james petucci,5
dr. counter,5
electronics technician,5
jonathan david farley,5
(b)(6) (b)(7)(c),5
officer (b)(6),5
dominique strauss-kahn,5
husband,5
victims,5
witnesses,5
won shin,5
pappas,5
digiacomo,5
jean-luc brunel,5
crowell,5
alison j. moe,5
orta,5
abdullahu,5
doe 1,5
sadr,5
david roddy,5
d.wallace,5
ethel rosenberg,5
steve,5
j ruan,5
david muller,5
valdson cotrin,5
gramza/tiffany,5
claire hazel,5
wesley,5
lohier,5
aaron,5
e simmonds,5
melissa madrigal,5
se,5
jr epstein,5
shannon healy,5
jerry,5
sherry,5
persico,5
michael campion miller,5
martin gary weinberg,5
michael gerard scavelli,5
bob,5
ms. schultz,5
james brochin,5
ready,5
kenneth e. brown,5
arnett,5
mr. roos,5
jason foy,5
rosa monckton,5
joe pagano,5
samantha boardman,5
rhiannon,5
mitch,5
jr,5
manuela,5
marie villafona,5
kayla,5
anna belohlavek,5
det. dicks,5
colleen,5
dick painter,5
i heart garrett stein,5
judith f. consor,5
britney,5
andy dios,5
garth,5
triple j,5
girl from ipanema,5
zack bryan,5
the tragic tale of you and me,5
lisa hurley,4
r. craig brubaker,4
bob price,4
john beery,4
matt coleman,4
ian,4
ms. guerin,4
ms. bovino,4
fulminante,4
shoop,4
hunley,4
godinez,4
linda r.s.,4
richard d.,4
mazzeo,4
james yetter,4
andrew miller,4
macchia,4
cooper,4
theresa trzskoma,4
kasperzak,4
william h. pauley iii,4
stanley j. okula,4
stoerr,4
justice o'connor,4
d. luban,4
berry,4
zerka,4
amirault,4
fair,4
lockhart,4
danielson,4
joy,4
robert greisman,4
raymond craig brubaker,4
frank rosa,4
joel b. rudin,4
julie blackman,4
michael franck,4
kimberly espinosa,4
bush,4
gus j. solomon,4
brubaker,4
norman dorsen,4
adam hollander,4
nancy,4
french,4
jeremy peterson,4
gomez,4
gray,4
coleman,4
robert conrad,4
michael toporek,4
nicole bencik,4
sheila d. denzler,4
ms. biros,4
natalya,4
robert j. conrad,4
victor m. serby,4
viviann stapp,4
philip maxwell,4
suann ingle,4
metzger,4
witt,4
mr. jones,4
rosa,4
kendra melrose,4
meese,4
michelle healey,4
martoma,4
henry j. miller,4
hoo,4
alameh,4
kenneth norwick,4
roger salhi,4
rubenstein,4
christopher,4
mollica,4
lynn fontanilla,4
laura pomerantz,4
wendy olsen,4
vernon s. broderick,4
watkins,4
dhinsa,4
mcgee,4
wright,4
londono,4
hershkowitz i,4
lindblad f,4
kilpatrick dg,4
orbach y,4
best cl,4
"schooler, j.w.",4
scott c,4
ellis r,4
tamburello a,4
packer s,4
sliker,4
broman-fulks,4
landolt,4
thoennes,4
leon festinger,4
gerry edelman,4
jacobs,4
laflam,4
von foelkel,4
johnston,4
tardif i,4
sarmiento b,4
hazard sc,4
marriner b,4
tseng t,4
rich w,4
askin,4
robert wesley,4
kaufman a,4
candilis p,4
kolla n,4
mossman d,4
kenedi c,4
wisner k,4
glezer a,4
appleby b,4
peace,4
kirshenbaum,4
brazelton,4
milne,4
neil,4
moore,4
"patihis, l.",4
"ho, l.y.",4
"fenn, k.m.",4
stoltenborgh,4
van ijzendoorn,4
euser,4
bakermans-kranenburg,4
paine,4
shuman,4
braun,4
naseem miller,4
devoe,4
faller,4
briere,4
griffiths,4
kumalo,4
maynard,4
lindblad,4
sgroi,4
salter,4
berson,4
ted diskant,4
karl roye,4
"lynn, s. j.",4
almonte,4
william walters,4
scarola,4
filipas,4
willis,4
leventhal,4
linblad,4
mossige,4
tjersland,4
hunt,4
bull,4
emily r. dworkin,4
anna e. jaffe,4
michele bedard-gilligan,4
skye fitzpatrick,4
caron zlotnick,4
meredith warshaw,4
kaye n,4
day t,4
"howe, m.l.",4
piel j,4
zackson,4
wigg,4
merrell dow,4
ricketts,4
solomon,4
timbremont,4
braet,4
ulbricht,4
brathwaite,4
rafii ms,4
cochrane ti,4
le t,4
day tr,4
myers wc,4
"wagenaar, w.a.",4
thurgood marshall,4
natale,4
netschi,4
muhanad mahmoud al-farekh,4
phillips rtm,4
luce,4
esquival-quintana,4
lisa m. rocchio,4
klein,4
yang s,4
claimant,4
administrator,4
berger,4
fischhoff,4
blank,4
fischer,4
roese,4
vohs,4
arkes,4
strohmaier,4
pohl,4
harley,4
pernat,4
meilleur,4
musch,4
wagner,4
oeberst,4
goeckenjan,4
beltrani,4
thorndike,4
efran,4
harari,4
mcdavid,4
levin a,4
kass e,4
"laporte, g.",4
"stephens, j.",4
shakeshaft,4
jennings,4
bakker,4
cullen,4
denise parisi,4
ms. penza,4
mcevaney,4
"maier, t.",4
"mohler kuo, m.",4
"schnyder, u.",4
"summit, r. c.",4
"trocmé, n.",4
"fallon, b.",4
"maclaurin, b.",4
gibson,4
dunlap pk,4
d.m. hughes,4
sanders,4
steve anthony,4
cynthia a. gierhart,4
"collin vézina, d.",4
"finkelhor, d.",4
randall,4
farhane,4
"hanson, r. f.",4
"filipas, h. h.",4
"timbremont, b.",4
"braet, c.",4
gary,4
strauss a,4
dawkins,4
weber,4
boyce,4
mcguinness,4
dvoskin ja,4
stan,4
holmstrom,4
henry,4
"gregory, c.j.",4
"feldman, j.",4
salinas,4
barbaree,4
cacchillo,4
carneglia,4
andrews,4
dinapoli,4
"christiansen, j. r.",4
"blake, r. h.",4
"smith, t.",4
"browne, k.",4
"craven, s.",4
"brown, s.",4
"gilchrist, e.",4
"elliott, m.",4
"kilcoyne, j.",4
"gillespie, a.",4
"howitt, d.",4
"leberg, e.",4
"o'connell, r.",4
crane,4
sergi,4
hoffman,4
casoni,4
judge donnelly,4
budin,4
accuser 4,4
mcalinden,4
burt,4
campbell,4
levasseur,4
kilcoyne,4
lilly ann sangrez,4
alexander,4
paris,4
fratello,4
romero-padilla,4
benussi,4
urena,4
mcdarrah,4
hayes,4
wayte,4
drew,4
ms. ferman,4
jon kyl,4
blakney,4
burke,4
medina,4
salerno,4
ross gow,4
mr. cassell,4
lighte,4
j. stanley pottinger,4
sensi,4
cortina,4
ming he,4
heath,4
bruce castor,4
lambus,4
marquez,4
barbara guggenheim,4
andrea constand,4
senator leahy,4
dodge,4
payner,4
wey,4
hsia,4
botti,4
feinberg,4
landon thomas jr.,4
mr. dershowitz,4
bahna,4
kenny,4
jeffrey martin,4
pottinger,4
murgio,4
ann marie c. villafana,4
g max,4
forde,4
toussie,4
coppa,4
laskow,4
nader,4
coutentos,4
mason,4
d'amico,4
boies,4
mariamma viju,4
padilla,4
cole,4
valentine,4
attorney-1,4
rooney,4
santobello,4
sharon churcher,4
stern,4
walters,4
pete brush,4
ms. dubin,4
fidel castro,4
jane's father,4
michael william aznaran,4
selena,4
president trump,4
selena dubin,4
mr. rooney,4
cardine,4
mr. rohrback,4
henry drecky,4
david james mulligan,4
s. kellen,4
mr. werksman,4
janine gill,4
mr. buscemi,4
mr. wexner,4
mike baker,4
mr. willits,4
mr. moran,4
mr. janusz banasiak,4
frank,4
ms. galindo,4
pezdek,4
sally,4
candace,4
judge sand,4
casey wasserman,4
nic,4
byron elrod,4
detective allen,4
sgt thompson,4
christopher bryant,4
bill clint,4
nik,4
steve kiraly,4
bill riley,4
beauty in bloody love,4
courtney wilde,4
trylch,4
elmer gudger,4
¿merda?,4
zoro,4
donald dement,4
greg,4
teala davies,4
michael friedman,4
cypress hill,4
radio head,4
the smashing pumpkins,4
the white stripes,4
the strokes,4
no doubt,4
weezer,4
"bryant, christopher",4
eazzy mutha fuckin e,4
harry e. krischer,4
michael salnick,4
needs that hair from zoro,4
zach bryan,4
"kellen, sarah lynnelle",4
s. shaffer,4
"allen, autumn",4
anthony,4
b-rizzle,4
daliah h. weiss,4
cotrin,4
mike friedman,4
nault,4
lana belohlavic,4
meg-a-lynn,4
"burfield, kurt",4
"bryan, benjamin skyler",4
keith,4
b(6); b(7)(c),4
lamine n'diaye petrucci,4
ormond ray,4
jim epstein,4
ad thompson,4
lt.,4
shirley v. skipper-scot,4
[b(6); (b)(7)(c)],4
oig,4
m. d. carvajal,4
d. shinn,4
n. c. english,4
pólya,4
colón,4
ag,4
g.tali,4
ric bradshaw,4
savella,4
michael baden,4
sis lieutenant,4
griffin,4
michael horowitz,4
william p. barr,4
m. epstein,4
hochevar,4
meanor,4
ghislaine maxwell's husband,4
defense staff,4
defense experts/advisors,4
susan bateman,4
janice bernard,4
d.s.,4
judge salas,4
distefano,4
thomas mckay,4
"gleeson, j.",4
philippe jaegle,4
margo k. brodie,4
dominguez,4
abuhamra,4
rosemary s. pooler,4
reena raggi,4
mr. perry,4
william jule,4
david perry qc,4
warden tellez,4
olivier laude,4
dan,4
andy stewart,4
david rodafe,4
alger hiss,4
alexandra dixon,4
ron burkle,4
julius rosenberg,4
christine maxwell,4
spector/edward,4
jim,4
je epstein,4
joseph abruzzo,4
anna,4
mann/heather,4
alexander/miles,4
nathan myhrvold,4
dixon/alexandra,4
miles,4
roger,4
tom murray,4
david mitchell,4
ruth pickholz,4
jennifer gaffney,4
ms. allred,4
professor dershowitz,4
thomas murray,4
khilupsky,4
lattab,4
katielynn boyd townsend,4
"david boies, ii",4
eve giniger,4
officer-1,4
andreas,4
ms. lonergan,4
kristen mckeown,4
officer-2,4
greenberg,4
mort zuckerman,4
van thournout,4
jf,4
svetlana,4
mr. fronstin,4
det. caristo,4
det. lee,4
lauren murphy,4
justin,4
joe lieberman,4
hugh hefner,4
barbara burns,4
mike edmondson,4
jack goldberg,4
colleen maloof,4
william kennedy smith,4
peggy siegal,4
sarina,4
curtis d. krauel,4
jerry goldsmith,4
al gore,4
vinny,4
barbara j. burns,4
andrea musinska,4
la tosha lowe,4
leah kleman,4
jessie jones,4
alan greenspan,4
wolff,4
t.,4
imcore,4
todd meister,4
dr. jack shephard,4
dr. jarecki,4
james truman,4
atty. donnie murrell,4
frances,4
leah,4
beata banasiak,4
hoffenberg,4
zara bailey,4
chris keen,4
"torres, josef",4
asa weiss,4
kaytlyn marie,4
ben affleck,4
james cayne,4
gregory a. parkinson,4
stephanie burns,4
paul blanchard,4
kandace blanchard,4
steven andrew,4
michael stroll,4
ace greenberg,4
natasha,4
jerry perenchio,4
malyshev,3
mr. shanbrom,3
juror,3
elisabeth maxwell,3
russell,3
adams,3
arizona,3
catherine vaughan-edwards,3
ball,3
miss roberts,3
andrew brettler,3
barry kamins,3
imran h. ansari,3
broxmeyer,3
"posner, j.",3
justice stevens,3
von bulow,3
harriett jagger,3
lex wexner,3
tucker,3
mr. berry,3
juror a,3
juror b,3
sheldon barr,3
thomas gardner,3
andrew tomback,3
fitzgerald,3
catherine rosa,3
the marshal,3
moira penza,3
jesse m. furman,3
blondet,3
deputy weiss,3
pinto,3
af,3
judge lewis kaplan,3
blair,3
juror c,3
ms. bryant,3
ms. maria farmer,3
ms. helm,3
prince harry,3
judge calabresi,3
bailey,3
pataki,3
wainwright,3
cavera,3
rubin,3
reynolds,3
mr. vega,3
noeleen walder,3
amy stevens,3
rfk jr.,3
anne frank,3
sarah palin,3
rhodes,3
ms. epstein,3
gotti,3
marcus,3
stapp,3
laporte,3
sun myung moon,3
patasnik,3
ms. george,3
robert,3
christopher d. man,3
watts,3
db,3
david mccraw,3
andrew rohrback,3
wigmore,3
"blackmun, j.",3
calbas,3
carrozzella,3
sasso,3
ms. healy,3
robert sylvester kelly,3
valona,3
hobson,3
christine malina maxwell,3
attorney tomback,3
lucia osborn-croweley,3
bruce a. green,3
god,3
judge caproni,3
colton,3
pope,3
smalls,3
brewington,3
bozeman,3
louden,3
ngono,3
bowen,3
resnick hs,3
"wilson, l.",3
jeffery pagliuca,3
rosner r,3
mahaffy,3
walia,3
ditommaso,3
diaz,3
devries,3
hartung,3
golden,3
read,3
gawronski,3
snow,3
greenspan,3
scurich,3
laham,3
moccia,3
furman,3
edelman,3
sablonni,3
bohu,3
rey-salmon,3
elizabeth broderick,3
koss,3
rickert,3
"grisso, t.",3
"gudjonsson, g. h.",3
crowder jd,3
ressler rk,3
"wells, g. l.",3
"mantonakis, a.",3
"newman, e.j.",3
"kaasa, s.o.",3
"stark, c.e.l.",3
"giesbrecht, t.",3
reed,3
yousef,3
hannibal lecter,3
"bowman-fowler, n.",3
ramona alaggia,3
delphine collin-vézina,3
rusan lateef,3
bascelli,3
paci,3
romito,3
basile,3
elwood,3
hlavka,3
spitzer rl,3
gulbrandsen,3
reichelt,3
jordana feldman,3
friedman sh,3
"wang, j.",3
"butler, b.",3
"klemfuss, j.z.",3
"wells, g.l.",3
"london, k.",3
cioffi,3
revitch,3
grunett,3
abraham,3
rosenfeld,3
nadelson,3
krieger,3
lipton,3
bosco,3
dougherty,3
sperou,3
arroyo,3
achenbach,3
rescorla,3
bérubé,3
alisic,3
eland,3
kleber,3
"morris, e.k.",3
"nelson, k.j.",3
jamieson a,3
"williams, k.d.",3
"hoffman, h.g.",3
"klinger, m.r.",3
sarah drescher,3
coy,3
bradford j,3
"manber, m.",3
"hall, d.f.",3
elizabeth f. loftus,3
bornstein,3
a. freud,3
finch,3
mrazek,3
sarrel,3
singer,3
shengold,3
zonana h,3
"shaffer, d.",3
stansell,3
de haas,3
van berlo,3
vanwesenbeeck,3
"mazzoni, g. a. l.",3
"joslyn, s.",3
"hoffman, h.",3
"o'donohue, w.",3
durocher,3
isaacs,3
rank,3
"mcelvaney, r.",3
"greene, s.",3
"hogan, d.",3
"priebe, g.",3
"svedin, c. g.",3
"letourneau, e. j.",3
"sinha, v.",3
georgia winters,3
elizabeth jeglic,3
leah kaylor,3
"abraham, k.",3
e. jones,3
"bender, l.",3
"blau, a.",3
"grugett, jr., a. e.",3
"bornstein, b.",3
"cioffi, f.",3
"finch, s. m.",3
"freud, a.",3
"gagnon, j. h.",3
"birnbaum, h. j.",3
"isaacs, s. s.",3
"johnston, m. s. k.",3
"kris, e.",3
cary anthony stayner,3
denno,3
"ceci, s.j.",3
"lock, t.",3
"bernstein, d. m.",3
merckelbach,3
"rosenwald, l.a.",3
binder,3
mcneil,3
salim,3
roy,3
al farekh,3
tin yat chin,3
gagliardi,3
litvak,3
lindstrom,3
ann burgess,3
"braun, k.a.",3
"paddock, j.r.",3
"manning, c.",3
"brown, l.s.",3
"thoennes, n.",3
"amstadter, a. b.",3
"mccauley, j. l.",3
jacquelynn duron,3
gretchen hoge,3
judy postmus,3
r. kelly,3
father gilbert gauthe,3
harry b,3
pitt se,3
spiers em,3
pelletier,3
isaac ray,3
roldan-zapata,3
daniel besselsen,3
michael buscemi,3
vera wang,3
keenan,3
borrero,3
murray,3
joiner,3
"marshall, w. l.",3
"hudson, s. m.",3
missimer,3
"dietz, p.",3
"lewis, m.",3
"sarrel, p. m.",3
"lipton, g. l.",3
"roth, e. i.",3
"mrazek, d. a.",3
"rank, b.",3
"revitch, e.",3
"weiss, r. g.",3
"rosenfeld, a. a.",3
"nadelson, c. c.",3
"krieger, m.",3
"backman, j. h.",3
"shengold, l. l.",3
"singer, m.",3
hucker sj,3
"pickrell, j.",3
robert kelly,3
"he, q.",3
"xue, g.",3
"van dam, c.",3
francis,3
warren j,3
"levine, l.j.",3
powell,3
huddleston,3
flores,3
gangi,3
percoco,3
kirby,3
james christe,3
gilbert,3
victim 1,3
t.m.,3
c.w.,3
s.r.,3
pachtman,3
almy,3
chaney,3
mathew nestel,3
ann marie villafaña,3
bobbi,3
nicole mcfarland,3
judge broderick,3
schmitt,3
ms. strauss,3
randazzo,3
ruiz,3
sweig,3
bonventre,3
shular,3
santiago,3
michael cernovich,3
marty weinberg,3
blaszczak,3
bochese,3
boyd,3
bronston,3
tramunti,3
mukasey,3
barry williams,3
jack abramoff,3
craig s. morford,3
pbpd chief reiter,3
united states attorney general,3
deputy attorney general,3
assistant attorney general,3
falter,3
schmidt,3
stokes,3
stringer,3
mr. pottinger,3
ms. kramer,3
mcnabb,3
falso,3
paredes-cordova,3
rahman,3
kyl,3
leslie fagin,3
krisher,3
jane doe #14,3
jane doe #13,3
susan spencer-wendel,3
manapat,3
opr,3
kemp,3
frazier,3
eileen guggenheim,3
bert fields,3
lily sanchez,3
jago,3
clemmons,3
delo,3
helling,3
ms. villafaña,3
john e. bies,3
sweet,3
joe whitley,3
harrison,3
michael mukasey,3
butler,3
boies schiller,3
webster,3
james barron,3
lisette voytko,3
oesterbaan,3
spencer kuvin,3
carton,3
dionisio,3
william clinton,3
tagliaferro,3
joe d. whitley,3
george h.w. bush,3
andrew rohbach,3
kross,3
james comey,3
risa vetri ferman,3
scott michels,3
sarah netburn,3
scharton,3
lovasco,3
alan m. dershowitz,3
gardephe,3
ceos chief oosterbaan,3
tyson,3
attorney phillips,3
"dienst, j.",3
"valiquette, j.",3
"winter, t.",3
"fitzpatrick, s.",3
crouch,3
delacruz,3
drago,3
nichols,3
moran,3
ms. papapetru,3
lourie successor,3
ghailani,3
gaudin,3
mendinueta-ibarro,3
ausa moe,3
muric,3
mckeever,3
ash,3
kaufman,3
underwood,3
thai,3
miranda,3
calabresi,3
douglas,3
wong,3
alan,3
lisa anasrons,3
helen kim,3
grace,3
jordan dubin,3
mr. pagliucca,3
byrnes,3
sand,3
hyppolite,3
mom,3
mr. je,3
nesbitt,3
jane's brothers,3
james murphy,3
shelling,3
tim ambrose,3
mandy ellison,3
laura casey wasserman,3
danny hillis,3
skyler,3
milagros,3
lisa moret..,3
deus ex ma..,3
dont take ..,3
"a.d.d, am ..",3
samatha &h..,3
chris l. judson,3
killa cam,3
scott n. richardson,3
cuz,3
jeffrey edward e epstein,3
murrell,3
george slattery,3
beale,3
thomas c. melnichok,3
nada narcinkova,3
rosilee friedman,3
juan patricio alessi munoz,3
ms. robson,3
fuck this city in your mouth,3
cyril e king,3
shaffer,3
jane doe's father,3
mrnmrs.humpage,3
"frick, ronald",3
"desmarais, wendy",3
dina,3
monti,3
d/s shaffer,3
gangsta waita,3
mr. humpage,3
tiffani,3
stina,3
fuck this ..,3
chad,3
lil wee cor,3
kb,3
christina,3
c.e. king,3
orly paris,3
wendy d. desmarais,3
chanel bunny,3
"gudger, elmer c.",3
christina orpiano,3
britt,3
carissa,3
jane doe's mother,3
rosella,3
jenny &hea..,3
joe recary,3
michael c. dawson,3
sean phillips,3
jerome,3
dawn sandberg,3
lanna,3
t.a. rofano,3
s. rosen,3
janusz babasaik,3
jerry brabon,3
thedore j. leopold,3
hr,3
steven,3
"epstein, j.",3
jeffery edward epstein,3
lamine ndiaye,3
r. ormond,3
day watch lieutenant,3
evening watch lieutenant,3
case management coordinator,3
j. sullivan,3
unit manager,3
medical examiner,3
officer,3
shu lieutenant,3
plourde,3
lieutenant [b](6),3
officer [b](6),3
lieutenant [b)(6),3
officer [b)(6),3
ms. charisma edge,3
james wills,3
zeinab bandpey,3
associate warden 1,3
licon-vitale,3
(b)(6). (b)(7)(c),3
sadler,3
defendant's brother,3
alimehmeti,3
judge gleeson,3
daniel patrick moynihan,3
bucci,3
lisa margaret smith,3
chief judge,3
judge orenstein,3
john davis,3
moscaritolo,3
veres,3
williams-bethea,3
eley,3
debra freeman,3
sean hecker,3
o'brien,3
haddon morgan,3
jgk,3
"marrero, j.",3
"daniels, j.",3
"parker, j.",3
"preska, j.",3
"woods, j.",3
"furman, j.",3
"buchwald, j.",3
timothy williams,3
audrey cher,3
b. houtz,3
abney,3
helstoski,3
van cauwenberghe,3
flanagan,3
spouse,3
durbin,3
schakowsky,3
emanuel,3
delphine brach-thiel,3
alindato-perez,3
carrillo-villa,3
chandler,3
gary mckinnon,3
goord,3
namer,3
stroh,3
philippe jaegié,3
judge scheindlin,3
djamel beghal,3
babar ahmad,3
scott marshall,3
janet marshall,3
peterson,3
eddie,3
philippe jaeglé,3
neil s. binder,3
david redfern,3
lauren kw ntner,3
steve kosslyn,3
diana cook,3
jack p. hill,3
chris wagner,3
shelly harrison,3
kirsti ferguson,3
david roth,3
raghu,3
darrien,3
ann lawesson,3
hymel/andrea,3
hague/william,3
mario biaggi,3
david redlinger,3
robin,3
rupert,3
luba,3
jeffroy,3
dave aronberg,3
victoria hazel,3
ru,3
cindy lopez,3
kristy rodgers,3
boulet/evelyne,3
simmonds/nicholas,3
cox/johnmadison,3
wasche/cristalle,3
daniel redgate,3
lucian,3
k vauchan edwards,3
m.stewart,3
kel mcclanahan,3
goffinet/françois,3
mrs sherman,3
tom ford,3
brattesani,3
foster/taylor,3
tuttle/edward,3
wallaert/alexia,3
bovino/kelly,3
nowak/martin,3
andujar/elizabeth,3
blanco/jesse,3
murphy/paula,3
jerome pierre,3
alan stopeck,3
francis peadon,3
paul a. engel mayer,3
evelyne,3
rede/didier,3
hazel/claire,3
richard c. wesley,3
jg,3
lesly,3
jal,3
david r. roberts,3
babe,3
abigail wexner,3
mr. goldsmith,3
david rodey,3
peter,3
ginger,3
david ridge,3
caroline casey,3
derrick,3
mr. david copperfield,3
murray gell-mann,3
judge marrah,3
zagari,3
bill barr,3
henry b. pitman,3
keyana pompey,3
avellino,3
jane doe 8,3
gloria allred,3
philip,3
employee-3,3
joseph jaffe,3
goodwin,3
john moscato,3
regina chacon,3
bagley,3
amber southerland,3
philip weiss,3
rina danielson,3
magistrate judge pitman,3
francesca tessier-miller,3
sarah k. eddy,3
"maxwell, ghislaine",3
jane doe 7,3
missouri,3
mr. fernich,3
sonya ketter moore,3
fares,3
floyd,3
abbasi,3
mike mcdaniel,3
volpe,3
james marsh,3
christian,3
payne,3
rosado,3
bruce king,3
jefferies,3
nieves,3
valerie,3
pamela utter,3
judge torres,3
scott s. harris,3
leslie groff,3
sadie herbert,3
brent tindall,3
matthew a. leish,3
dennis,3
robert meister,3
ms. sanchez,3
leon black,3
barrie,3
shawna,3
britany beale,3
mr. j.f.,3
jibby,3
amyyyy,3
jenn,3
larry visoki,3
jt,3
alice,3
christopher dodd,3
venero,3
thomas rofrano,3
ghaline maxwell,3
officer munyan,3
ralph lauren,3
brit,3
joanna,3
lisa moretowhore,3
judge laura johnson,3
capt gudger,3
detective michelle pagan,3
mrs maxwell,3
mr. pincus,3
brandy,3
les,3
lawrence paul visoski jr,3
ken hart,3
lisa geese-ah,3
angelica cortez,3
andrew marra,3
katya,3
j. p. morgan,3
altomaro,3
nickie a.,3
theresa wyatt,3
sarah lynnelle kellen,3
john kerry,3
charles schumer,3
meg,3
tathum,3
vanessa,3
michelle d. pagan,3
vince,3
ms. back,3
daniel szarszewski,3
munyan,3
deborah trautwein,3
jennifer without the nifer,3
det caristo,3
brent bradbury,3
harry,3
infelicitous,3
jeannie hernandez,3
mark l. winans,3
kathleen parker,3
b. hammond,3
cecilie,3
bobbie payne,3
vivian,3
adriana musinska,3
shanna,3
paul a lavery,3
celina,3
jimmy cayne,3
miss blondie,3
preston mighdoll,3
jojo,3
eating emo kids for breakfast,3
joanna harrison,3
eric anderson,3
brett albritton,3
andreana mucinska,3
tiffany,3
llian,3
kevin boyle,2
james d. beumel,2
larry h. moore,2
nancy c. moore,2
michael l. cook,2
bryan w. lee,2
roger hayse,2
ross crawford,2
sylvia parse,2
henry parse,2
nicholas cutaia,2
c.r. gibb,2
nogam,2
neder,2
rosales-lopez,2
scher,2
mr. shiechtman,2
justice rehnquist,2
marks,2
chief justice marshall,2
texas,2
"bombardier recreational prod., inc.",2
gucci,2
john doe agency,2
john doe corp.,2
pyramid co. of onondaga,2
theresa austerberry,2
ms. richard,2
josephburg,2
marianne e. bertuna,2
john s. esposito,2
michael t. jaccarino,2
andrea m. arrigo,2
lino j. de masi,2
michael f. dibenedetto,2
joseph a. baratta,2
antoinette lanteri,2
william r. santo,2
peter s. thomas,2
lawrence spasojevich,2
louis r. aidala,2
joseph p. baratta,2
laura edelstein,2
suarez,2
santos,2
mcgrain,2
ali feingold,2
melissa desori,2
david elbaum,2
brendan henry,2
jenson smith,2
ariel stoddard,2
nancy ma,2
p. watters,2
n. dorsen,2
r. schrank,2
r. goldmann,2
a. morrison,2
d. rhode,2
fontanilla,2
caroline rule,2
sharon mccarthy,2
adam murphy,2
christine mazzella,2
bastian,2
bilzerian,2
robert h. bork,2
raoul berger,2
hamlett,2
stanley j. oklua,2
catherine morgan conrad,2
mr. donohue,2
kramer levin,2
donna kane,2
lori edelstein,2
richard w. painter,2
monroe freedman,2
peter barnhart,2
sara jane kasperzak,2
dean kasperzak,2
lucia osborne-crawley,2
nanette l. davis,2
adam hobson,2
ezra spilke,2
afshar,2
calphalon,2
yackee,2
payton,2
sandra day o'connor,2
brissett,2
cc-1,2
henareh,2
mcrae,2
breakiron,2
guerin,2
mayer,2
juror payton,2
irving younger,2
edna erez,2
scalia,2
miers,2
alito,2
deborah rhode,2
s. lubet,2
larry fallek,2
accuser 2,2
accuser 3,2
miss davis,2
natdello,2
paul weiss,2
frank j. rosa,2
manessis,2
justice cardozo,2
william kermode,2
robert fergus-jean,2
marquez-alejandro,2
rehnquist,2
ken renta,2
roy simon,2
andrew perlman,2
salhi,2
stone,2
orrin hatch,2
ms giuffre,2
lara menninger,2
haney,2
thomas e. carnaghi,2
john maguire,2
kathryne maguire,2
jesus ortiz,2
michael hammer,2
charles bee,2
heather loeser,2
dawn forbes,2
mr. maxwell,2
laura joy edelstein,2
jeff solnet,2
"jordana (""jordy"") h. feldman",2
joe biden,2
kamala harris,2
meghan markle,2
juror 189,2
juror 239,2
scott mordell,2
anton,2
petrillo,2
alldredge,2
wilkins,2
devery,2
burger,2
susan e. brune,2
william ginsburg,2
monica lewinsky,2
rod mckay,2
irwin mayer,2
shih,2
reifler,2
nash,2
hartman,2
senninger,2
lisi,2
marc rich,2
choper j.,2
hubbell,2
"merchant, william",2
"owen, dennis",2
"pape, mark",2
peterson ronald a.,2
"pollitt, hunter",2
"poncher, lyle",2
"postonvo, jr. eugenio",2
"ragsdale, c&e",2
"ragsdale, hv",2
"ragsdale, t&l",2
"ragsdale, ts iv",2
"schuett, jr., william g.",2
"small, richard & arlene",2
"spector, donald",2
stuart thomas,2
"tate, joseph p.",2
"vanek, greg",2
"walsh, carol",2
"wiggins, glenn",2
"yang, julie",2
ruby j. krajick,2
sweeney,2
nardelli,2
mcguire,2
james 'jamie' martin hollomon,2
betty maxwell,2
ricco,2
henderson,2
elsbery,2
alan w. friedberg,2
kevin e.f. o'sullivan,2
david b. saxe,2
david friedman,2
"john w. sweeny, jr.",2
eugene nardelli,2
james m. mcguire,2
george floyd,2
vivienne stapp,2
judge easterbrook,2
alison moc,2
colorado,2
connick,2
diorio,2
kreisler-borg,2
jama,2
leonard,2
p. beiersdorf,2
mcgohey,2
gladden,2
purvis,2
oest,2
schacht,2
rockefeller,2
dan quayle,2
packwood,2
donna m. guerin,2
denis m. field,2
jason hernandez,2
chris c. gair,2
charles b. sklarsky,2
nicole allen,2
mark l. rotert,2
alexander sasha bardey,2
jeffrey deyoung,2
susan manske,2
john mcguire,2
kathryne mcguire,2
herb,2
bernhardt goetz,2
roy cohn,2
susan elizabeth brune,2
kozinski,2
benhamou,2
brittney henderson,2
david farse,2
yudong zhu,2
vasquez,2
radonjich,2
childress,2
jordana h feldman,2
m c grumbridge,2
naso,2
bob maxwell,2
dr. warren seligman,2
dr. seligman,2
william lucas,2
vaughn walker,2
"paul m. van arsdell, jr.",2
howard lichtenstein,2
philip b. blank,2
juror no. 11,2
tanu,2
laurenti,2
hillegas,2
david cole,2
george ventura,2
sachs,2
thomas carnaghi,2
jason shih,2
alex brown,2
mr.,2
james bond,2
norris,2
booker,2
kimbrough,2
mr. smith,2
daniel nardello,2
steven gillers,2
aponte,2
theresa marie trzaskoma,2
mays,2
albert pinto,2
buckner,2
"allenduff, phillip",2
"augustine, william",2
"ballisteri, james",2
"ballisteri, rosemarie",2
"basler, wayne g",2
"bernard, stephen f.",2
"cairo, michael",2
"cariths, joel m.",2
"carruth, herman",2
"deininger, richard",2
"dotson, kenneth",2
"eigel, c&c",2
"frigo, arthur",2
"geasey, william",2
"georgiou, john r.",2
"goldberg, m",2
"goldstein, robert",2
"gorman, robert",2
"guy, jerry",2
"jensen, robert & debra",2
"kelley, phillip & kathy",2
"koenig, thomas",2
"lowenberg, james a.",2
"martell, james",2
natalya malyshev,2
ron eppinger,2
hillary richard,2
charles austerberry,2
sen. kyl,2
sen. feinstein,2
kelly bovino umekubo,2
catherine,2
lafave,2
wint,2
gramins,2
shechtman,2
shambron,2
sharon,2
vargas-cordon,2
justice marshall,2
"liebling, a.",2
"durie, l.",2
"stiles, a.",2
"tait, s.",2
"marshall, j.",2
bernard nussbaum,2
hamlet,2
claudius,2
polonius,2
ophelia,2
laertes,2
rosencrantz,2
gildenstern,2
minor victim 4,2
lynn swann,2
dupree,2
drake,2
kate farmer,2
david dinkins,2
margaret e. mabie,2
@nycsdddd,2
@anniefarmer,2
dorvee,2
gigante,2
harris,2
long,2
scala,2
william h. pauly iii,2
leung,2
abcasis,2
jordana harris feldman,2
eubanks,2
seldin,2
telles,2
jane loring-kraft,2
greg blair,2
matthew coleman,2
mr. bair,2
sandra burnside,2
alison j nathan,2
todd clendening,2
judy gagnon,2
daniel aronoff,2
judi gagnon,2
john beary,2
john v. ivsan,2
elizabeth nesbitt kuyrkendall,2
timothy slater,2
derosa,2
jane farmer,2
"hastic, r.",2
"monahan, j.",2
mudaly,2
goddard,2
ryan chaloner winton hall,2
lerner,2
peters,2
jane doe-3,2
bui,2
prochaska,2
diclemente,2
cr ma base pac,2
romto,2
lindbad,2
lanes o,2
lamb me,2
jensen tk,2
gulbrandsen w,2
mossige s,2
reichelt s,2
tjersland oa,2
jonson e,2
kogan sm,2
lalor k,2
mcelvaney r,2
sternberg kj,2
esplin pw,2
westcott hl,2
davies gm,2
bull r,2
lawson l,2
chaffin m,2
london k,2
bruck m,2
ceci sj,2
shuman d,2
lyon td,2
pipe m,2
lamb m,2
cederborg ac,2
farrington dp,2
hollin cr,2
mcmurman m,2
greene s,2
hogan d,2
garavan r,2
debarra m,2
byrne j,2
conroy r,2
goddard c,2
mudaly n,2
olafson e,2
lederman cs,2
priebe g,2
svedin cg,2
quas ja,2
goodman gs,2
ghetti sa,2
kristen w,2
edelstein rr,2
allison d,2
cordon im,2
jones dph,2
jonsson l,2
lööf l,2
dansky bs,2
aleman a,2
goudena pp,2
sjoberg rl,2
deepak kalpoe,2
satish kalpoe,2
phillip c. mcgraw,2
joseph naso,2
andrew urdiales,2
"tousignant, j.p.",2
"foster, r.a.",2
"christianson, s.",2
knoll jl,2
lee j,2
gold l,2
frierson r,2
appel jm,2
lapchenko m,2
marcus a,2
kaemph a,2
fredrick d,2
strauss,2
m. garry,2
h. hayne,2
william o’donohue,2
mills,2
pascarella,2
officer recarey,2
golyansky,2
lincoln,2
pineros,2
sena,2
administrator feldman,2
"wortman, c.b.",2
liu c,2
romeus l,2
gould n,2
mccann u,2
mckibben j,2
knoll j,2
ursano rj,2
norwood ae,2
fullerton cs,2
dr. smith,2
j. l. webb,2
jessica sanchez,2
nam nae won,2
jihyun song,2
keith landry,2
heidi hatch,2
zac anderson,2
roberto schiattino,2
cris barrish,2
steve blow,2
karen lusky,2
donna leinwand leger,2
margaux watt,2
ryan hall,2
messerschmitt,2
vila,2
jeffrey l. dahmer,2
william george bonin,2
serrano,2
dr. ann burgess,2
murrie dc,2
a. marie villapaña,2
fitch lw,2
"morgan, c.a.",2
"southwick, s.",2
"steffian, g.",2
"hazlett, g.",2
"steblay, n.k.",2
"lappas, s.t.",2
"wudarzewski, a.",2
"clifasefi, s.l.",2
"tingen, i.w.",2
"klemfuss, j. z.",2
"cauffman, e.",2
"clarke-stewart, k.a.",2
"moyzis, r.k.",2
"lewandowsky, s.",2
"mann, m. e.",2
"bauld, l.",2
"hastings, g.",2
"leport, a.k.r.",2
"petersen, n.",2
"mcgaugh, j.l.",2
"mcnally, r.j.",2
"malaktaris, a.",2
"lewis, h.c.",2
lieb,2
linehan,2
jillian,2
cotter,2
perreault,2
landholt,2
jud,2
reiterma,2
grietens,2
tener,2
larry laudan,2
renee stoll,2
marisol bello,2
brandon keim,2
jo ciaglia,2
gwen knapp,2
maia szlavitz,2
erin brodwin,2
andrew pollock,2
abigail ohlheiser,2
kelley beaucar vlahos,2
rich zeoli,2
amy ohoheiser,2
laura evans,2
sue ambrose,2
mackenzie carpenter,2
castro,2
gary ramona,2
richard rose,2
joel rifkin,2
"james e. swann, jr.",2
arthur mcelroy,2
quayle,2
goodman brown,2
orbach,2
sternberg,2
erik menendez,2
"strange, d.",2
"dysart, j.",2
"suppes, p.",2
"newman, e. j.",2
"bogart, d.",2
pereda,2
guilera,2
gómez-benito,2
lanes,2
fallon,2
shattuck,2
hamby,2
trocmé,2
a gg a,2
k rts henbaum,2
kuma o,2
tome,2
"eisen, m. l.",2
"geraerts, e.",2
"lilienfeld, s. o.",2
ressler r,2
dr. levitt,2
humphrey,2
starzynski,2
zinzow,2
crisman,2
littleton,2
mclaughlin,2
scurich n,2
anes,2
moher-kuo,2
lamolt,2
doug kaufman,2
richard c. w. hall,2
tony pipitone,2
trestman r,2
janvier a,2
macvaugh gs iii,2
merideth p,2
montgomery j,2
linden ev,2
"otgaar, h.",2
"greenspan, r.l.",2
"murphy, g.",2
"o'donohue, w. t.",2
cheng j,2
government,2
pkl,2
"newirth, k.a.",2
"freedman, j.l.",2
lott,2
cortes,2
talkington,2
angelilli,2
bocio,2
dupre,2
ehrens,2
kovacs,2
new hampshire,2
brisco,2
ercole,2
"peterson, t.",2
"geis, g.",2
"godfrey, r.",2
moenssens aa,2
soliman s,2
martin c,2
preedy v,2
patel v,2
collier s,2
balon r,2
wise tn,2
shand j,2
marshall r,2
wooten k,2
"smith, k.d.",2
"fiedler, j.",2
"morris, p.",2
"davies, g.",2
"bell, b.e.",2
"christianson, s.a.",2
"losel, f.",2
kassin,2
campagnolo,2
tellier,2
wicker,2
juror number 50,2
samuel dieteman,2
dale hausner,2
douglas daniel clark,2
michael dee mattson,2
david h. brooks,2
smith dw,2
letourneau ej,2
staller km,2
nelson gardell d,2
summit r,2
ungar m,2
barter k,2
mcconnell s,2
tutty l,2
fairholm j,2
tutty lm,2
zwi kj,2
woolfenden sr,2
wheeler dm,2
o'brien ta,2
tait p,2
williams kw,2
zhong,2
quraishi,2
sunni drescher,2
sta er,2
nelson-garde,2
erooga,2
beckett,2
defaria,2
professor gershman,2
gollwitzer,2
schaal,2
pickett,2
knowles,2
craissati,2
mcclurg,2
champagne,2
john monahan,2
staller,2
nelson-gardell,2
"honeck, r.p.",2
"deffenbacher, k.a.",2
"severance, l.j.",2
r. schmechel,2
t. o'toole,2
c. easterly,2
e. loftus,2
ann begin,2
kelley e,2
flood f,2
frisher k,2
davidson c,2
knoll iv j,2
richard j. arcara,2
james d. hopkins,2
jed s. rakoff,2
matthew lee,2
dr. lisa m. rocchio,2
ms. mayers-best,2
hatters-friedman s,2
landess j,2
greenspan m,2
gage b,2
waggoner r,2
forcen f,2
parker g,2
"arredondo, m.",2
"cantu, a.",2
leath rothman,2
dr. phil mcgraw,2
culhane,2
abel gg,2
"belli, r.f.",2
"pickrell, j.e.",2
"clark, s.e.",2
mr. agnifilo,2
"putnam, f. w.",2
"levensky, e.",2
cu hane,2
messerschm tt,2
w s,2
halamek,2
john allen muhammad,2
"black, t.",2
"ungar, m.",2
"barter, k.",2
"tutty, l. m.",2
"fairholm, j.",2
clark mr,2
treisman gj,2
brown k,2
beech a,2
craig l,2
chou s,2
feldman m,2
yates g,2
houdek v,2
popkin mk,2
silver s,2
erikson,2
oedipus,2
tanay e,2
ciccone jr,2
barry dj,2
fillinger h,2
labowitz di,2
yates,2
lisa montgomery,2
troy ashmus,2
l. stolzenberg,2
s. d'alessio,2
biggers,2
stovall,2
hemmings,2
"greenmun, g.n.",2
"dashiell, r.l.",2
c.a. courtois,2
j. anthony,2
l. feil,2
w. plante,2
r. sabo,2
m. spencer,2
d. hughes,2
k. rose,2
"pickrell, j. e.",2
"kohlenberg, r. j.",2
dudley,2
shanna k. bever,2
james r. freudenberg,2
garaufis,2
kevin king,2
jane doe-2,2
quinones,2
dinwiddie sh,2
harlow m,2
pasternack s,2
schmidt c,2
barnett d,2
"van de wetering, s.",2
"croyle, r.t.",2
candel,2
geraerts,2
pummer,2
"abelson, r.p.",2
"neisser, u.",2
j.c. chrisler,2
i. johnston-robledo,2
c. smith,2
j. cogan,2
joseph neale,2
dr. rochio,2
bout,2
partin,2
lara e. pomerantz,2
rhonda mayers-best,2
breyer,2
rosaleen mcelvaney,2
"alaggia, r.",2
"kirshenbaum, s.",2
"braun, v.",2
"clarke, v.",2
"brazelton, j. f.",2
"browning, c. r.",2
"laumann, e. o.",2
"collings, s. j.",2
"griffiths, s.",2
"kumalo, m.",2
"sablonni, d. l.",2
"palmer, a. m.",2
"milne, l.",2
"crisma, m.",2
"bascelli, e.",2
"paci, d.",2
"romito, p.",2
"dumont, m.",2
"messerschmitt, p.",2
"vila, g.",2
"bohu, d.",2
"rey salmon, c.",2
"easton, s. d.",2
"saltzman, l. y.",2
"willis, d. g.",2
"van wert, m.",2
"lefebvre, r.",2
"goel, s.",2
"shattuck, a.",2
"turner, h. a.",2
"hamby, s. l.",2
"fontes, l. a.",2
"plummer, c.",2
"gagnier, c.",2
"goodman brown, t. b.",2
"edelstein, r. s.",2
"goodman, g. s.",2
"jones, d.",2
"gordon, d. s.",2
"hébert, m.",2
"tourigny, m.",2
"cyr, m.",2
"mcduff, p.",2
"joly, j.",2
"hershkowitz, i.",2
"horowitz, d.",2
"lamb, m. e.",2
"lanes, o.",2
"hunter, s. v.",2
"jensen, t. k.",2
"gulbrandsen, w.",2
"mossige, s.",2
"reichelt, s.",2
"tjersland, o. a.",2
"jillian, b.",2
"cotter, a.",2
"perreault, s.",2
"jones, d. p. h.",2
"jonzon, e.",2
"lindblad, f.",2
"kiteley, r.",2
"stogdon, c.",2
"kogan, s.",2
"leclerc, b.",2
"wortley, r.",2
"shuman, d. w.",2
"culhane, m.",2
quas,2
rispers,2
zwi,2
lalor,2
locust,2
andy newman,2
wes judd,2
tori walker,2
michael greshko,2
adam hochron,2
elizabeth bachmann,2
joel solomon,2
danielle prieur,2
gagner,2
braze ton,2
m ne,2
lec erc,2
wort ey,2
schonbucher,2
"wright, d.b.",2
"terranova, s.",2
tupac shakur,2
matthews d,2
"kievit, l. w.",2
"hlavka, h. r.",2
"humphrey, j. a.",2
"white, j. w.",2
"kogan, s. m.",2
"koss, m. p.",2
"kovacs, m.",2
"lacy, j. w.",2
"stark, c. e.",2
"linden, j. a.",2
"littleton, h.",2
"mclaughlin, k. a.",2
"koenen, k. c.",2
"hill, e. d.",2
"petukhova, m.",2
"sampson, n. a.",2
"zaslavsky, a. m.",2
"patterson, d.",2
"greeson, m.",2
"campbell, r.",2
"holmes, m. m.",2
"clum, g.",2
"acierno, r.",2
"rickert, v. i.",2
"wiemann, c. m.",2
"vaughan, r. d.",2
"ruch, l. r.",2
"coyne, b. j.",2
"perrone, p. a.",2
"schonbucher, v.",2
"landolt, m.",2
"starzynski, l. l.",2
"townsend, s. m.",2
"roelofs, j.",2
"tjaden, p. g.",2
"unterhitzenberger, j.",2
"rosner, r.",2
"wolitzky taylor, k. b.",2
"zinzow, h. m.",2
"barr, s. c.",2
"danielson, c. k.",2
hartill,2
"kenneth a. polite, jr.",2
"beuchel, a.",2
rhonda,2
johnston l,2
sorrentino,2
yossef s. ben-porath,2
c scott,2
b mcdermott,2
c dike,2
m baranoski,2
paul arbisi,2
ziad nasreddine,2
jonson,2
lyon,2
chaffin,2
michael e. hegarty,2
asnes,2
rivard jm,2
andrea yates,2
clare,2
gudjonsson,2
hatton,2
anna nicole smith,2
rundell jr,2
winstead dk,2
silberman e,2
preven d,2
weissman s,2
victim-3,2
warner-kearney,2
haddon morgan foreman,2
keating,2
sidney nathaniel landau,2
frederick tyrone baker,2
timothy eichenlaub,2
"seitz, a.",2
"granhag, p.a.",2
"rader, m.",2
matthews a,2
padalia k,2
kiguradze t,2
mayet m,2
"cogan, j.",2
"rocchio, l. m.",2
"minugh, p. a.",2
"riedford, m.",2
"saris, r.",2
"silver, b.",2
"rocchio-giordano, l. m.",2
"mills, m.a.m",2
"hughes, d.m.",2
"gold, s.",2
"ruben, b.d.",2
"weingardt, k.r.",2
"brown, s.w.",2
pgg,2
jeffrey dahmer,2
john dupont,2
adelman r,2
bourjaily,2
samantha craven,2
sarah brown,2
elizabeth gilchrist,2
benjamin kramer,2
ryan odom,2
caracappa,2
cavallaro,2
crisono,2
cuervelo,2
dan zhong,2
dees,2
merck,2
essef,2
e.e.o.c.,2
bloomberg,2
electra,2
charley,2
olafson,2
lederman,2
t.d. bailey,2
l.m. rocchio,2
b. lott,2
c. feinstein,2
v. appareddy,2
j. scroppo,2
l.h. collins,2
j. chrysler,2
k. quina,2
h. landrine,2
e. a. klonoff,2
j. nashpitz,2
j. worell,2
n. johnson,2
"canter, d.",2
"hughes, d.",2
"kirby, s.",2
"horton, a. l.",2
"craissati, j.",2
"mcclurg, g.",2
"fernandez, y. m.",2
"lightbody, s.",2
"o'sullivan, c.",2
"hall, g. c. n.",2
"hirschman, r.",2
"hare, r. d.",2
"hart, s. d.",2
"hodgins, s.",2
"herman, j.",2
"itzin, c.",2
"laws, d. r.",2
"barbaree, h. e.",2
"anderson, d.",2
"champagne, f.",2
"hamilton, k.",2
"jones, r.",2
"morrison, t.",2
"erooga, m.",2
"beckett, r. c.",2
"pickett, c. l.",2
"gardner, w. l.",2
"knowles, m.",2
"prochaska, j. o.",2
"diclemente, c. c.",2
"sampson, a.",2
"sanford, l. t.",2
alford,2
o'flynn,2
campanella,2
crowe,2
bolduc,2
curto,2
weinstein,2
ferrier,2
duckworth,2
bonanno,2
knaust,2
m.k.,2
mrs. k.,2
sorenson,2
grosman,2
roelofs,2
fitch wl,2
ernesto anguiano,2
joshua jenkins,2
"minugh, p.a.",2
"leichtman, m.d.",2
"schacter, d.l.",2
corbett,2
"hyman, i.e.",2
"thomas, a.k.",2
"ellis, r.",2
"whittlesea, b. w.a.",2
"guyer, m.",2
"sharman, s.j.",2
"marlatt, g.a.",2
"kanter,j. w.",2
"krackow, e.",2
"bulevich, j. b.",2
richard dawkins,2
tim folger,2
"roesch, r.",2
"gagnon, n.",2
"goodman, g.s.",2
"nadel, l.",2
david brooks,2
ziegler m,2
maccann c,2
roberts r,2
nucifora fc,2
everly g,2
loue s,2
sajatovic m,2
fbi agent,2
paul rk,2
lockey c,2
bursztajn h,2
azzam a,2
yanofski j,2
kaftarian e,2
appleby bs,2
appleby kk,2
wallin mt,2
bursztajn hj,2
gould nf,2
mckibben jb,2
hall r,2
corry nh,2
amoyal na,2
mason st,2
mccann ud,2
fauerbach ja,2
"houlgrave, s.",2
jagger j,2
sorsoli,2
kia-keating,2
grossman,2
hébert,2
tourigny,2
cyr,2
mcduff,2
joly,2
browning,2
laumann,2
purcell,2
crosby,2
kenneth s. broun,2
melendez-diaz,2
gelzer,2
"jacobs, j.",2
lion jr,2
ben-aron mh,2
webster cd,2
curran,2
lieve m. hehenkamp,2
elise m. van de putte,2
arjen j. van wijk,2
ad de jongh,2
rita rosner,2
greeson,2
ruch,2
coyne,2
perrone,2
letourneau,2
k. patrick,2
best,2
silver,2
alvarez,2
borrone-iglar,2
brooks,2
casas,2
daly,2
mejia,2
norman k. moon,2
"mcalinden, a.",2
"mower, l.",2
"o'callaghan, d.",2
"salter, a.",2
"seto, m.",2
"sgroi, s. m.",2
"shakeshaft, c.",2
"spiegel, j.",2
"vance, a.",2
"wyre, r.",2
seto,2
lumpkin,2
mathis,2
jed rakoff,2
thomas albright,2
loftus ef,2
gerald lefcort,2
harrington,2
"weiss, d.",2
daryl matthews,2
pike,2
hare,2
hart,2
"cochran, k. j.",2
"greenspan, r. l",2
"bogart, d. f.",2
"rakoff, j.s.",2
"patihis, l",2
"pena, m.m.",2
"jafary, a.m.",2
"brodsky, s.l.",2
"herrara, m.e.",2
"dunn, dana s.",2
"bell, r.",2
"maxcey, a.m.",2
"li, j.",2
"kuwano, s.",2
"sato, t.",2
"matsuzawa, t.",2
"kocsis, r. n.",2
"teitcher, j.",2
"shao, x.",2
"liu, w.",2
"ye, z.",2
"zhuang, l.",2
"zheng, l.",2
"urban, e.j.",2
"acevedo, a.m.",2
"cross, m.p.",2
"pressman, s.d.",2
"greene, c.m.",2
"mcclure, k.a.",2
"mcguire, k.l.",2
"shaw, e. v.",2
trombetta,2
olden,2
cronic,2
hiss,2
"cole, w.",2
ferro,2
schaffer,2
mrs. k,2
seymour,2
bache,2
crisonas,2
"lei, x.",2
"dong, q",2
hygh,2
heine,2
accuser 5,2
serna,2
hydell,2
hill,2
re,2
carboni,2
dolney,2
mower,2
o'callaghan,2
vance,2
"berson, i. r.",2
"brackenridge, c. h.",2
"brown, d.",2
"budin, i. e.",2
"johnson, c. f.",2
"burgess, a. w.",2
"holmstrom, l. l.",2
"gallagher, b.",2
"hobson, w. f.",2
"gary, t. s.",2
"hartill, m.",2
"herman, j. l.",2
"knoll, j.",2
"laudan, l.",2
judge stein,2
mr. reiter,2
steven flatly,2
lightbody,2
o'sullivan,2
itzin,2
lester,2
morel,2
overton,2
rounds,2
simon ri,2
doe no. 1,2
nygard,2
doe no. 2,2
kolko,2
bicanic,2
marurene comey,2
jack reed,2
sheldon whitehouse,2
david cicilline,2
james langevin,2
joshua miller,2
david bennett,2
emma rosen,2
john doe,2
jarrett,2
headley,2
franco,2
gamble,2
zafiro,2
mr. phillips,2
maric,2
andrew pal,2
o'rourke,2
xavier r. donaldson,2
bonds,2
ramnath,2
kathy griffin,2
sigrid stone mccawley,2
broccolo,2
erick g. luna,2
jeffrey a. van detta,2
wedd,2
reno,2
troiani,2
pete,2
nakashian,2
rutkoske,2
schaefer,2
justice black,2
will h. wolk,2
lefevre,2
don king,2
minor victim,2
danielle bensky,2
whitney webb,2
dababy,2
victoria roberts,2
albino,2
nomura,2
grant,2
casamento,2
seabrook,2
stavroulakis,2
drew oosterbaan,2
edward diskant,2
russell capone,2
abigail kurland,2
valenzuela,2
charles alan wright,2
arthur r. miller,2
john p. schmitt,2
moulton,2
chujoy,2
edlind,2
reveron martinez,2
earp,2
naegele,2
ruedlinger,2
marcus schloss,2
gracesqui,2
page,2
william henry cosby jr.,2
pinto-thomaz,2
district attorney castor,2
heyward,2
bonacorsa,2
cicalese,2
landau,2
calandra,2
donohue,2
mundy,2
saylor,2
myers,2
fiumano,2
gambino,2
doyle,2
elizabeth holmes,2
bruce,2
zuber,2
ahmed,2
vanhoesen,2
podde,2
evans,2
walter phillips,2
constand's mother,2
judge ferman,2
p. skinner,2
a. kramer,2
u.s. attorney,2
souleymane balde,2
alberti,2
weiner,2
markiewicz,2
burrage,2
cisneros,2
bonjorno,2
campo flores,2
jimenez,2
johns,2
akhavan,2
da castor,2
louis,2
al kassar,2
mahabub,2
janice dickinson,2
bergstein,2
marsh,2
van thornout,2
countentos,2
cromitie,2
digregorio,2
olivieri,2
maria villafaña,2
geaney,2
soman,2
zodhiates,2
imbler,2
mitan,2
mitchell,2
hemphill,2
bellomo,2
ben zvi,2
al-sadawi,2
d.a. ferman,2
patrick mcmullan,2
judge bianco,2
sophia,2
turoff,2
george stipetich,2
guevara-toloso,2
howell,2
virginia guiffre,2
b. siskin,2
j. staller,2
plaza-andrades,2
dr. bernard r. siskin,2
failla,2
garcia-gonzalez,2
aguilar,2
smccawley,2
pearce,2
cambindo valencia,2
pruner,2
resendiz-ponce,2
illinois,2
percevault,2
sarah vickers,2
walsh,2
dr. eva dubin,2
andy farmer,2
dr. o'donohue,2
pope john paul,2
amanda milroy,2
gee,2
maureen,2
robert kennedy jr.,2
senator john glenn,2
former senator george mitchell,2
mrs. maxwell,2
mr. o'neill,2
mrs. o'neill,2
eva adnersson dubin,2
mr. danchuk,2
russ,2
richard willits,2
russ kippus,2
gill,2
mode,2
mr. byrne,2
ap,2
duke of westminster,2
mr. weight,2
mr. hyppolite,2
sud,2
leslie roth,2
suann pisap,2
dawn devitto,2
virginia robertson,2
"maguire, kelly maguire",2
supervisory investigator brown,2
fiona,2
ms. midelfart,2
julie morgan,2
lazlo,2
adam perry ling,2
lady ghislaine,2
raghul sud,2
dominique hypolite,2
joan,2
mr. raghu sud,2
john glenn,2
algamal,2
dr. richard hall,2
jane's two brothers,2
sergeant mike dawson,2
detective sandman,2
cimberly,2
detective dix,2
captain crowell,2
kevin moran,2
ray hamilton,2
queen elizabeth ii,2
ucla,2
je natasha,2
mr. fisher,2
damien williams,2
dr. susan pope,2
dr. serge thys,2
khalilah,2
agent amanda young,2
ms. tayler,2
jane kate,2
guidance counselor,2
at,2
et,2
larry viski,2
anthony john jets,2
john gerard o'neal,2
nessa o'neal,2
kim paveolic,2
ms.villaflana,2
mr. trump,2
d. klyman,2
bugs bunny,2
sergeant george frick,2
detective allen dix,2
detective jennifer sandman,2
detective tom mellenchuck,2
officer michael bates,2
ms. cimberly,2
cim,2
sherry lewis,2
mr. rogers,2
kathy pezdek,2
mr. khan,2
ms. mde,2
father,2
wexler,2
denny chin,2
mr. dawson,2
witness 1,2
glen maxwell,2
merwin de la cruz,2
richard kahn,2
ava,2
h. l. watkins,2
lydia,2
monica,2
ms. chapel,2
dave alessi,2
daniel alan besselsen,2
werksman,2
keith rooney,2
mr. viskosi,2
agent kuyrkendall,2
tim powers,2
slater,2
professor elizabeth loftus,2
lauren quitner,2
jodi,2
ms. mccauley,2
wells,2
patrick mchugh,2
judge motley,2
frances hardinge,2
janine gill velez,2
officer aznaran,2
juan allessi,2
maria's boss,2
mr. meister,2
an soon kim,2
ms. maguire,2
seal,2
daniel alan bessielsen,2
dr. laney,2
susan pope,2
o'neills,2
brad nowell,2
pacan,2
vka..,2
the simpso..,2
yea soap w,2
amy lynn.,2
princess j..,2
hello my n..,2
satch-a-bi..,2
beef knuck..,2
its all ab..,2
beef,2
toni = ama..,2
orgasmatron,2
coby,2
alisson,2
eva c. rodriguez,2
nilda cabato,2
sarah l. kellen,2
gabby-chan,2
john f kennedy,2
dre,2
becca,2
jorlin,2
julio,2
brianna,2
tory,2
ralph,2
eric c. jackson,2
dropkick,2
"st thomas, vi",2
jack k. fuchs,2
flynn p. bertisch,2
jennifer l. shand,2
jane doe's stepmother,2
sheryl e. reich,2
renato c. stabile,2
faith a. friedman,2
"im not concelted, im confident!",2
stephanie,2
realcatchf..,2
rodson,2
wolfgang,2
rafael,2
latin flavo,2
fluffy,2
vallie,2
detective michele pagan,2
lianna belohlavek,2
nadya jorlin,2
alberto,2
jean,2
chris l. recarey,2
s.g.,2
yanush banasiak,2
elaine maxwell,2
john smith,2
barbara,2
leggo my c..,2
will (scr..,2
'lord of t..,2
stacey,2
p.m. da yo..,2
pinocchio,2
tavaris,2
steve l.,2
tha wild c..,2
m.e.x.,2
idk wat to..,2
shaun nedw..,2
only i's 4..,2
who cares ..,2
*kerosene',2
♥..,2
brittany beale,2
pamela anderson,2
eric c. judson,2
kerosene,2
dejoy,2
jb,2
tha wild child,2
wonderful-winslow,2
adam perry,2
annie taylor,2
isaiah,2
jva,2
jarrod,2
clobb,2
pimp,2
capt. crunk,2
old man on..,2
~xxx~,2
daize shayne,2
alejandro,2
that last ..,2
*~preciou..,2
jennifer w..,2
did you se..,2
:*:melissa..,2
smoking is..,2
felice,2
rpbstangth..,2
keepin it ..,2
cor,2
whiteboi,2
babydoll,2
florida ca..,2
freddy,2
faissel,2
ronnie lomar,2
dcolon,2
michael s. reiter,2
lisa pizza deesa,2
"im not conceited, im confident!",2
moreeda [is in maine],2
jane doe no. 5,2
nikxx,2
5l<y1er,2
nadya,2
l0veable d0rkk,2
epstein jeff,2
nukka,2
"dawson, michael c.",2
witness y. doe,2
s. skipper-scott,2
rosa proto,2
hoyt,2
[b(6); (b)(7)(c),2
lee lofthus,2
hugh hurwit,2
aw skipper-scott,2
roach,2
lamine n'diave,2
ilan epstein,2
chaplain,2
bhavna,2
l. n'diaye,2
c.edge,2
s.skipper-scott,2
shirley v.,2
cristina,2
epstrin,2
amine n'diaye,2
ronald,2
sis lt.,2
cmc,2
acting chief psychologist,2
scss,2
ido,2
pio,2
ms-13,2
aw ss,2
lt rds,2
j. eakin,2
oryewr,2
ray ormonde,2
inmate reyes,2
serena williams,2
fbi agents,2
morning watch lieutenant captain,2
mr. ormond,2
jeffery edward espstien,2
inmate companion,2
professor dr. jonathan david farley,2
michael carroll,2
im matthews,2
m. colon,2
operations lieutenant,2
"joaquin, y.",2
ken,2
facilities assistant,2
lieutenant medina,2
mr. johnson,2
j. a. keller,2
bop,2
g. tall,2
callender,2
bruce h. colton,2
tracy amaladas,2
senior officer specialist,2
charisma owens,2
chap,2
day watch activities lieutenant,2
tremontie,2
richard epstein,2
jeffery keller,2
igor zinoviev,2
ron johnson,2
chuck grassley,2
jackie,2
howard james petrucci,2
darrin,2
dr. jonathan david farley,2
b(6); (b)(7)(c),2
physician assistant,2
gaston,2
sandra,2
"reyes, efrain",2
g.tali colon meade,2
jeffrey keller,2
"davis, c",2
j. epitan,2
g. tali colon,2
"james ""whitey"" bulger",2
cappelletti,2
forensic psychologist 1,2
inmate 1,2
s. allen counter,2
benedict h. gross,2
dag,2
mike epstein,2
day watch shu officer in charge,2
jerry dunleavy,2
john gotti,2
ali sadr,2
adnan khashoggi,2
mahender sabhnani,2
macdonald,2
scarborough,2
belardo,2
leah harmon,2
the pretrial services officer,2
other authorized persons,2
judge marrero,2
kristina mcnamara,2
mccloud,2
renee mcreynolds,2
daniel p. moynihan,2
cheney,2
glotzer,2
casteneda,2
william sweeney jr.,2
biard,2
"johnson, c.j.",2
won. s. shin,2
hallock,2
b. paul briones,2
"swain, j.",2
"hellerstein, j.",2
hussain,2
buser,2
mcfadden,2
melendez-carrions,2
lawrence a. vogelman,2
hitchcock,2
judge koeltl,2
patriarca,2
chimurenga,2
ferranti,2
"engelmayr, j.",2
vondette,2
robertson,2
boatwright,2
secretary of state,2
judge duffey,2
chasser,2
william sweeney,2
your honor,2
van skiver,2
martha vazquez,2
magistrate judge briones,2
sabbhani,2
philippe aegle,2
orwell,2
"kennedy, j.",2
mdc staff,2
mdc legal counsel,2
stroho,2
daniel rodgers,2
ghislane,2
joanne tecluckaugh,2
shannon killian,2
rosenbergs,2
greg vincent,2
david roberts,2
colye,2
martha,2
ronald hugh baillie,2
philip percival whitcombe,2
byron,2
peter mandelson,2
jeffrey epste n,2
j.ruan,2
gary kerny,2
nick simmonds,2
kate balerud,2
michael doss,2
catherine alexander,2
merwin delacruz,2
emma tayler,2
leslie h. wexner,2
frances goldman,2
paul a. engelmayr,2
david reddage,2
schanz,2
ivan rosh,2
m.axwell,2
hasan khan,2
francois goffinet,2
manuela stoetter,2
jonathan mano,2
francis ward,2
helen villard house,2
c.snyder,2
david rockyn,2
"friendly, c.j.",2
jeffrey oestericher,2
i.maxwell,2
c.wood,2
carla,2
maxwell/elisabeth,2
hamblin/susan,2
mylene jampanoi,2
david hodge,2
charles miller,2
marc lundberg,2
d oakley,2
daniel redefie,2
minsky/marvin,2
doss/michael,2
villegas/girlie,2
perry/fleur,2
spann/kelly,2
jamie,2
nanny,2
stefan,2
elizabeth maxwell,2
estate manager,2
conrad black,2
l.casey,2
l nda stone,2
j k rchner,2
george son,2
b bonnett,2
nick simmons,2
steve tuckerman,2
jack robertson,2
pascal,2
harry dexter white,2
daniel rodger,2
connie rodgers,2
mar e joseph experton,2
dale,2
bartels,2
david malekian,2
timothy j. ambrose,2
baby,2
greg holubert,2
alyssa holubert,2
daniel rodge,2
sanchez/carlos,2
cook/diana,2
macedo/anna,2
dave rodgees,2
jordan fox,2
b.allen,2
dara,2
john scarola,2
marc lindberg,2
helen h kim,2
walker/melanie,2
kelson/l,2
laparra/pascal,2
beck/gwendolyn,2
foley/cimberly,2
ellison/amanda,2
david rothman,2
rivas,2
sims,2
steele/frank,2
koons/maura,2
coggins/sarah,2
roger wm. sahli,2
mr,2
lopez/cindy,2
langley/chelsea,2
visoski/larry,2
rodgers/david,2
oatman/robert,2
pastora peadon,2
pam bondi,2
david rodege,2
lynn forrester,2
aiani,2
donovan,2
mitrovich/andrea,2
tindall/brent,2
cox/madison,2
nicole junkermann,2
c.breeden,2
beiler/harry,2
galindo/cimberly,2
gany/eric,2
roche/christian,2
jonathan mand,2
d.chamberlin,2
robert s. glassman,2
s pascuzzi,2
david reddge,2
warren,2
visoski/lawrence,2
preece/dara,2
elizabeth johnson,2
galibert/jean clau...,2
duberseuil/guy,2
senator george mitchell,2
kelly spann,2
evelye,2
jeffie,2
j. b.,2
david ridgway,2
l.morrell,2
david rodgefr,2
david r. rutledge,2
david ross,2
robin l. rosenberg,2
chishlaine,2
kristoffe,2
david redeker,2
lauren kwintner,2
adrian mucinska,2
. maxwell,2
bill murphy,2
francisco villacis,2
melissa dalton,2
colina,2
paul levy,2
d cook,2
gary roxbury,2
m brown,2
comer,2
lloyd milton,2
tatyana simanava,2
sandy berger,2
margaret stuart moore,2
lady hilda monica inglis,2
richard cuthbert percival whitcombe,2
philip harold whitcombe,2
bell,2
m.brown,2
john barrow,2
tf,2
alexia wallaert,2
shannon hgly,2
audrey rambault,2
mr. copperfield,2
john a. tomasino,2
jimmy,2
doug schoettle,2
melinda luntz,2
ellen spencer,2
joel pashkow,2
dottie wilson,2
david golden,2
darren indyk,2
joel podgor,2
the court reporter,2
ms. annie farmer,2
rena,2
mr. casey,2
bartok,2
cherry,2
weissman,2
bsj,2
lisa bloom,2
ms. gibbs,2
henry pittman,2
pitch,2
norman mailer,2
lillian hellman,2
mary mccarthy,2
"joaquín ""el chapo"" guzmán loera",2
reuven fenton,2
kate sheehy,2
judge marra,2
martin r. weinberg,2
victor gutierrez,2
valerio,2
dr. olson,2
dr. steven olson,2
chuck weber,2
roger przybylski,2
maryland,2
mariana braylovskiy,2
sowa,2
david a. golden,2
judge carter,2
sandra musumeci,2
bernisa mejia,2
dennis khilkevich,2
mr. filip,2
judge wolf,2
michael c. miller,2
barker,2
schurman,2
leonardo,2
collamore,2
drayton,2
glist,2
mcneal,2
sabath,2
gutierrez,2
portes,2
irizarry,2
ellen brockman,2
lorna g. schofield,2
fama,2
hir,2
innes,2
reid h. weingarten,2
cheryl stevens,2
jeffrey s pagliuca,2
individual i,2
individual ii,2
louisiana,2
osorio,2
mr. acosta,2
michael b. mukasey,2
elizabeth rosner,2
tina moore,2
larry celona,2
bruce golding,2
minnici,2
millan,2
ira mark,2
tara ellman,2
defendant's attorneys,2
blockburger,2
swaim,2
maura s. doyle,2
mr. mitchell,2
diana samson,2
berrios,2
judge ramos,2
defreitas,2
levin,2
manzano,2
christy prunier,2
david doss,2
"epstein, mark",2
little,2
margalli-olvera,2
giffen,2
lloyd,2
kathleen hawk sawyer,2
defendants,2
reese,2
michael h. park,2
noveck,2
senior,2
judge alison j. nathan,2
adrian,2
difeaux,2
montague,2
james e. foy,2
charlie,2
riccardo,2
gambale,2
fernando de soto,2
paul epsen,2
chief judge brodie,2
bass,2
courtney bublé,2
jeffrey schantz,2
jes staley,2
valerie plame,2
john m leventhal,2
katie heidrick,2
hagan scotten,2
david rockefeller,2
restrepo,2
rourke,2
will h. wallace,2
sue hamblin,2
jermaine darden,2
diana fabi,2
paradiso,2
burr,2
carr,2
kirtsaeng,2
abramson,2
adler,2
craig tafoya,2
cecil mark & mini,2
pham,2
rebekah a. donaleski,2
michelle campos,2
p.b,2
morrell,2
hellen,2
mike muthafuckin shelly,2
steve hoffenberg,2
beth moore,2
molly grabill,2
james miller,2
michael tein,2
sunni,2
jayna,2
odis echols,2
anita de domenico,2
bill robbins,2
guy riordan,2
daniel d. villanueva,2
deborah dozier potter,2
nick kapnison,2
mohammed aysheh,2
benny roybal,2
jeff robson,2
ghislaine n. maxwell,2
jon,2
gilbert gallegos,2
robert rivera,2
daren,2
andreana muncinska,2
daniell,2
doug shuttle,2
stephen w. bosworth,2
lucille smith,2
chelsei,2
"bates, michael j.",2
gerald imber md,2
herman tabet,2
jane rosenthal,2
jerry della femina,2
joe p. garcia,2
john c. whitehead,2
john j. moores,2
john w. himes,2
josephine m. eastman,2
julio ramirez jr.,2
karen durkovich,2
mr. j.f,2
j. consor,2
josè lambiet,2
duchesne,2
nick kowalski,2
jane doe no. 1,2
paris hilton,2
jennifer lopez,2
dorren,2
undercoverlover,2
detective melnichok,2
craig eaton,2
dennis m. langley,2
paul e. cook,2
tommy hughes,2
leo sims,2
arnold j. rael,2
thomas m. valenzuela,2
officer pagan,2
sgt sorge,2
officer minot,2
ann coulter,2
michael resnick,2
danny abraham,2
josé lambiet,2
alexis,2
edgar allan poe,2
philip roth,2
holly,2
ilian,2
shelly,2
joanne g.,2
alex echiverria,2
jesse jones,2
era,2
de,2
jennie saunders,2
gray davis,2
gavin maloof,2
robert r. hopper,2
roberta cooper ramo,2
roy l. owen,2
solomon d. trujillo,2
stephen durkovich,2
stephen rattner,2
steve j. abraham,2
kaytlyn,2
its fukin jimmy,2
jeffrey colbath,2
paul turner,2
giayano,2
luella,2
patrick thomas,2
john connolly,2
h,2
liza,2
nick antico,2
nathalie,2
d. hammond,2
"recarby, joseph",2
lenny,2
mr. turner,2
claudia,2
robbie shergan,2
gavin p. maloof,2
john l. tishman,2
steven e. cauley,2
john hess,2
richard bloch,2
nancy bloch,2
diane denish,2
alexader acosta,2
rolando garcia,2
friend,2
lana belohavek,2
thomas c. dillenberg,2
tom rutherford,2
trevor loy,2
turner w. branch,2
william himes,2
s. gene cauley,2
ernest montoya,2
robert l. wright,2
monica barreras,2
abdul a. mintoo,2
dr. moskowitz,2
det joseph recarey,2
"pagan, michele",2
"trylch, jeffrey",2
"robson, haley",2
wilde,2
marquis de sade,2
jacques chirac,2
paula heil fisher,2
eva andersson dubin,2
lew wasserman,2
louis ranieri,2
ronald perelman,2
tom pritzker,2
dr. beard,2
david patrick columbia,2
mr. madelson,2
geon luc,2
ronald frick,2
laura oregero,2
larry visotki,2
jonathan farkas,2
mary c. han,2
s. daniel abraham,2
h. davidson,2
richard l. fisher,2
sonny otero,2
anthony correra,2
william windham,2
ofc. lee,2
sari,2
jane struder,2
debbie wemyss,2
brandon salnal,2
john brown,2
dr epstein,2
jeffy,2
katherine slick,2
larry shed,2
leonard a. lauder,2
leslie h. hill,2
lynn de rothschild,2
mark a swift,2
martin j. koldyke,2
chelse,2
bob fitrakis,2
gary johnson,2
colombian cutie,2
the cyanide psycho,2
bryan benjamin syler,2
mrs epstein,2
james st. james,2
michael alig,2
seth green,2
macaulay culkin,2
steve mcqueen,2
donald j trump,2
bubba,2
howard rubenstein,2
carolyn lowe,2
leslie wexler,2
mr. cipriani,2
genia,2
tatian,2
frick,2
giselle,2
strobe talbott,2
richard allen,2
mitchell brater,2
daniel payton,2
david lewis,2
robert nederlander,2
leonard toboroff,2
mr. cayne,2
mr. theram,2
katia,2
mantooth,2
jason,2
mgr parkinson,2
peter b. lewis,2
edmund healy,2
maurine dickey,2
tom worrell,2
david l. stone,2
dawn,2
wendy dunn,2
don irion,2
carlos ortiz,2
mike waites,2
mr. mucinska,2
mrs. mucinska,2
adriana's sister,2
adreana musinska,2
"green, aracelid",2
"marks, louise",2
"anderson, andrew",2
det michelle pagan,2
jonathan f. p. rose,2
aggie l. choi,2
alan solomont,2
alfred estrada,2
shayna jasmine,2
adrianna musinska,2
larry visotski,2
"minot, lori s.",2
julia,2
nyrual,2
be quiet an drive,2
will tucker,2
zinta broukis,2
charles m. diker,2
christy a. ferer,2
d. arnold mccall,2
daniel brodsky,2
david i. baron,2
david tokoph,2
sheena nuevo,2
mrs. brown,2
ms. caroline brown,2
matt damon,2
bruce willis,2
jon gordon,2
jennifer todd,2
sean bailey,2
chris moore,2
michael (mickey) tarnopol,2
warren eisenstein,2
ronald reagan,2
dixie,2
ms. lana belohavek,2
ms. la tosha lowe,2
"marcinkova, nada",2
"back, kathy",2
tania,2
derron,2
carlos gallegos jr.,2
cordelia c. trimble,2
edward garcia,2
gerald kessler,2
john bartosek,2
charles gerardi,2
bill rose,2
randy schultz,2
jan tuckwood,2
barry berg,2
john kelly,2
gale howden,2
linda murphy,2
bob halfe,2
laura deck cunningham,2
dan shorter,2
jose lambiet,2
deborah c. kastrin,2
earl potter,2
edward r. broida,2
elizabeth keeshan,2
frank zaitshik,2
fred a. vierra,2
gary d. plante,2
antonio villaraigosa,2
guy fronstein,2
captain gudger,2
kim pavlik,2
judge johnson,2
william s. cohen,2
barron,2
jean luc,2
rion,2
sandy,2
alice grant,2
shayna casman,2
diana macarthur,2
john m o'quinn,2
steve gabaldon,2
ben barnes,2
jamie koch,2
ahmed assed,2
e. w. williams jr.,2
ambar,2
colossus,2
the victim,2
joseph recarby,2
scott miller,2
joseph e. recarey,2
tory bean,2
shana caster,2
nadja marcinkova,2
nederlander,2
toboroff,2
dick snyder,2
harold levin,2
lars forsberg,2
robert morosky,2
jeffrey e. f,2
sgt. szarszewski,2
jeffrey williams,2
peggy seagal,2
keepin it caucasian,2
detective dicks,2
cara,2
ken newton,2
barry krisher,2
jack bauer,2
elaine,2
domenica,2
steven jude hoffenberg,2
douglas leese,2
john mitchell,2
jonathan harris,2
robert blackburn,2
giuseppe tome,2
edgar bronfman sr.,2
tamika,2
richard axel,2
jansen,2
john m. eaves,2
kathy lang,2
orville d. mcdonald,2
pia salazar,2
victoria bean,2
totum,2
kaylana,2
abigail koppel,2
bella wexner,2
marshall rose,2
nancy kissinger,2
brooke astor,2
robert bass,2
joseph goldstein,2
peter cincotti,2
lev glazman,2
gina simonelli,2
bernadette peters,2
paul smith,2
dyan cannon,2
linda medvene,2
wendy walker,2
jimmy choo,2
tommy hilfiger,2
roy maclaren,2
jay mazur,2
donald morrell,2
maryon davies lewis,2
nolan h. brunson,2
o.d. mcdonald,2
oscar s. wyatt jr.,2
christine tatum,2
jose torres a,2
graydon carter,2
the beatles,2
pavlik,2
"dicks, allen c.",2
courtney w.,2
missy,2
stephen,2
r. bart rutledge,2
rick moms,2
robert s. bass,2
sheila davis,2
stephen a. cozen,2
ted turner,2
thomas bonafair,2
victor paul kearney,2
robert joe hanson,2
jennifer r. sandman,2
beauty in,2
gisele bundchen,2
jgreen,2
barbara flicker,2
bernard l. schwartz,2
bernard rapoport,2
beth miller,2
billy g. smith,2
brian f. egolf,2
carl turner,2
celina dubin,2
cres valdez,2
michael wolff,2
bennett cerf,2
james stanley,2
clayballs,2
gerald peters,2
gus fronstin,2
j.b.,2
paul h. bradley,2
ed romero,2
david steiner,2
bob hertzberg,2
garrett thornburg,2
wayne a. reaud,2
john turner,2
oper stevie,2
"munyan, keith",2
jeffcy,2
"rodriguez, mr",2
sofia,2
george soros,2
stanley druckenmiller,2
jay gatsby,2
zanna belohlavek,2
james peterson,2
laura d. oregero,2
oper steve,2
paul a. donisthorpe,2
peter l. buttenwieser,2
philip d. harvey,2
philip j. wolff,2
prakash ranka,2
ralph schlosstein,2
ray f. padilla jr.,2
robert b. millard,2
robert denison,2
robert f. mccallum,2
charlize mutten,1
theodore 'ted' waitt,1
scott w. rothstein,1
harriet jagger,1
loretta preska,1
taylor m. friedman,1
parkins,1
sash,1
bowles,1
mr. rosenbaum,1
u.s. marshal eric weiss,1
mr. shectman,1
annie's mother,1
north,1
paul m. dauerdas,1
bovino,1
khatami,1
him,1
william b kavanaugh,1
atkin,1
charles stimson,1
jill laurie goodman,1
dorchen a. leidholdt,1
el chapo,1
douglas chanco,1
jennifer araos,1
kevin d'amour,1
richard bourne-vanneck,1
tela davis,1
john benham,1
melody westfall,1
sean foster,1
dr. sours edwards,1
paul m. dauerdus,1
mr. fallek,1
bruce a green,1
ralph berry,1
jacob r. fiddelman,1
dominic a. gentile,1
mark s. demarco,1
charlise mutton,1
tung yin,1
iqbal,1
hasty,1
juror 21,1
cc-2,1
crispin,1
armontront,1
jacob fiddelman,1
dominic gentile,1
mark demarco,1
ms. mayerlin ulerio,1
carolyn p. h. percell,1
ariel smith,1
pamela tepper,1
william blum,1
christopher kroblin,1
marjorie whalen,1
shari d'andrade,1
daniel weiner,1
sigurd kellan,1
nassila,1
amanda kumar,1
sarah kansome,1
theresa acosta,1
joseph fallek,1
matthew cuomo,1
bruce green,1
howard m. cooper,1
christian g. kiely,1
kristine c. oren,1
charles j. cooper,1
michael w. kirk,1
nicole j. moss,1
haley n. proctor,1
teresa j. helm,1
bollenbach,1
becky s. james,1
juror number one,1
debbie turner,1
paul tayler,1
michael baker,1
alexander s. bardey,1
kate termini,1
amy desimon,1
purdy,1
dore,1
sullivan,1
"paul h. schoeman, esq.",1
mr. bharara,1
anne holve,1
michael maxwell,1
zicchettiello,1
almighty god,1
"purcell, morris",1
"schmidt, ralph g.",1
laurence dollimore,1
degenhardt,1
"gamma tech industries, inc.",1
leach,1
justice sachs,1
justices friedman,1
dr. herbert hollomon,1
giovinco,1
arreola,1
choudry,1
demichele,1
ohio,1
araujo,1
ansaldi,1
gaskin,1
jennifer a.h. hodge,1
bricant,1
donald blackwell,1
derek chauvin,1
eric fischl,1
chuck close,1
james brooks,1
aronoff,1
toporek,1
ghislaine maxavell,1
john m. mantel,1
lara pomantz,1
elliot spitzer,1
jeffrey pagliucca,1
ms.,1
dr. bardey,1
rosenbaum,1
kent,1
erk,1
louise slaughter,1
deborah pryce,1
ghislaine maxweli,1
accuser-1's brother,1
ablyazov,1
collyard,1
gurney,1
harrelson,1
jeffrey a. h. hodge,1
catherine m. rosa,1
zichetello,1
professor marci a. hamilton,1
rotert,1
selgman,1
saranta,1
ume kubo,1
michael m. schwach,1
fusco,1
rita,1
gall,1
ramirez,1
benedetto,1
crowley,1
kam,1
weichert,1
whitehead,1
van graafeiland,1
"batchelder, abigail",1
"batchelder, joseph h & marcia",1
"batchelder, joseph henry iii",1
"devettter, dennis m.",1
"hanvacek, steven",1
"lusvardi, laurence c.",1
"weinstein, c.j.",1
venzanio arquilla,1
jeffrey s. pagluica,1
charles,1
mckay,1
sf,1
christopher mallios,1
toolsi meisner,1
jeffrey roth,1
jolana roth,1
betty,1
shanbrom,1
sklansky,1
her husband,1
her stepchildren,1
jaire,1
mi sun cho,1
wooten,1
anne j.t. holve,1
"honn, k. a.",1
"hinson, j. m.",1
"whitney, p.",1
"van dongen, h. p. a.",1
"killgore, w. d.",1
"kahn-greene, e. t.",1
"lipizzi, e. l.",1
"newman, r. a.",1
"kamimori, g. h.",1
"balkin, t. j.",1
meneilly,1
ghisiane maxwell,1
tatiana venegas,1
mr. rasheen vega,1
ms. robertsons,1
"o'connor, jj.",1
brawley,1
armontrout,1
ghislaine macavell,1
magistrate judge netburn,1
rodney king,1
john goodman,1
scott peterson,1
joshua dubin,1
"o'connor, j.",1
caroline ambriano,1
paredes,1
vitale,1
shectman,1
brittany n. henderson,1
eppinger,1
"batchilder, abigail",1
"batchilder, joseph h & marcia",1
"batchilder, joseph henry iii",1
"devettere, dennis m.",1
"hanvasek, steven",1
elizbeth stein,1
ms. geiser,1
maria soly almonte,1
judge van graafeiland,1
"purcel, morris",1
"schmidt, ralph f.",1
jeffrey welbaum,1
vincent f. amen,1
michael knox,1
greg beratlis,1
tom marino,1
mike belmessieri,1
dennis lear,1
richelle nice,1
john guinasso,1
julie zanartu,1
herman tubic,1
kary antholis,1
brandon mitchell,1
lisa christenson,1
stephanie francis ward,1
michael d. goldhaber,1
apprendi,1
blakely,1
cordoba-murgas,1
julian,1
demarco,1
hull,1
james martin hollomon,1
justice cabret,1
attorney handy,1
felix frankfurter,1
millstein,1
reid,1
roshko,1
wozniak,1
ms. ulerio,1
mayerlin,1
dylan schneider,1
jeremy schneider,1
mr. bercy,1
venanzio arquilla,1
jordy,1
"stevens, j.",1
jim parsons,1
tiffany bergin,1
dean g. kilpatrick,1
ron acierno,1
rhiannon davies,1
lorana bartels,1
t.b.,1
ms. trizaskoma,1
william b. kavanaugh,1
paul dauerds,1
dawn donino,1
ashley geiser,1
carolyn p. hermon-percell,1
tamara charles,1
edotcia thomas-hodge,1
lara markarian,1
mr. read,1
cmayer,1
cimberly galindo espinosa,1
dominique hippolite,1
mccarthy,1
emayer@jenkems.com,1
mr. wooten,1
eberhard,1
garigen,1
co-conspirator,1
mary giannini,1
mary margaret giannini,1
richard a. bierschbach,1
jayne w. barnard,1
paul h. schoeman,1
doc,1
chief justice burger,1
ventura,1
al-moyad,1
eric weiss,1
mr. schneider,1
vyacheslav polosin,1
stefano braccini,1
senator kyl,1
braverman,1
carvajal,1
attanasio,1
broce,1
dixon,1
johansen,1
kenneth feinberg,1
fell,1
anne halve,1
judge hull,1
blumenthal,1
blackburn,1
marc fisher,1
mr. kim,1
reuter,1
skys,1
tykarsky,1
john f. stinneford,1
strickland,1
"groner, n.",1
"groner, n.e.",1
"keating, j.c.",1
"siegel, j.m.",1
"fishman, d.b.",1
"lansman, r.",1
"macleod, c.m.",1
"tough, j.",1
"fries, j.f.",1
"powers, p.a.",1
"andriks, j.l.",1
"gentner, d.",1
"cole, w.g.",1
"hilgard, e.",1
"clifford, b.r.",1
"bull, r.",1
"saks, m.",1
"wright, f.",1
"bahn, c.",1
"rieber, r.w.",1
andrew rothstein,1
matthew j. cashion,1
silverman,1
david militiamen,1
elizabeth s. scott,1
w. lawrence fitch,1
walter j. wadlington,1
kenneth r. crispell,1
willis spaulding,1
marshal ralph sozio,1
rispers j,1
scott evans dekraai,1
natalee holloway,1
israel keyes,1
samantha koenig,1
itzcoatl ocampo,1
gilberto valle,1
ross ulbricht,1
gigi jordan,1
"gerhard, d.",1
"hall, d.",1
"leber, d.",1
"franklin, k.c.",1
"caddy, g. r.",1
g. s. tryon,1
"messo, j.",1
"boone, s.m.",1
"kline, d.",1
"cole, c.b.",1
s. ceci,1
m. toglia,1
d. ross,1
"banaji, m.r.",1
"mcfeaters, s.j.",1
"schneider, n.g.",1
f. farley,1
c.h. null,1
"bell, b.",1
magnum,1
hemmens,1
setrakian,1
kensinger,1
mark hofmann,1
gabe watts,1
ibrahim elgendy,1
aisha sherbiny,1
chandra janney,1
graham j. galliford,1
gerry laporte,1
d. wolchover,1
k.a. braun-latour,1
m.s. latour,1
e.f. loftus,1
j.m. doyle,1
a.k. thomas,1
d.e. hannula,1
c. a. morgan iii,1
g. hazlett,1
m. baranoski,1
a. doran,1
s. southwick,1
k.a. wade,1
s.j. sharman,1
m. memon,1
a. mazzoni,1
g. merckelbach,1
d. l. m. sacchi,1
f. agnoli,1
d. davis,1
m.p. toglia,1
j.d. read,1
d.f. ross,1
r.c.l. lindsay,1
l. cahill,1
j.s. nairne,1
s.e. clark,1
j. greene,1
h.l. roediger,1
y. dudai,1
s. m. fitzpatrick,1
s.l. clifasefi,1
s. della sala,1
d.s. clark,1
r.l. steinberg,1
c. laney,1
e. geraerts,1
d.m. bernstein,1
h. merckelbach,1
c. linders,1
l. raymaekers,1
s. j. sharman,1
j.a. jacobson,1
p.h. ditto,1
n.b. fowler,1
k.j. nelson,1
s.r. berkowitz,1
e.k. morris,1
d. wright,1
g. cohen,1
m.a. conway,1
mccallum,1
robert gorghan,1
deangelis,1
angel mateo,1
jacobson,1
brims,1
karrasik,1
ellis,1
howard,1
saraireh,1
mezon,1
greenfield,1
gerald m. laporte,1
"mednick, s.a.",1
"pollio, r. h.",1
"bourne, l.e.",1
"dominowski, r.l.",1
"bootzin, r.",1
"zajonc, r.",1
"wells, g.",1
"healy, a.",1
"doyle, j.",1
"ketcham, k.",1
the deputy clerk,1
washburn,1
mizell,1
granbois,1
zayac,1
mr. danchuck,1
loren bellrichard,1
"johnnie kenneth register, ii",1
kenneth g. sequin,1
dale akiki,1
betty ann haste,1
gregorio garcia,1
senyard,1
avala,1
mcwhorter,1
daneker,1
k.p.,1
s.d.,1
chauhan p,1
morris j,1
stejskal w,1
colwell lh,1
kenan j,1
kaplan d,1
lanning kv,1
fischer ca,1
beckson m,1
wellbeloved-stone jm,1
millspaugh sb,1
jeffrey t. aloman,1
adony nina,1
john hinckley jr.,1
rowe kl,1
"horvath, m.",1
"brown, j.",1
"hyman, i. e. j.",1
"billings, f. j.",1
"pentland, j.",1
"joyce, t. a.",1
"kanin, e. j.",1
"kassin, m. k.",1
"drisin, s. a.",1
"leo, r. a.",1
"redlich, a. d.",1
"kebbel, m.vr",1
"hatton, c.",1
"johnson, s. d.",1
"kelly, l.",1
"kensinger, e. a.",1
"kindt, m.",1
"van den hout, m.",1
"buck, n.",1
"lamont, s.",1
"brunero, s.",1
"lenzenweger, m. f.",1
"lane, m. c.",1
"loranger, a. w.",1
"kessler, r. c.",1
"lieb, k.",1
"zanarini, m. c.",1
"schmahl, c.",1
"linehan, m. m.",1
"bohus, m.",1
"lin, r. y.",1
"heacock, l. c.",1
"fogel, j. f.",1
"lisak, d.",1
"gardiner, l.",1
"nicksa, s. c.",1
"cote, a. m.",1
gaines,1
"berhowitz, s.r.",1
lamont,1
brunero,1
zanarini,1
schmahl,1
bohus,1
van asselt,1
dirksen,1
arntz,1
severen,1
lenzenweger,1
lane,1
loranger,1
kessler,1
burnam,1
etta james,1
oscar pistorius,1
mari molasky,1
tiffany n. sandeffer,1
richard a. davis,1
laberge,1
john perry,1
aleynikov,1
knox,1
johnny's,1
fowler,1
sally mcneil,1
fuscardo,1
lorello,1
allen klanika,1
kathleen ferguson,1
galligan,1
shane currey,1
goldman,1
joseph clark,1
monney,1
h.e. butt,1
rispens j,1
montejo,1
"turgeon, j.",1
"francis, e.",1
"michael, r.b.",1
"braniff, g.",1
"wylie, l. e.",1
"mcculler, l. l.",1
"brank, e. m.",1
"bornstein, b. h.",1
"toglia, m. p.",1
"ross, d. f.",1
"pozzulo, j.",1
"pica, e.",1
"crangle, c.e.",1
"de la sierra, a.g.",1
"longino, h.e.",1
"levine, t.r.",1
"frenda, s. j.",1
"gernsbacher, m.a.",1
"pomerantz, j.r.",1
"nichols, r. m.",1
"berkovvitz, s.r.",1
"enright, k.",1
"jamieson, a.",1
"moenssens, a.a.",1
"cautin, r.l.",1
"cochran, k.j.",1
"peterson, t",1
"takarangi, m. k.",1
"raz, a.",1
"harris, c.s.",1
forns,1
sablonniere,1
co ngs griffiths,1
henry f. williams,1
"everington, c.",1
"fulero, s. m.",1
"fisher, b. s.",1
"cullen, f. t.",1
"turner, m. g.",1
"francis, j.",1
"freud, s.",1
"galdos, p.",1
"van os, j.",1
"manning, c. g.",1
"sherman, s. j.",1
"gershuny, b. s.",1
"thayer, j. f.",1
"gross, b.",1
"gruben, d.",1
"madsen, l.",1
"henry, l.",1
"joyce, t.",1
"hall, d. s.",1
"hemmings, c.",1
"hickman, s. e.",1
"muehlenhard, c. l.",1
"hindmarch, i.",1
"brinkmann, r.",1
arthur j. shawcross,1
walter leroy moody,1
keith gordon ham,1
randy ryan,1
teresa janus,1
adam janus,1
chester,1
robert john bardo,1
mertz,1
brzeski,1
reed j,1
leviton acr,1
millspaugh sp,1
grabowska aa,1
isom an,1
shelton jle,1
lybert k,1
guney s,1
chopin j,1
beauregard e,1
ganley,1
judge cote,1
"kloft, l.",1
"blokland, a.",1
"monds, l.a.",1
"toennes, s.w.",1
"ramakers, j.g.",1
geddes j.r,1
andreasen n.c.,1
"goodwin, g.m.",1
"grady, r.",1
"levine, l.",1
"greene, c.",1
"dodier, o.",1
"feeling, n.",1
"williams, d.p.",1
"speller, l.f.",1
"koenig, j.",1
"thayer, j.f.",1
"garrett, b.l.",1
"kenchel, j.",1
"domagalski, k.",1
"bailey, n.a.",1
"olaguez, a.p.",1
"lench, h.c.",1
"tinti, c. l.",1
"schmidt, s.",1
"muzzulini, b.",1
"stark, s.m.",1
"wixted, j.t.",1
"ditto, p.h.",1
"bookwala, j.",1
"newton, n.",1
"miller, q. c.",1
"frisby, c. l.",1
"redding, r.e.",1
khaled al fawwaz,1
nicholas lewin,1
thomas p. griesa,1
"weaver, c.",1
"dysart, j.l.",1
"fishman, e.f.",1
"keller, l.",1
"atkinson, r.c.",1
"jerman, m.",1
"scheff, r.w.",1
highland capital mgmt.,1
maldonado-rivera,1
gupta,1
rahme,1
handy,1
helmut kohl,1
siddiqui,1
jennifer l. naso,1
"kaasa, s. o.",1
"vanous, s.",1
"cucciare, m.",1
"gluck, m.a..",1
"anderson, j.r.",1
"kosslyn, s m.",1
amanda c. kracen,1
ian j. wallace,1
g. geis,1
"hayne, h.",1
e. borgida,1
s.t. fiske,1
"fries, j.",1
"takarangi, m.k.t.",1
"polaschek, d.l.l.",1
a.c. fonseca,1
frederick t. leong,1
"fowler, n.b.",1
"cutler, b. l.",1
"nourkova, v.",1
a.m. columbus,1
"kaasa, s.,o.",1
"rudd, m. e.",1
"erdfelder, e.",1
k. markman,1
w. klein,1
j. suhr,1
"skeem, j.s.",1
"douglas, k.s.",1
"french, l.",1
"hirstein, w.",1
michael h. bernstein,1
david j. lender,1
"johnson, d.a.",1
"gruneberg, m.",1
"sykes, r.",1
"clark, c.",1
"wells, g.l",1
"mcspadden, m.",1
"thomson, d.",1
"donders, k.",1
"archer, t.",1
"nilsson, l.",1
"wegener, h.",1
"haisch, j.",1
"bailey, w.g.",1
"korf, n.",1
"yuille, j.",1
"raskin, d.c.",1
"young, a.w.",1
"ellis, h.d.",1
"banaji, m.",1
"gheorghiu, v.a.",1
"netter, h.j.",1
"eysenck, h.j.",1
"rosenthal, r.",1
wrightsman,1
roger kibbe,1
isaac zamora,1
cory morris,1
"edward bagley, sr.",1
jared loughner,1
johnson sc,1
o'shaughnessy rj,1
schetsky dh,1
bingham m,1
bradley j,1
dedman jm,1
galvin m,1
newman a,1
carpenter wt jr,1
adelman rm,1
restivo k,1
nelson em,1
nicholson c,1
stoneking l,1
kambam p,1
thompson cr,1
mullen p,1
ogloff jrp,1
knoll jl iv,1
fisher kl,1
the videographer,1
jennifer l. mnookin,1
ms. maxwll,1
edward j. devitt,1
robert l. sadoff,1
arthur rosenberg,1
wendy k. mariner,1
c. robert showalter,1
judge netman,1
"taylor, j.",1
"shuy, r.",1
"shnukal, a.",1
"smith, k.h.",1
"yarmey, a.d.",1
"sales, b.d.",1
"scott, g.r.",1
"tonry, m.",1
"morris, n.",1
"long, j.b.",1
"baddeley, a.d.",1
"atkinson, j.m.",1
"drew, p.",1
hastie,1
"cermak, l.s.",1
"penrod, s.",1
"winkler, j.",1
"bray, r.",1
"kerr, n.",1
"flynn, m.s.",1
"kraut, a.g.",1
"trankell, a.",1
"hogarth, r.m.",1
pat mchugh,1
adriana ross salazar,1
david marcus,1
mr. marcus,1
ms. brown,1
thomas p. greisa,1
"schuler, r.",1
"treado, p.j.",1
"gardner, c.",1
"layman, m.",1
"cochran, j.",1
"glisson, f.",1
dr. roccio,1
julie taymor,1
"wesley paul coonce, jr.",1
charles michael hall,1
barrett linde,1
john david couzens,1
bryan chang,1
juanita ardizzone,1
jerry ardizzone,1
john cj doe,1
fr. christopher cunningham,1
hillary lawson,1
howard rubin,1
brandon michael fleury,1
huijbregts,1
arata,1
snetselaar,1
de jongh,1
van de putte,1
bramsen,1
elklit,1
nielsen,1
broman fulks,1
gudmundsdottir,1
amstadter,1
unterhitzenberger,1
rosner,1
jerome d. frank,1
david c. rubin,1
"coan, j.a.",1
l. m. reder,1
"manning, c.g.",1
"doyle, j. m.",1
"gilligan, f. a.",1
"imwinkelried, e. j.",1
"hyman, i.",1
paul s. appelbaum,1
lisa a. uyhara,1
mark r. elin,1
"dubreuil, s. c.",1
"brown, s. w.",1
d. g. payne,1
f. g. conrad,1
j. d. read,1
d. s. lindsay,1
"rosenwald, l.",1
d. l. faigman,1
d. h. kaye,1
m. j. saks,1
j. saunder,1
c. boyatzis,1
e.n. junn,1
"carlin, l.",1
"nucci, m.",1
american psychiatric association,1
"bernstein, e.",1
"bessmer, s.",1
"binder, r. l.",1
"mcniel, d. e.",1
"bisby, j.",1
"leitz, j.",1
"morgan, c.",1
"curran, v.",1
"block, s.",1
"boag, s.",1
"breh, d. c.",1
"seidler, g. h.",1
brown h.,1
stein j.,1
turk v.,1
"burnam, m. a.",1
"stein, j. a.",1
"golding, j. m.",1
"siegel, j. m.",1
"sorenson, s. b.",1
"forsythe, a. b.",1
"telles, c. a.",1
"burt, m. r.",1
"candel, i.",1
"kuijpers, m.",1
"cederborg, a.-c.",1
"lamb, m.",1
"chronback, l.j.",1
"clare, i. c. h.",1
"clay-warner, j.",1
"burt, c. h.",1
"crego, a.",1
"holguín, s. r.",1
"parada, m.",1
"mota, n.",1
"corral, m.",1
"cadaveira, f.",1
v a,1
satzman,1
butler pappas,1
v a bohu,1
rey-sal mon,1
salzman,1
mike danchuck,1
marche isabella,1
charles ng,1
leonard lake,1
ricardo caputo,1
earl h. figley,1
michael t. stevens,1
colin ferguson,1
stephen shoemaker,1
stephen mcdonald,1
keith adams,1
wesley purkey,1
scott erskine,1
michael connelly,1
ronald matthews,1
george williams,1
o.c. smith,1
"landholt, m. a.",1
"jud, a.",1
"paine, m. l.",1
"hansen, d. j.",1
"pereda, n.",1
"guilera, g.",1
"forns, m.",1
"gómez benito, j.",1
"reitsema, a. m.",1
"grietens, h.",1
"rosenthal, p.",1
"rosenthal, w.",1
"schaeffer, p.",1
"leventhal, j. m.",1
"asnes, a. g.",1
"schönbucher, v.",1
"land olt, m.",1
"sorsoli, l.",1
"kia keating, m.",1
"grossman, f. k.",1
"staller, k. m.",1
"nelson gardell, d.",1
"stoltenborgh, m.",1
"van ijzendoorn, m. h.",1
"euser, e. m.",1
"bakermans kranenburg, m.",1
"tener, d.",1
"murphy, s.",1
"daciuk, j.",1
"felstiner, c.",1
"cloutier, r.",1
"fast, e.",1
"holroyd, j.",1
"mcconnell, s. m.",1
"mcconnell, s.",1
"williams, l. m.",1
tulving,1
zimbardo,1
isaac asimov,1
paul mcreynold,1
ernest becker,1
forms,1
"friendly, j.",1
roux,1
malpeso,1
hershkovitz,1
jørundsen,1
freeman l,1
goldzband mg,1
halleck s,1
mullany p,1
frazier sh,1
gaughan cw,1
romanowicz j,1
gilligan jf,1
borenstein nm,1
singer sb,1
cavanaugh jl jr.,1
groth an,1
keefe jf,1
issac g,1
koson df,1
wack rc,1
howard l,1
light d jr.,1
steadman hj,1
robitscher j,1
zagel j,1
halpern a,1
mills mj,1
eric harris,1
dylan klebold,1
helder,1
john lee malvo,1
brian david mitchell,1
elizabeth smart,1
eric rudolph,1
g. l. mayes,1
p.r. gregware,1
m. braswall,1
b. r. mccarthy,1
b. j. mccarthy,1
"raitz, a.",1
"eysenck, m.",1
"moran, g.",1
"cutler, b.l.",1
"jobc, j.",1
"white, a.a.",1
"kelley, c.l.",1
"mingay, d.j.",1
"sanchez, m.j.",1
"bower, g.",1
"means, b.",1
"doris, j.",1
"toland,k.",1
"schumaker, j.f.",1
"lee, m.",1
"wertheimer, m.",1
"hilgard, e.r.",1
"spilka, b",1
"tyler, l.e.",1
"norman, r.d.",1
"brewer, m.b.",1
"ellis, h.c.",1
"wollersheim, j.p.",1
"kendler, h.h.",1
"nourkova, v.v.",1
bernstein d.m.,1
"davison, a.",1
"rosen, g. m.",1
"sageman, m.",1
"knox, j. a.",1
"fassler, o.",1
"pohl, r. f.",1
"kanter, j. w.",1
"braun-latour, k. a.",1
"latour, m. s.",1
"tsai, a.c.",1
"morsbach, s.,k.",1
"levine, l. j.",1
"spielberger, c.d.",1
"lassiter, g.d.",1
"gregory, r.l.",1
"weiner, i.b.",1
"goldstein, a. m.",1
"byrne, j.h.",1
eisen,1
schalock,1
mitra,1
mouradian,1
diamond,1
ahlgrim-delzell,1
yakov shlimovich,1
mikhail cheban,1
raogo ouedraogo,1
rami saba,1
susana garcia badaracco,1
ricardo garcia badaracco,1
todd basilone,1
ryan basilone,1
dennis m. kelly,1
paul d. ceglia,1
mark elliot zuckerberg,1
larry anderson,1
gary p. lloyd,1
mccomne,1
fa rhom,1
julie m. hillyard,1
mindy sue olkjer,1
paul george krueger,1
d. michael mcneill,1
vincent ugenti,1
gustav ray eicher,1
charles douglas belcher,1
matthew stotz,1
robert l. mcgahey jr.,1
emily pines,1
elizabeth starrs,1
raymond moore,1
william i. sterett,1
harriett smith,1
thomas l. amos,1
scott murray,1
richard caschette,1
colette johnson,1
paul mescarenas,1
guillermo barriga,1
cadet,1
"cole, s. a.",1
"gerrie, m.p.",1
"brewer, n.",1
"minkowich, h.",1
"perret-clermont, a-n",1
"thomas, a.",1
"noy, y. i.",1
"karwowski, w.",1
"schmechel, r.s.",1
"o'toole, t. p.",1
"easterly, c.",1
"pizarro, d.a.",1
"berger, s.d",1
"sun, y",1
"hart, m.",1
"gettig, j.",1
"takarangi, m. k. t.",1
"donaldson, s. i.",1
"berger, d.e.",1
"pezdek, k.",1
"wolchover, d.",1
"page, d.",1
"heaton-armstrong, a.",1
"shepherd, e.",1
"gudjonsson, g.",1
giolas,1
tichenor,1
marmar,1
metzler,1
ronfeldt,1
breh,1
seidler,1
gershuny,1
thayer,1
kindt,1
van den hout,1
buck,1
van der kolk,1
fisler,1
campo,1
geisbrecht,1
muris,1
rassin,1
horselenberg,1
lilienfild,1
isidore nouthong,1
clyde cook,1
jermain bethea,1
crist dauberman,1
jose padilla,1
quincy omar cross,1
stacey castor,1
mark a. o'hair,1
giorgio,1
gibbens,1
mcconnech,1
fathom,1
"levidow, b",1
"duensing, s.",1
"severance, l.",1
"leitner, r.",1
"greenwald, a.g.",1
"croyle, r.",1
"smith, k.",1
"tetlock, p.",1
"suedfeld, p.",1
"fruzzetti, a.e.",1
"tolan, k.",1
"teller, s.a.",1
"grunberg, m.",1
"kaufman, l.",1
"winograd, e.",1
"brainerd, c.j.",1
"reyna, v.f.",1
"kagehiro, d.k.",1
"laufer, n.s.",1
"bender, d.",1
"bliesener, t.",1
"hertzig, m.e.",1
"farber, e.a.",1
juror #50,1
kipland phillip kinkel,1
amedure,1
"anthony b. solomon, jr.",1
steven abrams,1
byran uyesugi,1
"buford furrow, jr.",1
jonathan haynes,1
edward allaway,1
don siegelman,1
hurricane carter,1
barry bonds,1
highland,1
krug,1
bulow,1
chirac,1
reinicker,1
co gngs gr f f ths,1
bertram,1
gasperini,1
rigoberto landers,1
susan yee foon,1
thomas mixon,1
robert chambers,1
tawana brawley,1
al sharpton,1
david orlikow,1
michael lawrence shields,1
stephanie zimbalist,1
arthur shawcross,1
"walter leroy moody, jr.",1
robert vance,1
robert bardo,1
rebecca schaefer,1
rebekah amaya,1
alejandro avila,1
scott blackstone,1
edgar omar osorio,1
loren huss,1
ronald lee deere,1
jeanne woodford,1
paul runge,1
patricia johnson,1
ford,1
richard spencer,1
christopher cantwell,1
leib,1
kanin,1
co n-véz na,1
sab onn,1
pa mer,1
moe r-kuo,1
loran g. schofield,1
"na, eun-young",1
"conway, m.a.",1
"gathercole, s.e.",1
"cornoldi, c.",1
"dubreuil, s.c.",1
"joseph, a.l.",1
"chan, f.m.",1
"billings, f.j.",1
"hyman, i.e. jr",1
"alpert, j.l.",1
"courtois, c.a.",1
"ornstein, p.a.",1
"polage, d.",1
"feldman, j.j.",1
"miyamoto, j.",1
"lombardo, p.",1
"malvagia, s.",1
mcdaniel,1
l. ahlgrim-delzell,1
j.r. dudley,1
first mb,1
williams jbw,1
gibbon m,1
moenssens a,1
dematteo d,1
scherr k,1
rubin rr,1
elkes j,1
maris rw,1
ashleigh banfield,1
"stepehns, j.",1
"holifield, a.",1
"schwartz, r.",1
"voiles, r.",1
"stoker, d.",1
"thomas, y.",1
"nelis, e.",1
serena yang,1
richard w. smith,1
doug nelson,1
joseph priestley,1
william myrtle harris,1
warren medal,1
"william j. brennan, jr.",1
clarence darrow,1
wendy kaminer,1
david von drehle,1
martin friedland,1
hans zeisel,1
m. caplan,1
koski,1
alison.moe@usdoj.gov,1
maurene.comey@usdoj.gov,1
bc@sternheimlaw.com,1
bcsternheim@mac.com,1
ceverdell@cohengresser.com,1
barrow,1
strother,1
steven gene chase,1
uyesugi,1
woodford,1
equity residential properties management,1
rex allan krebs,1
sigman,1
brodie walradt,1
dieter vogt,1
waddell,1
lockheed martin,1
edward d. brofin,1
philip a. brimmer,1
william meyer,1
alan l. balcourt,1
heaven elizabeth henderson,1
"donald r. vehlhaber, jr.",1
kara hughes,1
schwimmer,1
rosentha,1
putnam,1
galdos,1
van os,1
meloy,1
rosenthal,1
kuijpers,1
waller,1
carlson,1
martell dm,1
walker rp,1
kurtis b,1
col. henry f. williams,1
cederborg,1
kebbel,1
steven bannon,1
gail sheehy,1
john m. macdonald,1
sir zachary cope,1
robert w. winslow,1
virginia winslow,1
thomas b. turner,1
lucy freeman,1
ellery queen,1
robert e. gosselin,1
jerry jacobs,1
teret sp,1
mendelson jh,1
ellingboe j,1
chavez,1
munguia,1
gaitan-acevedo,1
g.m. laporte,1
b. johnson,1
l.s. schaeffer,1
j. stephens,1
m. taylor,1
m. roberts,1
k. singer,1
buczkowski,1
gordon bower,1
michael haney,1
quinn,1
john damien,1
sidney h. stein,1
bennett l. gershman,1
ann m. donnelly,1
co ventura,1
co n-ve na,1
salo nn pa mer,1
severance,1
greene-goodman,1
croyle,1
catania,1
dan wright,1
bryna david,1
thorsten sellin,1
tracy chappell,1
eva anderson dubin,1
matusumoto,1
o'donnabhain,1
commissioner,1
eric bailey,1
skylar deleon,1
michael gonzales,1
jason cooper,1
ian alex suazo,1
"chauncey m. depree, jr.",1
martha d. saunders,1
henry j. steadman,1
jonas r. rappeport,1
ann wolbert burgess,1
"john w. hinckley, jr.",1
president reagan,1
nathan eugene parks,1
stephen strecker,1
tony scott cercy,1
linda stromei,1
bosher,1
neil david campbell,1
reilly reed,1
dustin tixier,1
paul e. cutarelli,1
kimberly frank,1
cohen m,1
cyndi carpenter,1
cyndi dibert,1
frank beatty,1
marni markell hurwitz,1
"william baker, sr.",1
candice renae bryan,1
girish dahyabhai patel,1
yashwant dahyabhai patel,1
bruce jacobs,1
"mazzoni, g.a.l.",1
"vannucci, m.",1
"noel, m.",1
"eber, h.w.",1
"polage, d.c.",1
"resnick, p.",1
"frame, s.",1
"della sala, s.",1
"busey, t.a.",1
"tunnicliff, j.",1
"tsai, a.",1
"tulving, e.",1
"bjorklund, d.",1
"stone, a.a.",1
"turkkan, j.s.",1
"bachrach, c.a.",1
"jobe, j.b.",1
"kurtzman, h.s.",1
"cain, v.s.",1
"calvin, w. h.",1
"castelle, g.",1
"koppen, p.j. van",1
"roos, n.h.m.",1
"kirsch, i.",1
"hall, m.",1
"westervelt, s.d.",1
"humphrey, j.a.",1
"kwong see, s.t.",1
"mcnoughton, a.",1
"powers, j.",1
"calvin, w.c.",1
"follette, w.c.",1
"watanabe, yasui",1
"ichinose, keiichiro",1
"itsukushima, yukio",1
"hamada, sumio",1
"blake, t.",1
"ostrow, d.g.",1
"kessler, r.",1
"schement, j.r.",1
"puckett, j.m.",1
"reese, h.w.",1
"logie, r.",1
"ernsdorff, g.",1
"leonesio, r.j.",1
"metcalfe, j.",1
"shimamura, a.",1
"libkuman, t.m.",1
"polonsky, s.",1
"fullilove, m.t.",1
"ramachandran, v.s.",1
"colman, a.m.",1
"baker, r.a.",1
battista,1
casey anthony,1
dsk,1
joe paterno,1
kitty genovese,1
strauss-kahn,1
gingrich,1
dave schultz,1
amy grossberg,1
theodore kaczynski,1
melissa drexler,1
heriberto seda,1
salim amara,1
michael laudor,1
kendall francois,1
russell e. weston,1
maxuel,1
lanning k,1
rosman j,1
hucker s,1
kalt jp,1
cox je jr.,1
eaton jt,1
davidson kl,1
novoselsky da,1
reese ws,1
lane fa,1
steffan tl,1
mcmorrow ma,1
quinlan wr,1
harpold j,1
wells d,1
wells k,1
l.d.g.,1
william bartmann,1
clayton lee waagner,1
atvar singh,1
"paul ihle, jr.",1
matthew c. owens,1
sylvester richards gayekpar,1
matthew owens,1
robert sterling miller,1
hector r. lugo-rios,1
nancy harlow,1
alfred smith,1
cleveland kilgore,1
william irwin,1
jim garrison,1
sarokin,1
accusers,1
"laporte, g",1
"wilson, j",1
"payne, j",1
"ramotowski, r",1
"laporte, gm",1
"davis, g.g",1
"gruszecki, a",1
"robinson, ca",1
keaating,1
rosner rr,1
bradford jmw,1
pollack s,1
weiner b,1
zwerling i,1
watson u,1
harding g,1
lymberis m,1
showalter cr,1
bonnie rj,1
harry be,1
miller rd,1
morrison hl,1
basham o,1
carparelli r,1
taylor ve,1
thwing jb,1
deitz sr,1
solomon ma,1
farr w,1
flaherty ns,1
froede rc,1
green deah,1
george zimmerman,1
trayvon martin,1
lance armstrong,1
eric garner,1
kenneth chamberlain,1
susan smith,1
richard allen davis,1
polly klaas,1
lyle menendez,1
william tager,1
john famalaro,1
john salvi,1
shane curry,1
ronald goldman,1
nicole brown simpson,1
"john bennett, jr.",1
ted bundy,1
"jeffrey, j.",1
"edwall, g.",1
"rhue, j.",1
"toland, h.k.",1
"ross, d.",1
"read, j.d.",1
"toglia, m.p.",1
"honech, r.p.",1
"huffman, m.l.c.",1
"smith, e.",1
"lindsay, d.s.",1
"milo, e.m.",1
"dashiell, r.",1
"coyle, j.t.",1
"fishbach, g.d.",1
"mesulam, m.m.",1
"sullivan, l.e.",1
"mack, j.",1
"yapko, m.",1
"ney, t.",1
"ross, c.a.",1
"sherman, s.j.",1
"guernsey, t.f.",1
gerald morawski,1
james cameron,1
russell grigsby,1
peniel investments,1
"storrie street investments, ltd.",1
michael hogan,1
al maya trading establishment,1
global export marketing co. ltd,1
korff,1
fawzy amer deghedy,1
"viztek, inc.",1
lela m. kratz,1
sheri meeks,1
debra wear,1
"todd s. hewell, iii, m.d.",1
"todd s. hewell, iii, m.d., f.a.c.s. ltd",1
"van de watering, s.",1
"quas, j. a.",1
"sternberg, r.j.",1
daniel j. mustard,1
sandra rinella,1
alexander petraitis,1
eric russell andreasen,1
brendan o'rourke,1
michael keister,1
judith cox,1
charles cox,1
abdullaev,1
marvin wolfgang,1
gary miller klein,1
jeffrey arthur colson,1
steven stewart,1
chris bermel,1
mark kramer,1
michelle landin,1
david landin,1
janice farmer,1
sarah kellen vickers,1
john d. lopez,1
benjamin franklin,1
lissa griffin,1
j. acker,1
bobby c. sternheim,1
sami,1
kimberly espeseth,1
it. marie,1
amanda yang,1
jo so richards,1
zapata,1
"bicknell, d.",1
"wilson, j.",1
"mcconnell, t.",1
"stam, m.",1
"mancke, s.",1
"amanda, payne, j.",1
"ramotowski, r.",1
"fortunato, s.",1
"lovett doust, j.",1
evans b,1
cooke g,1
silvergleit it,1
taylor ij,1
shave dw,1
hitchman il,1
miller jm,1
chaffin ds,1
turk,1
ahgrim-delzell,1
ternes,1
yuille,1
kebbell,1
everington,1
fulero,1
cronbach,1
engle,1
mccrary go,1
aagga,1
mcconne,1
turty,1
fatho m,1
maer,1
johnny lovell,1
patino,1
lievano,1
andrea pia yates,1
spc lillie morgan,1
aquilia marcicci barnette,1
steven michael stagner,1
jeffrey schlosberg,1
christine wilhelm,1
vincent henry sanchez,1
robert l. mcgahey,1
monica david vickery,1
evelyn trumble,1
merry gayle vickery,1
kristen l. mix,1
robert c. josefsberg,1
k. a. honn,1
j. m. hinson,1
p. whitney,1
h. p. a. van dongen,1
louis freeh,1
"li, h.",1
"lu, z.",1
"stark., c.e.l.",1
"okado, y.",1
"goodman-delahunty, j.",1
"hartwig, m.",1
"moyzis, r..k.",1
"lessard, j.",1
"clancy, s.a.",1
"brown, j.m.",1
"campbell, e.a.",1
"bornstein, b.h.",1
"wiener, r.l.",1
"steblay, n.",1
"goldstein, e.b.",1
"krippner, s.",1
"friedman, h.l.",1
"harry h. morall, ii",1
jane e. carey,1
harold lewis,1
jill lewis,1
david e. taylor,1
paul atkinson,1
glyn mummery,1
siddhant varma,1
alberto kamhazi,1
duane fox,1
richard fox,1
joanne krebs,1
peerenboom,1
perlmutter,1
spohn,1
horney,1
clay-warner,1
theonnes,1
lonsway,1
lisak,1
gardiner,1
nicksa,1
cote,1
"burns, t.e.",1
"beach, l.r.",1
"marburger, w.",1
"ketcham, k.e.",1
"nagatkin, c.",1
"hunt, e.b.",1
"davies, g.m.",1
ayd fj,1
platman s,1
balis gu,1
wurmser l,1
mcdaniel e,1
grenell rg,1
zuidema gd,1
rutherford rb,1
ballinger wf,1
kadish sh,1
jarvis wayne madison,1
scott kologi,1
ryan philip schlesinger,1
devon erickson,1
maya elizabeth mckinney,1
alec mckinney,1
robert dear,1
robert t. brockman,1
joanne goldman,1
sol i. goldman,1
gladys l. goldman,1
armijo,1
stuart brown,1
carin evans,1
richard benton,1
bozievich ca,1
deprato dk,1
anfang se,1
dvoskin j,1
baden m,1
burns c,1
phillips r,1
mcgee j,1
romano s,1
resnick p,1
emanuel w,1
drucker j,1
hajjar a,1
gripon eb,1
kent cs,1
judge natman,1
dan white,1
susan oliver,1
sheryl niebuhr,1
ann coppel,1
easterbrook,1
"resnick, hs",1
rosemond,1
vanderpool,1
gerard gallant,1
norman yazzie,1
matthews,1
john bennett,1
kempner,1
james c. johnston,1
gerald turner,1
paul ekman,1
horvath,1
hindmarch,1
brinkmann,1
welner,1
bisby,1
leitz,1
crego,1
spinetta,1
lin,1
heacock,1
fogel,1
mccombe,1
hickman,1
muehlenhard,1
rodriguez-felix,1
smithers,1
dr. elizabeth f. loftus,1
"setrakian, l.",1
"shalock, r. l.",1
"spinetta, m.",1
"woodlee, m.",1
"feinberg, l.",1
"stroud, c.",1
"schallert, k.",1
"cormack, l.",1
"schallert, t.",1
"spohn, c.",1
"horney, j.",1
"taylor, s.",1
"johnson, k. c.",1
"ternes, m.",1
"yuille, j. c.",1
"tichenor, v.",1
"marmar, c. r.",1
"weiss, d. s.",1
"metzler, t. j.",1
"ronfeldt, h. m.",1
"tjaden, p.",1
"van asselt, a. d. i.",1
"dirksen, c. d.",1
"arntz, a.",1
"severens, j. l.",1
"van der kolk, b. a.",1
"fisler, r.",1
"waller, n. g.",1
"carlson, e. b.",1
"welner, m.",1
"lebeau, m.",1
"mozayani, a.",1
"wolitzky-taylor, k. b.",1
reese jt,1
sears ae,1
matthews db,1
van duyne c,1
parry cdh,1
stewart t,1
rosenfeld bd,1
hrouda dr,1
donald eugene gates,1
aubuchon,1
oliver jovanovic,1
kevin fox,1
john hugh wetterer,1
elias,1
"wagstaff, i.",1
"waltke, h.",1
"schwarting, d.",1
"nguyen, m.",1
"scott, f.",1
"dutton, g.",1
spivak,1
"gresham, k.",1
"montgomery, b.",1
"jones, n.",1
"siegel, j. a.",1
"lacey, c",1
"shigamasu, k.",1
brewin et al.,1
shiraishi,1
stroming,1
valle,1
welch,1
chnapkova,1
koh,1
shane,1
banks,1
bari,1
butt,1
dipaolo,1
glover,1
lanham,1
"grober, e.h.",1
"bolton, m.",1
"wiksten, s.",1
"palmer, j.c.",1
peter e. morris,1
m. conway,1
"senders, j.w.",1
"turkletaub, s.",1
"pettijohn, t. f.",1
"hock, r. r.",1
lindsay,1
norman,1
dawn vu,1
"collins, a.m.",1
"zanni, g.",1
altman d.,1
"geballe, r.",1
t. storer,1
d. winter,1
g. goos,1
j. hartman,1
"kasprzyk, d.",1
"montano, d.e.",1
s. ehrlich,1
e. tulving,1
"miller, d.g.",1
r. shaw,1
j. bransford,1
"meyer, r. e.",1
"burns, h.j.",1
"gross, r.d.",1
"shanks, d.",1
"balota, d.a.",1
"marsh, e. j.",1
"dale, p.s.",1
"rathbun, l.",1
pickard,1
sampol,1
"kaplan, r. l.",1
"van damme, i.",1
"lacey, c.",1
chen. c.,1
"cochran, k.",1
"greenspan, r.",1
"butler, b.j.",1
"h.l. miller,jr.",1
"howe, m.l",1
"nash, r.a.",1
"wade, k.a.",1
"ost, j.",1
"mcdonald, d.",1
"pohl, r.f.",1
"crozier, w.",1
barnette,1
boucher,1
dewit,1
lam,1
marx,1
r.d.,1
shohola,1
amaral,1
curry,1
labansat,1
mustaga,1
redwood,1
seltzer,1
tan yat chin,1
"faraco, c.",1
"chase, r",1
lundberg gd,1
young rk,1
flanagin a,1
koop ce,1
o'halloran rl,1
hazelwood r,1
kristiansson m,1
martell d,1
widawski m,1
valentin,1
davidson,1
anonymous,1
nadjari,1
murtagh,1
mackell,1
frank s. hogan,1
kevin browne,1
paul freeling,1
donald light,1
david a. hamburg,1
michelle b. trudeau,1
paul r. mchugh,1
phillip r. slavney,1
joanne g. greer,1
irving r. stuart,1
boag,1
mcnally,1
coan,1
pickrell,1
mazzoni,1
seitz,1
hyman,1
billings,1
pentland,1
garry,1
manning,1
sherman,1
ofshe,1
watters,1
pesant,1
zadra,1
gersten,1
senkowski,1
malletier,1
dooney,1
bourke,1
ruiz-troche,1
buell,1
chapple,1
downing,1
rakoff j,1
dr. fulero,1
"coan, j. a.",1
"miller, d. g.",1
"burns, h. j.",1
"palmer, j. c.",1
"lonsway, k. a.",1
"fitzgerald, l. f.",1
lynn s. j.,1
"mcnally, r. j.",1
"meloy, j. r.",1
"campo, j.",1
"hardy, s.",1
"geisbrecht, t.",1
"horselenberg, r.",1
"schmidt, h.",1
"muris, p.",1
"rassin, e.",1
"wessel, i.",1
"van koppen, p. j.",1
"mitra, m.",1
"mouradian, v. e.",1
"diamond, m.",1
"ofshe, r.",1
"watters, e.",1
"pesant, n.",1
"zadra, a.",1
"rosenthal, t. t.",1
"mcguinness, t. m.",1
"sanders, b.",1
"giolas, m. h.",1
poklemba jj,1
ryan j,1
baden mm,1
wright ee,1
levine lj,1
sucik r,1
john joseph joubert,1
hinckley,1
dahmer,1
jeffery dahmer,1
nadeen cool,1
derek hammond,1
fionna gabbert,1
elizabeth sines,1
jason kessler,1
sara stump,1
andrew m. ocrant,1
daryl g. gates,1
robert mark edwards,1
union butterfield,1
jules delpy,1
brandon wilson,1
pedraza,1
richard j. bonnie,1
robert k. ressler,1
richard ratner,1
rex harris,1
dawn schlegel,1
caroline pang,1
judge seybert,1
medearis & moore,1
wiemann,1
vaughan,1
oliver ad,1
binder rl,1
markman ra,1
kausch o,1
berlin fs,1
fosdal fa,1
wahlstrom cm jr.,1
corcoran wb,1
lombardi jh,1
thompson jd,1
wolf kl,1
wright jl,1
hempel ag,1
felthous ar,1
tardiff k,1
ostrov e,1
rand ja,1
meloy jr,1
ash p,1
wettstein rm,1
gutheil tg,1
beahrs jo,1
moen s,1
roe r,1
dietz pd,1
murray mt,1
maginnis jp,1
pasano ms,1
batista,1
oladimeji,1
kuper a,1
kuper j,1
cox dj,1
wegener s,1
curran wj,1
mcgarry al,1
shah sa,1
hales re,1
frances aj,1
dzhokhar tsarnaev,1
franc cano,1
steven gordon,1
diana lalchan,1
dylann storm roof,1
paterno,1
lloyd barrus,1
brendt christensen,1
james wells,1
crystal magnum,1
kim roberts,1
"yuille, j.c.",1
"weingartner, w.",1
"parker, e.s.",1
"fathi, d.",1
"schooler, j.",1
"sproull, l.",1
"larkey, p.",1
"hall, d.e.",1
"muller, d.j.",1
"blackman, d.e.",1
"chapman, a.j.",1
"fienberg, s.e.",1
"tanur, j.m.",1
"glauber, d.t.",1
"ward, r.a.",1
"ewing, c.p.",1
"kassin, s.",1
"wrightsman, l.",1
"camper, p.m.",1
john hinckley,1
"knowles, e.",1
"pernat, n.",1
"huthwaite, t.",1
"yesberg, j.a.",1
"saletan, w.",1
david j. gehring,1
kaleil isaza tuzman,1
omar amanat,1
chen jinhui,1
wong kam san,1
huang yuexia,1
rao desu,1
a agga,1
virginia frazer-abel,1
linda yates,1
jonathan hathaway,1
thokozeni zulu,1
jennifer j. bakkala,1
marcos becerra mora,1
john p. rattigan,1
wendell muncie,1
rochelle o'day,1
abbate,1
lanza,1
glucksberg,1
zicarelli,1
zietzke,1
dervishaj,1
clarridge,1
ketchum,1
landis,1
kordel,1
kashi,1
gratsos,1
nosik,1
singe,1
ofosu,1
mcelroy,1
margaret gibbons,1
amal clooney,1
faith hill,1
keely walter,1
william slattery,1
andrew hall,1
nicholas w. chiuchiolo,1
tsarnaev,1
barbara kirkendal,1
shkreli,1
paulson,1
bond,1
mcdade,1
alabama,1
richard schaeffer,1
jeff pagluica,1
david a. dichl,1
john sweeney,1
steve h. dwight,1
christina oxenberg,1
tom cantone,1
cohn,1
littlefield,1
wang,1
dienl,1
a. marie villapana,1
biro,1
conde nast,1
jewell,1
rubinson,1
samsonov,1
sarwari,1
savage,1
jose a. cabranes,1
priscilla degregory,1
mr. gow,1
albright,1
oliver,1
youngblood,1
aronson,1
arakelian,1
yaretsky,1
botha,1
bryson,1
blissett,1
kaloyeros,1
parnas,1
marcincova,1
bensky,1
coffin,1
fritzinger,1
winship,1
devey,1
philpot,1
veteto,1
smithkline,1
becham,1
connelly,1
spring,1
dowling,1
mazzuca,1
flagg,1
yonkers,1
gatto,1
golino,1
connor,1
hamling,1
donaldson,1
days,1
day,1
gow,1
schafrick,1
sergentakis,1
shaw,1
soares,1
sprouts,1
strohm,1
swanson,1
bernard siskin,1
lanna behlolovick,1
abdell,1
maxwel,1
elkins,1
hampton,1
morales,1
portuondo,1
rea,1
lumbus,1
nathan nysd chambers,1
dieni,1
judge learned hand,1
roccio,1
jack brooks,1
tiff,1
sergeant schaeffer,1
walter m. phillips,1
bianco,1
jws,1
katie townsend,1
nicholas chiuchiolo,1
mr. o'neil,1
dr. olsen,1
kivitz,1
keith urban,1
nicole kidman,1
frank fritz,1
joseph anneseeratman,1
john annese,1
belo hlavek,1
kwiatkowski,1
lavender,1
judge freeman,1
david f. levi,1
david mccord,1
"lynch, j.",1
alleged victim 2,1
babcock,1
frates,1
lasha,1
maud lise-lotte lublin,1
schirlc,1
pharis,1
lavine,1
dewine,1
dexter lee,1
defabritus,1
greebel,1
hitt,1
sharpe,1
griffith,1
guerrier,1
halkbank,1
hallahan,1
haqq,1
hastings,1
herbert,1
hester,1
iannelli,1
judge platt,1
h.l.a. hart,1
block,1
bunn,1
caming,1
todd,1
baer,1
dipasquale,1
jeffery martin,1
epstein's attorneys,1
the foreperson,1
sam sheppard,1
livoti,1
midyett,1
judge oetken,1
jose antonio hernandez,1
hellerstein,1
serene nakano,1
john schmitt,1
donald p. lay,1
amanda patton,1
vidmar,1
maxwell epstein,1
"breyer, j.",1
dane l. steffenson,1
justice douglas,1
rickey zuber,1
steele,1
ghislainemaxwell,1
judge hand,1
coral palmer,1
jen lefcourt,1
gary lewin,1
mariz viagra,1
"elliott, m.n.",1
"morrison, p.a.",1
justice kennedy,1
dora irizarry,1
rodolfo duran,1
schumer,1
canfield,1
carbonaro,1
carson,1
chalmers,1
chan lo,1
cheung kin ping,1
chuang,1
coffey,1
coke,1
corr,1
ms. day,1
israel,1
jenkins,1
kozel,1
lahey,1
jane doe 43,1
magistrate judge sarah netburn,1
virginia roberts guiffre,1
heidi thomas,1
chelan lasha,1
a. marie vilafana,1
david a. dick1,1
daniel patrick moyniham,1
dewines,1
toening,1
poventud,1
meers,1
ajaj,1
sandra perkins,1
laura a. menniger,1
d.a ferman,1
ahmad,1
alfonso,1
amato,1
ayo,1
lanna belholovick,1
leonelli,1
levy,1
loera,1
mandell,1
mariamma vijua,1
mast,1
stipetich,1
kratzas,1
mcsorley,1
attorney edwards,1
rossacuity gow,1
senator patrick leahy,1
baker-kinney,1
franklin,1
auerbach,1
parmar,1
albert hallac,1
jeffrey hallac,1
keith wellner,1
cooley,1
da ferman,1
emma parry,1
van putten,1
gantman,1
ford elliott,1
panella,1
shogan,1
olson,1
ott,1
mark twain,1
"bruce l. castor, jr.",1
annie phifer,1
task force officer byrne,1
jereme cano,1
defilippo,1
depalma,1
dewar,1
dornau,1
dumitru,1
eldred,1
elshary,1
ewell,1
robert h. jackson,1
jennifer jayne amo,1
victim one,1
victim two,1
peffall,1
christlaina maxwell,1
hicks,1
cutler,1
rosalinda losada,1
marra,1
ben feuerherd,1
louis casiano,1
daniel villarreal,1
subpoena recipient-2,1
subpoena recipient-3,1
"walter m. phillips, jr.",1
mr. philips,1
fennell,1
florence,1
gallo,1
ghavami,1
gillette,1
gottfried,1
liam stack,1
jerry lefkowitz,1
serene cano,1
ghid aine maxwell,1
deputy attorney general filip,1
john norris,1
jermeel omar tyson,1
scaduto,1
giampa,1
ms. vilapana,1
hope,1
memon,1
mcgeorge,1
janice baker-kinney,1
heckler,1
ausa pomerantz,1
a. marie villapania,1
james eisenberg,1
stan pottenger,1
mitlof,1
monserrate,1
montoya-eschevarria,1
mullens,1
napolitane,1
puckett,1
crouse,1
mr. coates,1
mr. baldwin,1
judge matusumoto,1
arici,1
arzberger,1
ashburn,1
awadallah,1
balde,1
batchelder,1
bejasa,1
birrell,1
kevin r. steele,1
brian j. mcmonagle,1
patrick j. o'conner,1
risa,1
jmf,1
pae,1
jo fontanella,1
towne,1
tranquillo,1
trippe,1
vilar,1
villegas,1
linda stewart,1
wesbit kirkendal,1
jeffrey skilling,1
keith rainier,1
mr. greebel,1
kenneth a. marra,1
g h i s l a i n e m a x w e l l,1
david a dewitt,1
brunel,1
herring,1
kungys,1
madanes,1
mcaleenan,1
district judge marra,1
sandra vella garcia,1
dulaney,1
n. schmidt,1
s. morris,1
e. dunleavy,1
joseph trippi,1
j. georing,1
r. wienk,1
nitsche,1
noble,1
okwumabua,1
pipola,1
pirro,1
polos,1
post,1
jeffrey o'neal martin,1
ms. troiani,1
patrick o'connor,1
ms. kivitz,1
william phillips,1
van thoumout,1
"harlan, j.",1
daniel siad,1
william cosby,1
david paterson,1
andrew spitzer,1
eric schneiderman,1
andrew wiener,1
matt lauer,1
roger ailes,1
bill o'reilly,1
crocker,1
navient,1
montclair,1
ramsdell,1
panner,1
aikens,1
jay leikowitz,1
ceos,1
shively,1
mr. king,1
jeffirs,1
d.j. bryant,1
rich,1
jane doe number nine,1
depasquale,1
amodeo ii,1
xs. villafana,1
nigel cawthorne,1
barry levin,1
lisa tait,1
stephen wright,1
andrew cuomo,1
david a. dieni,1
lange,1
mr. schmitt,1
patrick o'conner,1
mr. o'conner,1
mrs. ferman,1
meridith schultz,1
siskin,1
berghuis,1
stephen j. adler,1
wolf blitzer,1
david boardman,1
"theodore j. boutrous, jr.",1
massimo calabresi,1
manny garcia,1
emilio garcia-ruiz,1
josh gerstein,1
alex gibney,1
susan goldberg,1
james grimaldi,1
laura handman,1
diego ibargüen,1
jeremy iggol,1
karen kaiser,1
david lauter,1
margaret low,1
colleen mccain nelson,1
maggie mulvihill,1
james neff,1
norman pearlstine,1
thomas c. rubin,1
bruce w. sanford,1
charlie savage,1
jennifer sondag,1
nabiha syed,1
adam symson,1
pierre thomas,1
matt thompson,1
vickie walton-james,1
judy woodruff,1
susan zirinsky,1
j. scott applewhite,1
chip bok,1
dahlia lithwick,1
tony mauro,1
jane mayer,1
andrea mitchell,1
carol rosenberg,1
paul steiger,1
saundra torry,1
r. johnson,1
les bechtel,1
d. griffin,1
h. carter,1
v. lee,1
g. page,1
m. parker,1
r.g. ford,1
g. swartzman,1
s. kress,1
s. singer,1
d.m. fry,1
b. sullivan,1
e. hull,1
d. kahn,1
r. dupont,1
s. shiraki,1
e. katze,1
l. freifelder,1
rahimi,1
raymonda,1
reeves,1
remington,1
rittweger,1
rolan-zapata,1
pate,1
scully,1
minnesota,1
met. life ins. co.,1
north carolina,1
oregon,1
elstad,1
state of n.y.,1
rakas,1
ratzlaf,1
rawlings,1
kentucky,1
rochin,1
rosencrans,1
rutenberg,1
sec,1
thestreet.com,1
"ward, t.",1
"keenan, t.",1
"louden, k.",1
"siegert, r.",1
"warner, s.",1
"wilson, r. j.",1
scotti,1
felt,1
benson,1
wardius,1
sarah kensignton,1
serfass,1
abhamonte,1
herrera,1
losada,1
olmeda,1
david a. diehl,1
heidi stipetich,1
arthur,1
john e. wallace,1
bob epstein,1
rothstein,1
winter,1
ying lin,1
konteh,1
cassadaga,1
agent brown,1
agent stewart,1
matthew r. lee,1
tom hays,1
josh russell,1
shayna jacobs,1
adam klasfeld,1
a. marie villapena,1
sarah kensigton,1
rinaldo rizzo,1
jane doe no. #3,1
elizabeth williams,1
ms. sterntheim,1
special agent kuyrkendall,1
darren indykes,1
gulani,1
the law clerk,1
rykkendall,1
jefifrey,1
kane,1
chris l. geiger,1
in your mouth,1
it's iggy,1
b-a-n-a-n-a-s,1
sebastian,1
d/s baillard,1
jack aj goldberger,1
d/s shappee,1
needs..,1
fuc..,1
kimberly s. patinore,1
derrick dobbs,1
kepsten,1
haley's friend,1
j.t. kecaney,1
"e p sten , jeff",1
mark a. rosa,1
andrew kelson,1
kylee marie,1
kylee,1
st thomas,1
parson,1
briana,1
morrida,1
jack a. goldberg,1
5|r,1
erin jeff,1
det. ile (aley),1
easton jeff,1
eastern jeff,1
jim 1st calkins,1
eastlin jeff,1
kathi lauren murphy,1
fastein jeff,1
britanny beale,1
sarah keilen,1
dr. stephen alexander,1
jeff feiman,1
chris l. juddy,1
pacin,1
chris e. fricke,1
orly epstein,1
jefirey e. epstein,1
det. t. recakey,1
eva l. freedman,1
chris l. judd,1
laura,1
valdwon cotrin,1
melissa eaton,1
juli brabon,1
j. krauel,1
fredrin jeffrey,1
cowboy cadillac,1
ch. de gaulle,1
alfredo voriguez,1
costien j715,1
bettie boop,1
betty boop,1
ela c. recarey,1
eric c. rodriguez,1
kizarl,1
"epstein, jeff",1
susan sheffing,1
yellowbeet..,1
mister fra..,1
purple stu..,1
[incitus f..,1
v ..,1
forfuckingever,1
lanna combat,1
mr. erich,1
jeff a. burns,1
estevan,1
nada salikova,1
j. onsor,1
det. reed,1
eric jerome,1
a.d.,1
ramaris pina,1
william mossy,1
ken desk,1
nag,1
howardt jen,1
posesky,1
kosel,1
det riley,1
ernest jeff,1
alfredo,1
im that [x] sunshine,1
chris l. jordan,1
det r carey,1
erstein jeff,1
maywell harris,1
sam columbus,1
det. recarkey,1
::< ..,1
wiit,1
tig'ol bit..,1
jeffrey ereen jr,1
pagn,1
fagina,1
eric t. gudbranson,1
dorothy h. wilken,1
keisha jole,1
gerald b. lefourt,1
!! i preg..,1
chelsie=m..,1
♥t..,1
bish,1
kristie [..,1
morrida..,1
♥b..,1
sacconi,1
i dont fu,1
ur to goo..,1
hanning,1
very funn..,1
jo-sepy,1
"""ram rod""",1
ya boy,1
h e at h..,1
lea <3,1
kyle,1
im that [..,1
ya fuck you 2!!!!!!!,1
f. astein jeff,1
polly cash,1
ashley fuc..,1
jeffrey kenneth skilling,1
w.t. kerwin,1
evan n. jeff,1
konti,1
e. shaffer,1
jeffreye epstein,1
ms. marcinkova,1
kailey,1
brinson,1
joy boy,1
vet 1400ney,1
rodriguez m,1
izstien. jfk,1
ellin m. finley,1
rod m. matheson,1
elaine j. judy,1
slipknot,1
chris c. judson,1
will (sch..,1
::<..,1
willt,1
tig 'ol bit..,1
"m-e-g...""meg""",1
mr. robson,1
lf,1
set fricke,1
katiet,1
eric e. fudger,1
luis munoz marin,1
benjamin syller,1
chris e. reidy,1
sarah shaffer,1
eric f. rudge,1
laura d. oregro,1
palahniuk,1
afroman,1
a saha,1
art kenney,1
ersin jeff,1
ailey,1
toss,1
jellicol,1
johnsmith,1
gabe,1
schelleen douglas,1
nayanira alanis,1
♥katie♥,1
purple stuff,1
vi thomas,1
krauc,1
lisa n. jet,1
guy,1
kristie,1
jeffery e. erbair,1
jrodriguez,1
x~('.'~...,1
bea..,1
bi..,1
j.t. kecan,1
patrick evans jr,1
k.f.,1
eppstein,1
eric c. friedman,1
det. pagan,1
ey,1
ballard,1
vlove'n a choquette v,1
palmateer,1
jefferey epstein,1
joe nicolas galvin,1
sat w burdick,1
spencer t. kuvin,1
ryan lee,1
sl brad,1
shapfer sarah,1
det. kecan,1
"kestin, jeff",1
andrea k leftwich,1
"epstin, jeff",1
lanna beohlavek,1
jessica cadwell,1
victoria's secret,1
william j. unroch,1
linda keen,1
chris f. recarey,1
alexander hall,1
winslow,1
eistein jeff,1
katies,1
richard figueroa,1
cathy back,1
"f ptein, jeff",1
joe recaery,1
msa belohavc,1
msa grahlweck,1
asa belohavc,1
rosa tarquino,1
angel santos,1
meanys,1
jeffrey esptein,1
det. joe recaery,1
asa belohavak,1
v. manuel,1
freeman jeffrey,1
"kellen,sarah lynnelle",1
kasting,1
asa belohlvec,1
santa,1
*~('.*.'~...,1
♥bea..,1
♥bi..,1
s|>|er,1
clarence maddox,1
deaney,1
"fstein, jeff",1
jack a goldberger,1
mary jaffe,1
luis munoz marin san juan,1
angela marie,1
brinson knows best,1
eric l. pridgeon,1
daniel beale,1
babiigirl1322,1
elsa e. recarey,1
daniel beale (britany),1
chris l. juday,1
my mom,1
5|<1er,1
agt. wilner,1
det recmey,1
lanna beloblavok,1
jarome pierre,1
perpion jeff,1
joanna junior,1
toniuc junior,1
eddie jeff,1
eric j. fulford,1
mohn,1
kellen sarah lynne,1
ebrown,1
5|<y1&r,1
sheena nueva,1
chris l. ruddy,1
chef valdwon cotrin,1
nicolena,1
det. recarly,1
charisma edge james,1
rocco lupo,1
roberto maisonet,1
ronald west,1
charisma edge lamine,1
"n'diaye, l.",1
lt randolds,1
dr [redacted],1
za,1
alien walker,1
shirley v. skipper-sco,1
k. w.,1
jeffrey mr(adt,1
darlene iper,1
lieut b.f. cong,1
lee j loftus,1
ag sessions,1
dag rosenstein,1
epstern,1
j-epstern,1
"skipper scott, shirley",1
"skipper-scott, shirley v.",1
jaramillo,1
the mersey,1
j. darden,1
aw skipper scott,1
lieut b.f.,1
bastela,1
attorney,1
epshtein,1
epstein/jeffrey edward,1
ag barr,1
epstein/jeffrey e,1
easdelh,1
rownds,1
lt,1
alex southern,1
j.l. epstein,1
d. rios,1
iln epstein,1
"epstein, jeffrey, edward",1
e epstein,1
"beaudouin, robert md",1
epstin,1
[b](6); (b)(7)(c),1
justin long,1
nine n'diaye,1
hurwitz hugh,1
sis e,1
"andrea, s",1
"mason, d",1
charisma edg,1
gstein,1
elissa miller,1
taro,1
lieutenant logs,1
sis,1
warden n. diaye l.,1
ner regional director,1
odag,1
facilities manager,1
epson,1
bullock,1
lamin n. diaz,1
john jay,1
ryan conyers,1
sis lt,1
calidda,1
darlene,1
medical mr.,1
shirley v. skibber-scott,1
edward epstein,1
lou c,1
lieutenant c. perez,1
lt. [b(6); (b)(7)(c)],1
(b)(7)(e),1
epistein ha,1
j- epstein,1
(b)(6); (b)(7)(c) esq.,1
lamina n'diaye,1
edward,1
bystein,1
"ormond, ray",1
shirley v. lamine,1
n'diaye skipper-scott,1
[b)(6); (b)(7)(c),1
anthey,1
rn,1
"jeffrey, edward epstein",1
jeffrey mr(adt),1
kn,1
y watch erations utenant,1
jeffrey ewrory,1
clinical nurse,1
alison,1
"n' diaye, l.",1
decca,1
tyson johnson,1
sheriff bradshaw,1
governor,1
caliroh,1
sade,1
todd roark,1
correller,1
associate warden of programs,1
severn,1
g.tal,1
may,1
meade,1
gerson,1
lamnie n'diaye,1
cook foreman,1
juelen,1
jawed,1
bop1504,1
colin still,1
savello,1
mike mills,1
tyson london,1
ipskin,1
"officer b6, b7c",1
lieutenant b6,1
"b6, b7c",1
mf,1
martí licon-vital,1
bop1364,1
deacon,1
"lt. (b)(6), (b)(7)(c)",1
justin b. long,1
ahn,1
s. epstein,1
dr barky,1
houards,1
pmurri01101,1
life,1
soada,1
david aronberg,1
sadin,1
calvento,1
co 3,1
kroll,1
sajeta epstein,1
moswery andy,1
coppetta,1
material handler supervisor,1
aw edge,1
marsha fernich,1
jonathan savella,1
c. iali,1
sacksle,1
campella,1
shu officer #1,1
co 1,1
licherman,1
scarla harrigan,1
amf,1
j. franklin,1
collier's,1
epokem sadelli,1
"isibor, s $",1
savell clifford,1
colon mass,1
nf,1
w. colon,1
sarah e. lake,1
colette s. peters,1
sch-n,1
shern,1
estin,1
[b)(6). (b)(7)(c),1
sample,1
svella,1
"shea, timothy",1
warden j. petrucci,1
lieutenant rice,1
"nagle, robert",1
mike millo,1
inmate 5,1
inmate 6,1
inmate 7,1
rick swearingen,1
bruce colton,1
calicos,1
sacks,1
"ms [b)(6), (b)(7)(c)",1
vitali,1
marti licon-lopez,1
martin licon-vitale,1
findeisen,1
soufflee,1
officer (b)(6) (b)(7)(c),1
kim kardashian,1
judge smith,1
gestef,1
g. tuti,1
scaretti,1
calready,1
saella hansgn,1
mike phelps,1
alex g. tali,1
sanen,1
dryken,1
swella,1
marti licom-vitale,1
judy,1
jucelle,1
(b)(7)(a),1
michael e. horowitz,1
nym/warden~,1
bop-rsd/assistant director~,1
coppolillo,1
scallall,1
facility manager,1
lock and security supervisor,1
company 1 technician,1
company 1 technical support representative,1
michael lambert,1
mariel colon,1
officer [b](6); (b)(7)(c)[/b],1
ms. [b](6); (b)(7)(c)[/b],1
korir,1
copellew,1
dr. michael baden,1
juddke,1
sadn,1
goter,1
carahal,1
epton,1
epsen,1
jean stanley,1
indy ve colon,1
marrett,1
savell caliendo,1
hel copperfield,1
whunt,1
waa,1
mt,1
goldfinger,1
savoca,1
m may,1
erika kelderhals,1
esteban savella,1
calient,1
d. borky,1
karina shalial,1
joy aassiddaa,1
plourde lee,1
b. tali,1
psychologist,1
health services administrator,1
co 4,1
w. wm,1
"tawadrous, b $",1
andrew neiman,1
j easter,1
jonson neinha,1
i epstein,1
"smith, bmith",1
r. kipling,1
tyler son,1
flynn,1
colson manuel c,1
saada,1
c. tali,1
bvon,1
bhyripa,1
hudge john,1
cappelle ringy,1
"thomas, a",1
"isibor, s$",1
bradley t gross,1
i. epstein,1
tucker carlson,1
john kennedy,1
bernard madoff,1
ms. (b)(6); (b)(7)(c),1
lieutenant (b)(6); (b)(7)(c),1
dr. (b)(6); (b)(7)(c),1
g.talihu,1
indy baccarat,1
eptien,1
oonodine eson,1
g.tali hu,1
j. eptien,1
jeffrey epstei,1
bop1899,1
bop5797,1
bulger,1
t. till,1
m. melendez,1
j. eskill,1
mk,1
scavelli,1
calvert,1
gabin,1
saeda,1
mr. epstein's mother,1
richard l. swearingen,1
ashley moody,1
jimmy patronis,1
nikki fried,1
toddler,1
colon manuel,1
estela,1
lhya,1
e. epstein,1
lieutenant [b)(6)],1
officer [b)(6)],1
lamine n'diayemichael,1
greco,1
lieutenants,1
psychology staff,1
associate warden,1
indykte,1
sowattie,1
s. jean,1
mr. hurwitz,1
mr. carvajal,1
mr. wills,1
mr. keller,1
epifan,1
samanta honigman,1
fowlen,1
steven weissman,1
lieutenar,1
indeke,1
salun,1
christina goldbaum,1
j.estein,1
indep miller,1
conklin,1
ijc,1
lee plourd,1
rocco,1
savile,1
gostin,1
rm epstein,1
mike miller,1
fuderite,1
soualles,1
lamine n'diayelee plourde,1
james petrucc,1
pluorde,1
bradley t gros,1
j. emkin,1
epstein epstein,1
[b](6). [b](7)(c),1
(b)(7)(c),1
ricardo martinez,1
sarah colon,1
"lieutenant [b](6), [b](7)(c)",1
officer [b](6],1
"elissa r. miller, psy.d.",1
"inmate epstein, j.",1
physician assistant 1,1
physician assistant 2,1
lichtman,1
stella harrigan,1
michael weiner,1
drug abuse coordinator,1
drug treatment specialist (dts),1
physician assistant (pa),1
oics,1
james will,1
lt. (b)(6) (b)(7)(c),1
epsten,1
pbt saellin,1
carvalho,1
lora,1
savala wendy,1
caliandro,1
me,1
inmate 2,1
swalle,1
fidele,1
li tali,1
wencki,1
myles,1
jefrey epstein,1
"[b(6), (b)(7)(c)]",1
[b(6)],1
g. talim.melendez,1
saillin,1
drm,1
rmhc1,1
calidulin,1
"lieutenant [b(6), (b)(7)(c)]",1
officer [b(6)],1
"pólya prize-winner (b)(6), (b)(7)(c)",1
sr. i connell,1
aly raisman,1
simone biles,1
"beaudouin, robert",1
mass,1
northeast regional director,1
acting evening watch activities lieutenant,1
epstein's attorney,1
"inmate reyes, efrain",1
saxton,1
g stoll,1
supervisory correctional systems specialist,1
correctional systems officer,1
correctional officer (co) 1,1
lt. (b)(7)(c),1
"[b)(6), (b)(7)(c)",1
j-epstein,1
associate warden 2,1
special investigative services lieutenant,1
supervisory staff attorney,1
[b(6) (b)(7)(c),1
lieutenant [b(6) (b)(7)(c)],1
officer [b(6) (b)(7)(c)],1
bon(6),1
bon(7)(c),1
material handler,1
laurel m. lee,1
indyke colon,1
calindo,1
cullender,1
soella,1
javelin,1
jill tate,1
lieutenant(b)(6),1
staff psychologist,1
general werden,1
dandley,1
melle,1
m. licon-vitale,1
y. joaquin,1
lt. (b)(6),1
er2miller,1
alan cohen,1
cappelleto,1
d861 (prince),1
lamine,1
erika kellerhals,1
nlesles,1
b6(6)(7)(c),1
"lieutenant (b)(6), (b)(7)(c)",1
"officer (b)(6), (b)(7)(c)",1
tonya thompson,1
matt zapatosky,1
devlin barrett,1
debbie wasserman shultz,1
katie benner,1
indy r weingason,1
tina,1
c-15,1
joaquín guzmán loera,1
family members,1
friends,1
maureen ryan comey,1
gerard whidbee,1
pap-pas,1
"joaquin ""el chapo"" guzman loera",1
john g. koeltl,1
wecht,1
cauwenberghe,1
robertson's father,1
pichler,1
chrislane maxwell,1
aliotta,1
philippe jaiglé,1
maldanado,1
warden heriberto tellez,1
bennet j. moskowitz,1
livesay,1
risjord,1
tolentino,1
adamu,1
brito,1
ellison,1
melamed,1
shipp,1
martinell,1
louis vuitton,1
rex ling,1
roberta ling,1
byrne,1
judge schofield,1
plaintiff's sister,1
moskowitz,1
julieé,1
cecille steen,1
cecile dejongh,1
edw na s mmonds,1
rosaind davidson,1
w.wallace,1
y fairley,1
david r. ridgway,1
george s,1
mark dec,1
kresty rodgers,1
celena,1
glen eva,1
celena duben,1
a em lly,1
j.tecluclsingh,1
l morriscn,1
teena & merry mabrison,1
k.davis,1
l.na51083,1
chris pack,1
mca richard,1
dencker,1
podgor,1
j.r. epstein,1
ms. nicole hesse,1
david rothfus,1
anthony john jeffs,1
bradley allen,1
douglas wigdor,1
g maxwe;;,1
i.h,1
r.edna,1
natasha milan,1
eduardo teodorani-fabbri,1
kozlowski,1
bial k,1
s.tone,1
boss,1
miles/jeffrey,1
m.morgan,1
kate baleryd,1
j epste n interests,1
j epste n & co,1
k.steen,1
david greenglass,1
judge hellerstein,1
richard nixon,1
pamela bondi,1
kash patel,1
stephanie muecke,1
edward spector,1
ralph ellison,1
p donofrio,1
ross dealessi,1
shauwna crossby,1
christina estrada,1
diantka arcos,1
d schoettle,1
peter marino,1
kevin hall,1
yasmin airaghi,1
j biddle,1
mr ladenson,1
dr. moshwits,1
frank steele,1
mr manny domingus,1
fred canova,1
m.taylor,1
m.sebastian,1
d.norman,1
gh bla ne maxwell,1
kathy elliott,1
s.gr ffis,1
donald parkyns,1
mrs. goodman,1
geil trump,1
mrs. roth,1
richard cohen,1
chrissine kennally,1
ira zscherman,1
matt griffs,1
andrew merovetz,1
teala davis,1
kevin bovenza,1
emy taylor,1
larry vidrine,1
david r. edge,1
jeanne/samie,1
dav d byrne,1
d.bryne,1
barbara petranek,1
stephen petranek,1
alexander tsiaras,1
tony wurman,1
jane applegate,1
mehmet oz,1
joni evans,1
roselynn fontinelle,1
colleen difonzo,1
summer brennan,1
flora watson,1
peter lornzoni,1
mstalya maylshev,1
jayarukshi mellawa,1
tiffany burns,1
macla barros,1
jaya satagopan,1
tom payette,1
david bodger,1
joshewet lewis,1
gary boxby,1
david m. podgore,1
ghislain e,1
patrick ochin,1
w doulin,1
k.delerud,1
andrea mitrorich,1
shannon pascuzzi,1
salena,1
dawn devito,1
impel,1
virgil wolfe,1
sean lancaster,1
j. robertson,1
sj kerlen,1
.gardienne,1
autograph,1
thomas d. sjoblom,1
rick,1
dr gerald eldeman,1
l.foster,1
f del man,1
david nodger,1
hayduk/nicolas,1
oconnor/jeremy,1
bannier/patrick,1
beuffe/laurent,1
david/yann,1
guiet/jeanfrancois,1
guillemet/stephane,1
lachaud/julien,1
poncet/elise,1
vieiracotin/valdson,1
bonnerue/roland,1
nagel/patrick,1
dahli/bree,1
staley/james,1
rainbenkova/alysia,1
lemoal/xavier,1
meynard/yvonne,1
stotter/manuela,1
chaptseva/ekaterina,1
huguen/jean,1
kirkland/geoffrey,1
mucinska/adriana,1
ferretti/dante,1
rosenfeld/camilla,1
rosenfeld/isadore,1
hawley/michael,1
tunick/spencer,1
sawyer/forest,1
green/nancye,1
evans/joni,1
kargn casey,1
david pedegs,1
m bedford,1
c.arla,1
david ruddy,1
wyden,1
jim woody,1
francis goodman,1
sondra francis,1
sondra biddle,1
pasquale,1
luis,1
ellen,1
doug schuettle,1
joan humphreys,1
richard arendt,1
c.kennedy,1
s brock,1
c.periera,1
karen sargent,1
dean boal,1
leslie h wexner,1
edw na s mmons,1
s davidson,1
c maxwell,1
mendilton,1
g holsine,1
arthur hollering,1
tommy quinn,1
angela andrew,1
doritin krauss,1
alan distante,1
aj7,1
heilbrun,1
alessi/jaun,1
calhan/thomas,1
lundberg/marc,1
schoettle/douglas,1
yee/she quon,1
perryang/adam,1
mulligan/max,1
casey/caroline,1
perry/adam,1
crabb/sophie,1
ross/david,1
luntz/melinda,1
restrepo/george,1
muecke/stephanie,1
luntz/m,1
versace/lisa,1
.victor,1
carina dubow,1
doug shoettle,1
wendy mitchell,1
bobby mitchell,1
robin mylondo clintz,1
paul mellon,1
oliver sachs,1
gm gilcn,1
dudes,1
elinante,1
t.flynn,1
david r. rodriguez,1
reyna,1
mr. copnfield,1
pj,1
clare hazell,1
c.abo,1
p.arry,1
mr smith,1
ms smith,1
hornbecker,1
p pereira,1
j.corne lous,1
ruth,1
janis kevey,1
jefferys aunt,1
daisy,1
e.taylor,1
d.zube,1
mark doe,1
john wilkes booth,1
aaron burr,1
miss rva,1
david wodger,1
alan der showitz,1
epshein interest,1
w. walter bouin,1
david rodeigue,1
edwna simmonds,1
ms bella,1
s.griffs,1
robert dan,1
judy tuckerman,1
lipsy koryl,1
dan glenn,1
annie glenn,1
nathan fletcher,1
patrick atkinson,1
derek beck,1
doc sherlock andre,1
entio,1
maher,1
roger jteon,1
ariel rodriguez,1
andrea mitronich,1
shannon rascuzzi,1
tom paythe,1
gary rexroads,1
kenneth burns,1
steve lisjcr,1
gary fowler,1
jean luc dubrul,1
tealta drury,1
ayal armon,1
mr miles alexander,1
jared rodge,1
m.timneri,1
.gardien,1
wallace h. howell,1
j. rodriguez,1
tk,1
jeff scientist,1
raphael reis,1
j.dugan,1
stefani burns,1
s burns,1
d.ershowitz,1
justin kosselyn,1
tiffany gramza,1
niall dennison,1
melanie walker,1
cheryl healy,1
d shoettle,1
russ mitchell,1
pasha dritr,1
jeanmichel gathy,1
marc lundburg,1
thomas calahan,1
andrea hymel,1
jean paul blisset,1
michele lewis,1
freyda wissing,1
robin rosenberg,1
christian roche,1
kevin solomon,1
jean marie couret,1
m luntz,1
dawn rofano,1
jeffrey israeli,1
kay,1
walter novembre,1
r.southers,1
dr. tuckerman,1
dr. luby,1
jessica ciralsky,1
david roderigue,1
matt gibbs,1
alan c. greenbel,1
jen schumer,1
david amon,1
gibbs,1
robt,1
manny,1
"helen epston, nterests",1
e.boulet,1
dole,1
peter ryan,1
robert gordon,1
daniel rodriguez,1
shepard,1
nichter,1
lepore,1
tara maxwell,1
t.maxwell,1
o.oping,1
i.schbert,1
simon/laettia,1
ochin/patrick,1
venites/sefora,1
caselli/riccardo,1
vieiracotrim/valdson,1
cotrim/valdson,1
blachon/magali,1
amselem/deborah,1
liffman/michael,1
dionne/ryan,1
frontanilla/rosalyn,1
zapanta/marabini,1
nikiforova/tatiana,1
lachapelle/marie l...,1
martinez/alixa,1
hanks/anna,1
gomesmacedo/an...,1
glen dubon,1
gerolding latimer,1
nena zagit,1
roger sloan,1
frederic bailette,1
rick griffin,1
joe paciano,1
julie tood,1
bill clement,1
doug banda,1
naine camille,1
nicole junicermann,1
hk,1
shannon jeffrey e epstein,1
jeanne belnan,1
qed podegie,1
bella jeffrey e epstein,1
jeannie breanon,1
sevastianova valentina,1
.sevostyanov,1
c.ubo,1
donald p. parkyns,1
laurie,1
k. harry baller,1
da,1
au,1
david r. rogers,1
david podgurs,1
frank gimble,1
rolph pascale,1
b allen,1
englemayer,1
celena middelfart,1
gm suzanna,1
joel ashken,1
catherine beck,1
gus green,1
daniel rodericks,1
cardner,1
p.bia153553,1
kelly bov no,1
ghislawne maxwell,1
murray gellman,1
.wash,1
b.ovino,1
p.brunello,1
david p. podgurski,1
alberto pena,1
lenna pena,1
lynn forester,1
guideden bell,1
a.j. smallman,1
ndrea mitronch,1
bran ferren,1
s.maxwell,1
helen epstein interests,1
s.griffis,1
c.davies,1
carl rodgers,1
david rodgeren,1
kaplan/j,1
simone/natlie,1
maxwell/kevin,1
telucksing/j,1
cochran/sophie,1
foley/john,1
bruno/very,1
rysko/monica,1
bastion/daniele,1
hazel/clare,1
malova/anna,1
mcneely/george,1
declermont tonne...,1
kim/sharon,1
solo/kim,1
hembro/clementine,1
kosslyn/steven,1
stopeck/alan,1
alexia/wallaert,1
derochers/david,1
celina meddelefart,1
roben plant,1
joan glenn,1
larry go,1
menu,1
gmt,1
eob je,1
gladstone,1
mas maxnoll,1
shannon pascuszi,1
george bajta,1
l.richardson,1
c.ledschuck,1
s marshall,1
kalda/katarina,1
parks/donna,1
emma/tayler,1
ghislaine/maxwell,1
salt/steven,1
blanchett/paul,1
hurst/irwin,1
bialik/natalia,1
teelucksingh/joan,1
khan/hasan,1
tayler/emmy,1
galindo/audrey,1
galindo/frank,1
chandler/may,1
seitz/russel,1
zaltsman/aleksan,1
markham/sally,1
kucukoylu/banu,1
michael j. johnson,1
ms,1
mrs,1
marc lumberg,1
m anderson,1
wick/carrie,1
marin/hila,1
lyn/paul,1
lawford/christopher,1
razdwill/carol,1
lopez/leecindy,1
wasche/vanessa,1
teelucksingh/stacey,1
roy/rhett,1
chan/michael,1
heaps/richard,1
gambucci/gara,1
khaiupsky,1
michael j. johnsen,1
darren ira leagsmap,1
dedier azadumge,1
joe poshckow,1
leslie gelb,1
brian matthew,1
lester pollack,1
stephen burst,1
jeanne,1
chuck manny,1
linda leigh,1
jim dowd,1
tatianna,1
jk,1
mucinska,1
am,1
sk,1
dm,1
phla,1
nicole hess,1
sophie riddle,1
heidi freiler,1
sjmoa186310,1
d.bauzia,1
kate jeffrey e epstein,1
m.maxwel,1
m.axwell.1,1
zorro,1
jennifer mitchell,1
tad smith,1
bradley p. moss,1
jack kosgei,1
ginger southgate,1
dieter,1
lh andrew,1
norman remble,1
pia trussell,1
pia prussell,1
terry sodaro,1
jun stefanides,1
clewin,1
a mitchell,1
terry goldsmith,1
deborah cifra,1
david rodzfa,1
kat e orchard,1
r.perkins,1
chief judge friendly,1
david mcdouglas,1
s kerlen,1
peter maudelson,1
aznar/jose maria,1
paessler/tanya,1
mattsson/carolina,1
cotrin/valdoen,1
amores/florena,1
gass/jennifer,1
romualdez/daniel,1
smith/jennifer,1
stoetter/manuela,1
button/terri,1
goncharov/natalia,1
delacruz/merwin,1
pacheco/fabiane,1
duesing/paul,1
puscau/blandina,1
stutter/manuela,1
hamblin/sue,1
riddle/sophie,1
mandelson/peter,1
galistinos/stephane,1
kucukkoylu/banu,1
maccarthy/kelly,1
burns/stefani,1
david rodigue,1
sarah rn,1
ar epstein,1
sarrah,1
anne mulldrow,1
david ridgeway,1
joan luc brunel,1
deane fleetwood,1
william j. clinton,1
kevin o'donnell,1
chriss tucker,1
dog brain,1
david sl,1
jem kenna,1
roger nolasco,1
rodrick,1
lee garrison,1
sammy g,1
ron turkle,1
andrea meredith,1
leggate leggance smith,1
coveny,1
pietro mondini,1
gregg hartnerss,1
james ii moore iii,1
j paningsoro,1
j beer,1
darel metcalfe,1
"shafir, e.",1
"huff, c. r.",1
"killias, m.",1
"diener, e.",1
"diener, c.",1
cavanaugh/brian,1
airaghi/yasmin,1
glickman/jeff,1
lahaye/daniel,1
pinto/alberto,1
bonk/sarah,1
declavier/anne ma...,1
ryscko/monica,1
rofrano/dawn,1
goffinet/francois,1
lundburg/marc,1
dubin/glen,1
mitchell/george,1
francis/goffinet,1
bastiangordon/dale,1
david rodghr,1
heather mand,1
rhodna,1
ceolilia steen,1
monica charlow,1
tefany gramza,1
daniel hills,1
alexa wallbaum,1
joephie biddle,1
sophie pedoli,1
clarke izabel,1
david wilefor,1
angela e. noble,1
mary etienne,1
marie joseph experton,1
g.huges,1
m.gruleile,1
carmen c aguero,1
carol rodgers,1
skellen,1
jackie kodagn,1
mr e,1
alexia walker,1
este-lin lives,1
bob mason,1
marcaros,1
roxer,1
morrison/larry,1
kirkley/marsha,1
berger/sanford,1
indykel/darren,1
wallert/alaexia,1
doj redaction,1
biddle/johnscott,1
mackenzie/jonitha,1
komarova/natalia,1
karapetyan/arthur,1
alexander/catherine,1
dennisonsarrar/ni...,1
saper/sean,1
miller/a charles,1
teelucksingh/joan...,1
miller/charles,1
eliasson/johanna,1
zermo,1
go wenp,1
rgo,1
pdu,1
rian,1
staff,1
mark potter,1
anna bryant,1
juliet simmonds,1
tyler,1
ihy,1
mashie,1
ryan orrins,1
david radcliffe,1
s. dubeyn,1
e. g. marshall,1
a. tolal,1
pamela johanaoff,1
katarzyna kutzig,1
s. teal,1
o. teal,1
david r. rodale,1
mr. blanche,1
pilot's name (not provided),1
misses kersti fitz,1
mrs newall,1
cantelobre/michel,1
mocanu/stefane,1
jones/bruce,1
bicknell/julian,1
versaci/lisa,1
altschuler/fred,1
okros/fabienne,1
rix/martyn,1
chaillet/gaia,1
ratzlaff/michael,1
pizzulo/michael,1
healy/shannon,1
keenen/john,1
hunziker/james,1
nadeau/carol,1
walker/starnes/m...,1
desplombins/pascal,1
schrieber/liev,1
carey/ronnie,1
rayyrkendall,1
kirsti rogers,1
larry morrisson,1
algon,1
garel dumpieg,1
g amxwell,1
rean ferren,1
general wesley clark,1
r.danise,1
c.chevalier,1
c.mata,1
kelly bomod,1
hazzy bella,1
cristalle m wasche,1
s keller,1
.evelyn,1
b.smith,1
ron barrow,1
cecila,1
seth goldsmith,1
peter thomas roth,1
paul mitchell,1
hank collins,1
william josh,1
steve losikan,1
charles rodriguez,1
pete rother,1
dal,1
ico,1
tracy cino,1
j merrell,1
d.cartledge,1
j jessen,1
daniel delapa,1
jane's voice teacher,1
jane's principal,1
jane's guidance counselor,1
paul haldof,1
tatiana semiann,1
tateanna,1
andrea mellovich,1
gennaro whitaker,1
anthony john jetts,1
john gerard o'neill,1
nessa o'neill,1
lois,1
doron,1
ham,1
david rodefer,1
lynn fowler,1
"dubose,carl",1
alexa,1
"merlo,deta",1
alexs,1
jean luke,1
ulysses silipinac,1
"cie,cielo",1
joron rita,1
cg,1
ena,1
joean,1
johnny,1
elisabeth andujar,1
e pst ein,1
david hidgins,1
clair kirks,1
boby,1
nanni,1
pedro cazadumec,1
karen epstein,1
mark beck,1
nathan myrvold,1
chinbun dick,1
britten dick,1
dumpud trump,1
fann coleman,1
j.wall,1
j sepulveda,1
mr. hostetia,1
cecile roberts,1
mary roberts,1
jeffrely,1
miko. eusatto,1
ms g. maxwell,1
sister,1
a.q.gosman,1
joe ngger kalen,1
steve malce,1
stefonee,1
dominic,1
scotty porte,1
ryan fleming,1
immy antin,1
gus,1
cordon purin,1
cecilia medina,1
albisin,1
andrew stephens,1
donald caldwell,1
pamela stevens,1
s kellen,1
lauren petrella,1
hugh blate,1
david rudegers,1
ryan cookman,1
kristy alyssa,1
joel knighton,1
david roder,1
melanie stevens,1
william hazel,1
melendo cun2,1
juanita,1
jp prince adorcu,1
peluca amorosa,1
steve burgess,1
laine kelson,1
jo anne,1
f e,1
guel,1
mark probst,1
tatiana kovylsn,1
mark tafoya,1
semiarava,1
juan molina,1
lisa summers,1
"eisen, j. a.",1
"quas, g.s.",1
"kohlenberg, r .j.",1
r.j. sternberg,1
valdson cotr n,1
jack kockinger,1
a mitrorich,1
cindy lorez,1
jean luc bernard,1
richard turgoner,1
juliana jorge,1
fabio,1
carola,1
e pstien1,1
l.nova,1
david r. degruy,1
j.shubert,1
mark l,1
pete ratwell,1
rick monroe-lind,1
karen-hsu,1
michael i danchuk,1
dave rodgers n908je,1
p koons,1
g makwell,1
m. christman,1
kirstie fergusen,1
k.fergunsen,1
delarue/h,1
sobier/jp,1
rofano/dawn,1
raimbault/a,1
kosselyn/justin,1
walker starnes/m...,1
pasco/yves,1
tayler/laura,1
didier/rede,1
gathy/jeanmichel,1
harrison/shelly,1
solomon/kevin,1
funke/elizabeth,1
pascuzzi/thomas,1
erokhina/natalia,1
blisset/jean paul,1
beedles/anthony,1
galbraith/christina,1
taylor/e,1
roussel/jean,1
burdet/jean marie,1
fuller/jeffery,1
haren/kelly,1
david rodgefu,1
miss darrow,1
evelyna,1
ida peters,1
paula gibson,1
swanby,1
jeffany,1
jim wilson,1
ira ticheman,1
felicia taylor,1
roddy,1
glen robin,1
lunberg/marc,1
harrison/paul,1
fleetwood/diane,1
attaway/james,1
tayler/e,1
pagaduan/imelda,1
moran/dan,1
ramirez/alfred,1
mychor/franziski,1
uamchoroen/jirapar,1
hanna/rachel,1
puscau/alina,1
tharangsee/nanth...,1
sexton/jaqueline,1
edelman/gerald,1
kim/hyely,1
benton/jessica,1
ohlhausen/peter,1
schwartz/marleia,1
sagucio/victora,1
segucio/victor,1
segucio/mara,1
savage/joseph,1
borges/juliana,1
stahl/melissa,1
uamchoroen/kurin,1
mutis/ximena,1
mr martin,1
ncl coleman,1
roger mcintire,1
samuel derafas,1
carl roderfer,1
tom barlow,1
barry kennedy,1
buddy kennedy,1
pat cline,1
helen h k m,1
david nodgyne,1
bam kuukkouglu,1
cmaria,1
chris gamble,1
dave savage,1
serge boquet,1
dott e weson,1
s.gr ffs,1
mendison,1
seth rudefu,1
ausa alex rossmiller,1
u.s. marshal,1
david wilefen,1
r. caen,1
jeffrey ghislaine,1
christine konsolian,1
phillip hallgren,1
felix,1
pamela,1
kristy,1
patty gil clemos,1
patty rodgers,1
lawrie,1
clair hazey,1
j fcmble,1
cocoa brown,1
glen durbin,1
stefanie,1
genny,1
s jeven,1
william emison,1
david r. clark,1
cecilia stein,1
jeffrey e. epsten,1
ejsptein,1
k.daniels,1
david rodaja,1
josen,1
capt. harris,1
paula epsilon,1
alexandro,1
s. hellgy lewis,1
peter marin,1
fredo,1
carl roderick,1
gmmy,1
mandy gmmy,1
mary kerny,1
elena middleart,1
jog pagano geno,1
gmm,1
evd,1
david pedgeon,1
andrew meirwetch,1
alene webr,1
n markgi,1
valdson cotn,1
hountage daveg,1
forest gawyer,1
yanet alvarado,1
jeff cu,1
ken david copperfield,1
david bridge,1
tasha,1
chesnut,1
jfm,1
david rodick,1
lou perkins,1
spyne,1
sophie boole,1
murray gell mann,1
david rodiguez,1
detective byrnes,1
yr epstein,1
yr. haxwot,1
simon paciukonyte,1
natalia domracheva,1
anneedeli gaffarel,1
laura newman,1
alexander reznik,1
erica baukis,1
cecilia mattson,1
simona paciukonyte,1
ruslana kurshunova,1
marcia lyons,1
bruce lyons,1
christian mussy,1
patrick bannier,1
alain cruypelinck,1
larisa simanava,1
maxwell ghislane,1
arnaud seigneur,1
laurie steichen,1
lydia ingram,1
valdson veieracotrin,1
jennifer doyle,1
erika braukis,1
dimitrij simanava,1
david lampert,1
jean hugen,1
nicolas hayduk,1
as,1
david r.odge,1
president,1
david r. dalfonso,1
valson,1
andrew liebman,1
raymon,1
michael liegman,1
blackhawk,1
ryan diamond,1
jon paul frontino,1
lickerman,1
mark gpstein,1
james mitchell,1
mark grippe,1
b.wallace,1
senator wyden,1
derek redge,1
david maxwell,1
marc eistein,1
david redfearn,1
jeff schwst2,1
taylor/emma,1
cousteau/alexandra,1
kosslyn/stephen,1
teelucksingh/jean,1
alessi/juan,1
fontinella/roselynn,1
sullivan/carol,1
beller/susan,1
beller/naomi,1
ferguson/amy,1
legoretta/richardo,1
chivatero/jack,1
borden/andres,1
poe/stephen,1
marino/peter,1
krikharr/marguerite,1
biddle cochran/so,1
cinney/cammy,1
stone/linda,1
lynch/cherie,1
"laney, c",1
"shigemas, k.",1
brewin,1
s helley lewis,1
ricardo legoretta,1
kelly spamm,1
tom pritchard,1
esther dyson,1
thornton,1
stephen jay gould,1
luria,1
ken dychtwald,1
susan pierce,1
dott e wilson,1
frank nodarse,1
banu kucukkoylu,1
mike and pat,1
rodgers david,1
mr. larry visoski,1
andrey raimbault,1
melinda lunt,1
gwendolyne black,1
shelly anne lewis,1
mandy glisson,1
jean merkel,1
jean merkel gathy,1
w.walter bou n,1
jamie/joanne,1
a dixon,1
m.gruselle,1
ella dershowitz,1
cecil j steen,1
dottie,1
805899,1
david lodefus,1
jal la hashemi,1
a.starbuck,1
m.lachapelle,1
erokhina,1
epsteine,1
david hudepohl,1
clarence,1
david r. rhodes,1
.wallaert,1
p edersnen,1
cecilia stern,1
patsy rodgers,1
paul edsall,1
gloria claire hazel,1
paula edsall,1
jet,1
bam kucukkooglu,1
c.maria,1
bogdan ducan,1
nick s mmonds,1
k.sarauw,1
j. epste n,1
paul gundyl,1
jodi scolardi,1
sarah coggins,1
steve bassett,1
larry derose,1
kelly mailey,1
banu kucukoylu,1
henry jarecki,1
nicole marais,1
polina proshkina,1
irwin hurst,1
joan teelucksingh,1
edward tuttle,1
alaexia wallert,1
marguerite krikharr,1
helena khazanova,1
carol nadeau,1
charlotte lewis,1
john delaney,1
rhett roy,1
edward archer,1
mr. coppefield,1
eucken,1
mr. e,1
markhamcpm,1
kate belaerud,1
christ ne maxwell,1
valasion cotrin,1
j.chaml n,1
i.bogdanovic,1
david rodrigue,1
jemmy taylor,1
brent,1
magalee blychon,1
michael liepmann,1
giovanni lopez,1
jose luiz tiburcio,1
nagib c pell,1
david ledefus,1
president andres pastrana,1
lauren kw nter,1
w.hague,1
david redafe,1
darres,1
perry stein,1
sadie gurman,1
alex leary,1
emma colton,1
hannah rabinowitz,1
david richgers,1
joel pashcon,1
joel pash,1
leo tintay,1
gwenolyn pash,1
shelly levis,1
david rudefus,1
lisa anasrsons,1
scott biddle,1
frances larding,1
scan lancaster,1
judd uckert,1
gva andersson,1
rupert jack pasil & cather,1
scott g goodrich,1
"well, sunnie goodrich",1
jack pasil & gabriel,1
eric rodgers,1
nicole akesu,1
jake,1
gholdine,1
arthur rodger,1
eva cox,1
nicole wiese,1
mr eisen,1
gary blackwell,1
steve lybber,1
frank corbett,1
david r. rishling,1
josh levin,1
aaron mak,1
jonathan l. fischer,1
d.smithe,1
.simmonns,1
.simmons,1
glen gub,1
glenda,1
jok dan dylan,1
jimmy elliot,1
mandy gilson,1
margaret wheeler,1
sc,1
clarke bostly,1
jemima,1
alan dashowitz,1
manoh,1
jenny pashkow,1
sem,1
mrs cayne,1
gwenlyn sherer,1
tomy,1
el bello,1
david roden,1
sarah j kellen,1
.goldman,1
my twian,1
pandora maxwell,1
pamela meiselman,1
karin models,1
.concierge,1
sophie crabbe,1
p.firmo,1
paula epsicen,1
larry webbke,1
ed amato,1
cardlena,1
jim moore,1
david rudge,1
aemlly,1
j.teclucsingh,1
j.flores,1
nilschke,1
clements,1
mozer,1
donald ayer,1
"bianco, j.",1
ruthenberg,1
weigand,1
mr. zarrab,1
julio a. castillo,1
ingrid s mc cawley,1
chauntae davies,1
paul m. krieger,1
philippe jaiglif,1
officer leah harmon,1
"langan, p.",1
"schmitt, e.",1
"durose, m.",1
"harris, a.j.r.",1
"hanson, r.k.",1
"morton-bourgon, k.",1
"cortoni, f.",1
"coache, m.é.",1
jane doe no. 4,1
benkovitch,1
gorilla,1
nasco,1
delaware,1
weidner,1
marijke chartouni,1
bradford,1
chevalier,1
ramos,1
winchester,1
corbin,1
nitschke,1
sainz,1
tonelli,1
wolfson,1
gravano,1
john gambino,1
flaharty,1
anne,1
isabel,1
martin weintraub,1
friendly,1
mcelvain,1
rashkovski,1
rivera-ventura,1
victim 2,1
victim 3,1
lachance,1
hanan favsa,1
macalvins,1
mr. jule,1
kristen carannate,1
borodin,1
zarrab,1
tajideen,1
stroeh,1
van thout,1
vaval,1
mr. marty weinberg,1
bernadette martin,1
ms. sophia papapetru,1
mr. john wallace,1
mr. krieger,1
mouktar abliazov,1
michael g. scavelli,1
lomayaktewa,1
hathaway,1
jomes brochin,1
contreras,1
brislane maxwell,1
boyette,1
strickler,1
cannone,1
phyllis goldfarb,1
eli dubosar,1
sabinani,1
ted stevens,1
emmet sullivan,1
joaquín 'el chapo' guzmán loera,1
mannino,1
cuomo,1
richard berman,1
jeremy thundercloud,1
magistrate judge freeman,1
ransome,1
"cyrus r. vance, jr.",1
ross,1
groff,1
assistant secretary for health,1
sarah nathan,1
kate sheey,1
alan feuer,1
jeffrey e.,1
fierro,1
mr. sloman,1
alvin q. nettle,1
jeffrey j. sloman,1
judge pitman,1
doe 2,1
joshua adam schulte,1
alisa n. wang,1
andrew st. laurent,1
kw,1
capone,1
crable,1
gouveia,1
strawberry,1
turkish,1
warme,1
ms. aroz,1
d. john sauer,1
bannister,1
demassa,1
nunez,1
broderick,1
hale,1
henkel,1
di re,1
place,1
scr,1
dlc,1
elend,1
basham,1
beaulieu,1
pittman,1
jacks,1
cheffer,1
gen y,1
gen z,1
gen alpha,1
jeffrey epstein's,1
mailee conley,1
professor green,1
mr. kirshner,1
mr. black,1
castaneda,1
brehm,1
bernisa mejla,1
dennis khilkevitch,1
chen de yian,1
jay howell,1
lmm,1
lts,1
sara kropf,1
bradley,1
vizcaino,1
daniels,1
conley,1
sabhani,1
indykc,1
professor alan dershowitz,1
mr. jaffe,1
lord justice scott baker,1
anand doobay,1
kennedy,1
judge roman,1
trujillo,1
wagoner,1
phelps,1
does,1
the plaintiff,1
mr. jack goldberger,1
einhorn,1
jain,1
mr. epstein's brother,1
mr. epstein's friend,1
noble lee,1
michelle licata,1
princess diana,1
dalsheim,1
crabble,1
kristen carranante,1
"joaquin ""el chapo"" guzmán loera",1
"engelmayer, j.",1
holland,1
does 1,1
does 2,1
judge crotty,1
cassell,1
gaffney,1
musumeci,1
mr. boise,1
crotty,1
lilly ann sansbeez,1
christine walsh,1
patrick malone,1
pat,1
assistant u.s. attorney,1
french prime minister,1
minister of justice,1
prosecutor general,1
mark wolf,1
schanbarger,1
macy,1
little bear,1
attorney general barr,1
mark s cohen,1
anouska de georgiou,1
pitman,1
defendant's co-signers,1
hess,1
victims 1-3,1
sig mccawley,1
theresa j. helm,1
garland,1
mcdougal,1
paul a. crotty,1
mr perry,1
mackellar,1
brian dempsey,1
alexander zmikhnovskiy,1
ilya yurov,1
hh,1
bermingham,1
mr. joseph jaffe,1
teri gibbs,1
jane doe 6,1
judge jones,1
mr love,1
henri leclerc,1
eric plouvier,1
mme delmas marty,1
emmanuel henning,1
michael ofsowitz,1
ms. lerner,1
kimberly lerner,1
jennifer aroz,1
thomas nagel,1
e. nesbitt kuyrkendall,1
i anna,1
minor victims-1-3,1
rose prater,1
stacey richmond,1
abdullah,1
panovas,1
adeagbo,1
judge esther salas,1
his father,1
accusers 1-3,1
minor victims 1-3,1
mr. lefkowitz,1
"nickerson, j.",1
wolfish,1
mrs. hanson,1
john denko jr.,1
faron w. segotta,1
dr. mike l. mier,1
jeffery e. epstein,1
teresa hernandez,1
philippe jaillet,1
pagliucca,1
chief,1
andrew flinkelman,1
yian,1
cuthbertson,1
jp morgan chase bank,1
kristen cai,1
goldfarb,1
dubosar,1
grady macphee,1
geoffrey berman,1
advani,1
crutsinger,1
alston,1
raggi,1
daniel h. weiner,1
daniel ruzumna,1
jane doe no. 2,1
kitzhaber,1
wifredo a. ferrer,1
dexter a. lee,1
eduardo i. sánchez,1
mr. skilling,1
"taubman, bobby",1
"tavoulareas, mr billy",1
nicket tavoulareas,1
peter tavoulareas,1
"tate, rupert",1
"taylor, emmy",1
"taubman, alfred",1
"taylor, felicia",1
"taylor, pamela",1
"taylor, sebastian",1
"taymor, julie",1
elliot taymor,1
"tennenbaum, harry",1
"teodorani-fabbri, eduardo",1
"theilmann, baroness francesca",1
lilly,1
"alleged ""victim-3""",1
kenneth wynder,1
andrew brown,1
lloyd grossman,1
marjorie gubelmann,1
tony guccioni,1
christian gudefin,1
solina guedroit,1
nicolas guedroit,1
alessandro guerini maraldi,1
cornelia guest,1
bert fle,1
sabrina guiness,1
mr hugo guinness,1
luca guissalni,1
ira gumberg,1
susan guttfreund,1
john guttfreund,1
dr hahn,1
mrs hahn,1
pippa hall,1
jen halpern,1
clementine hambro,1
george hamilton,1
ms. mqrn,1
cohen peter,1
colle jeffrey,1
cooke clive,1
cotterell harry,1
coleman jo,1
collins phil,1
oriane collins,1
henrietta conrad,1
ms rachel cordle,1
martine de courcel,1
nicholas coleridge,1
georgia coleridge,1
susannah sten ber constantine,1
rupert cordle,1
camilla cordle,1
marina cowdray,1
fernando de cordova hohenlohe,1
colin cowie,1
"junot, philippe",1
"experton, marie josenh",1
"lagardere, betty",1
madame lemercier,1
danielle sassoon,1
sylvia ephraim,1
nicolas landsman roos,1
eileen hickery,1
omar,1
marc bullough,1
mick lane,1
george kocher,1
geoffrey kent,1
karen lonsdale,1
chantelle,1
bear stearns,1
"graves, j.",1
edouard de rothschild,1
evelyn de rothschild,1
caroline roumugere,1
hon lucinda royle,1
natalie rucellial,1
della rudnick,1
michelle russel,1
marina & ian rust,1
tim rustov,1
rutalnd duke and duch-ess,1
eric & perri ruttenberg,1
mr nicholas ryder,1
amy sacco,1
jeffrey sachs,1
edmund saffra,1
wayne safro,1
wafic said,1
mr jamie sainsbury,1
eric salama,1
carella alun-jones,1
roberta amon,1
maurice amon,1
jeremy alun-jones,1
deborah alun-jones,1
lisa anastos,1
senor vicente alvarez,1
lulu anderson,1
robert appleby,1
alex appleby,1
mr phillippe amon,1
maite arango,1
finnerty,1
leroy,1
middendorf,1
murillo-bejerano,1
rendon galvis,1
"hurst, anne",1
"hurst, robert j.",1
hussain ayla,1
hussey simon,1
"hutley, henry",1
"hutley, lulu & edward",1
"hutley, mr & mrs",1
"hutton, lauren",1
hymas ivan,1
"ind, charlie",1
"inzerillo, gerard j.",1
"ireland, george",1
"irvine, eddie",1
isamel abdullahi,1
"isham, chris",1
"jackson, michael",1
"jacobson, julian",1
jagger mick,1
lanfgraf,1
ms. wolfe,1
nancy thomas,1
dulcena cur,1
frederick (fred) adler,1
cath adler,1
ali,1
bill archer,1
linda aslanian,1
jon bannenberg,1
ehud barak,1
tom barrack,1
bandar prince,1
wasser,1
patrick j smith,1
varecia roberts,1
ramon gonzalez,1
ruben martinez,1
mike semons,1
helley lewis,1
"larsen, janet",1
"laurie, jonathan",1
lawton paul,1
"lazar, christophe",1
"lazar, marie",1
"lavlada, laura d.b. de",1
"le bon, simon",1
"le bon, jasmine",1
"le fur, jean-yves",1
"le mara, willie",1
"lawford, christopher",1
"lawford, jean",1
"lea, piers",1
"leeds, jeffrey",1
"lefcourt, jerry",1
"lester, dominick",1
"levine, philip",1
"liman, doug",1
"lindeman-barnet, sloan",1
"lindeman-barnet, roger",1
"wyntik, wayne",1
"bard, dr. perry",1
"sternberg, esther dr",1
"tom, maggie",1
"victor, steve dr",1
"devito, dawn",1
"goldman, francis",1
"goldsmith, gerald",1
"gaje, christophe",1
"glick, howard",1
"gold, bob",1
"goodman, bob",1
"gray, vicki",1
"grixnove, svetlana",1
"guggenheim, eileen",1
harold mollin,1
"hashemi, jalila",1
"hedberg, gregory & margaret",1
"heil, paula",1
"hunter, joey",1
"indyke, darren k.",1
bobby c sternheim,1
sandy pittman,1
richard plepler,1
diane & denis plouvier,1
jeffrey podolsky,1
george polk,1
edoardo polli,1
emmanuelle polu,1
isabelle polu,1
clary polu,1
ivanisevic porrin,1
pliny porter,1
pascal porthault,1
emmanuelle porthault,1
remi & isabel porthault,1
mr & mrs porthault,1
meryl poster,1
muffie potter,1
electra prestin,1
catherine prevost,1
charles h. iii price,1
thomas pritzker,1
sonia pupolo,1
judy price,1
elroy princess,1
nick pritzker,1
rodney propp,1
laudomia pucci,1
marc puig,1
taria puig,1
david puttman,1
chris pymont,1
alan quartucci,1
topper quinn,1
allison nathan,1
kimberly espinoza,1
"farkas, andrew",1
"farkas, jonathan d.",1
"foster, taylor",1
"gany, eric",1
gelf-man murray,1
"gitman, kenneth",1
@sean,1
maxine tobias,1
bruce cope,1
dr. bruno,1
dr. dean calakos,1
dr. farkus,1
dr. ray,1
dr. kashel,1
dr. schimoni,1
dr. j r gaynor,1
dr. hirshfield,1
ishmail,1
susan kent,1
dr. michael krumholtz,1
dr. lee,1
dr. magnani,1
dr. j. meltzer,1
dr. bruce moskowitz,1
dr. birnbaum,1
dr. burman,1
"lindemann, adam & elizabeth",1
"lindemann, george (sr.) & freida",1
"lindsay, alex & jacyn",1
"lindsey, ludovic",1
lindsey blake,1
linley david,1
"liongos, babis",1
lister paul,1
livanos arrietta,1
lo cascio robert,1
"loeb, alex",1
lonsdale richard,1
"lorenzoti, eva vivre",1
"lorimer, john & lottie",1
louthan guy j.,1
"love, courtney",1
lowell ivana,1
loyd mark,1
"lucas, colin",1
mack carol & earl,1
"moseley, brian",1
"roberts, theresa",1
"romualdez, daniel",1
"sanchez, carlos",1
"eshed, elisa",1
evani duud efrat,1
gil avi,1
"gutman, arik",1
"neima, yakhof",1
"olmert, ehud",1
jeffrey (j),1
egbert,1
boule,1
altre,1
defendant noel,1
defendant thomas,1
jbo,1
jw,1
nrc thomas,1
qadriyyah hill-lora,1
m. dixon,1
maniktala,1
paxson,1
poindexter,1
safavian,1
sudikoff,1
trevino,1
"jagger, hatti",1
"jarecki, nancy",1
"jeffries, tim",1
"jameel, mohammad",1
"jarecki, niki-",1
johnson richard,1
nadine,1
"johnson, lucy",1
jones ann,1
mick,1
"josephson, barry",1
"karelia, kalliopi",1
michael rena,1
"kastner, ron",1
"katz, anton",1
robin plant,1
christian r everdell,1
rosenfield,1
upton,1
elizabeth saltzman,1
mia samuels,1
jon & corrie sandelmar,1
guy & fi sangster,1
mr ben sangster,1
julio mario santo domingo,1
mr & mrs m espirito santo,1
prince solman saud,1
randall scarbo,1
gianmarco schiatti,1
helen & tim schifter,1
simon & santa sebag montefiore,1
christine seilern,1
isabel de sejournet,1
benny shabtai,1
brenda shad,1
andre & angie shearer,1
chris and maura shore,1
bobby shriver,1
maria shriver,1
"arellano, victor",1
arion joaquin fernandez de,1
"arion, fernando",1
"armstrong, arthur & cathy",1
"aron, hervé & marine",1
"ash, lorinda",1
ashley & allegra hicks,1
"ashley, nick & ari",1
"assaf, charlotte & vittorio",1
"astaire, mr simon",1
"astor viscount, william",1
atkin helene,1
"atkin, mike & aml",1
aznar jose,1
"baddeley, jean",1
bahrke peter,1
baker danny,1
"bakhtiar, shariar",1
john keliv,1
gary kernev,1
rhonda king,1
dr. singleton,1
mrs. singleton,1
shelley ahoff,1
dick cowley,1
sam domb,1
gerena,1
lindemuth,1
longo,1
oruche,1
ozuna,1
"garnero, jr., mario b.",1
rob bourne,1
sharon hubyak,1
"alala, azzedine",1
"enstein, jeffrey",1
ms. pogarntz,1
"crabbe, sophie",1
"cudro, alistair",1
"curry, r. boykin",1
"cutter, amanda",1
branka christopher,1
"d'abo, henri",1
"dabbach, amr a.",1
"dahl, sophie",1
"darrin, drake",1
dartmouth william,1
davies jeff,1
"d'abo, mrs jennifer",1
"d'alessie, garman",1
"d'arenberg, prince pierre",1
d'uzes jacques de crussol,1
"davies, david",1
davis michael,1
"day, nick",1
"de andrade, marcelo",1
dana hammond,1
sharon handler,1
ernst hanover,1
chantal hanover,1
brook hanson,1
lord hanson,1
lady hanson,1
rob hanson,1
marie hapsburg,1
victoria harvey,1
isabelle harvie-watt,1
nick haslam,1
craig hatkoff,1
jane hatkoff,1
marc de hauteville,1
henry hay,1
patricia hay,1
raggie hayworth,1
clare hazell-jeagh,1
barry hearn,1
susan hearn,1
allison stern,1
leonard stracher,1
kate stracher,1
stuart sundlun,1
mr james sunley,1
amanda sunley,1
michael stevens,1
charlie stopford-sackville,1
harry sutherland,1
peter svenlinson,1
sophie swire,1
lucy ewen sykes,1
hugo swire,1
jenny swire,1
mark swire,1
paul taaffe,1
karim tabet,1
cristina tabet,1
taki,1
simon talbot williams,1
mr david tang,1
lucy wastnag,1
yariv zahoul,1
"yugoslavia, prince michel of",1
"zawauri, waleed",1
"ziikha, bettina",1
yates andrew,1
zecher blbi,1
julia walters,1
"zipp, brian",1
young toby,1
"yugoslavia, serge de",1
zeff mark,1
"younger, tracy",1
"lee, greg",1
zacks gordon,1
"dionne, ryan",1
yugoslavia dimitri,1
"zales, alexi",1
"zeiler, john",1
zangrillo paige,1
"zevi, dino",1
rosi,1
"geffert, scott",1
ms. roe,1
bright,1
cambindo-valencia,1
evans chris,1
evehart angie,1
faber david,1
faber sally,1
brook johnson,1
"faibairn, charlotte",1
hamish fraser,1
"fairfax, the hon rupert",1
fairweather natasha,1
"fairweather, ms catherine",1
"fairweather,ambassador",1
lady patrick,1
ma,1
"fakhre, armado",1
"fakhre, danny",1
"falletans, olivier de",1
"fall, meredith",1
"fallah, mrs",1
"fallah, ms christina",1
jon robe,1
"faulkner, terence",1
cornelia,1
"feeley, fiona",1
"fekkai, frederic",1
dave macmillan,1
bella macmillan,1
mr philip mallinckrodt,1
alessandro manfredini,1
ira c. magaziner,1
josh mailman,1
john manconi,1
eddie mangone,1
jennifer maquire,1
harry malek,1
didi malek,1
mandela malenga,1
mache malenga,1
eddie manners,1
giovanni mahler,1
sean mahoney,1
marjorie malina,1
shelly malkin,1
tony malkin,1
miss lucy manners,1
martin tim,1
debbie stewart,1
martine,1
o'neil nessa,1
oping,1
"outred, anthony",1
ray john,1
"coples, alan",1
henry kravls,1
robin leach,1
nick lease,1
cindy lopez (buklarewicz),1
melinda luftz,1
john welsh box,1
karen erdalko,1
c. thomas mcmillen,1
thomas c. mcmillen,1
louis albert de broglie,1
chris & alison brown,1
edgar bronfman jr.,1
james & lucinda bruce,1
tania bryer,1
christoper & amanda brooks,1
mr. jules burney,1
joan juliet buck,1
jimmy & jane buffet,1
miranda brooks,1
bartie bull,1
martin burtril,1
hamish and emma bullough,1
candice bushnell,1
oxenberg christina,1
marc yaggi,1
"paini, nicole",1
"palau, marcia",1
palmer tomkinson tara,1
"palumbo, mr. james",1
"palumbo, peter",1
"panah-izadi, nader",1
brigitte,1
"pank, ms victoria",1
alby carlo,1
parker jackie,1
parsons carolina,1
"paschen, elise",1
"pashcow, joel",1
pastrana andres,1
"patricof, alan",1
"paulson, john",1
"pashcow, stacey",1
gardi,1
"pavoncelli, cosima",1
"trump, robert & blaine",1
"tucker, chris",1
"turlington, christy",1
"turnbull, governor charles",1
"turner, jenny",1
"turner, miles creswell",1
"tyssen, (chessy) francesca",1
urbiola jorge,1
"vahabzadeh, iraj and linda",1
van hauen sophie,1
"van, william straubenzee",1
varsavsky martin,1
velasquez patricia,1
"verdin, julia",1
"verdin-mulot, annie & jp",1
"villani, carmine s.",1
"villeneuve, jacques",1
"vittadini, emanuele a.",1
"gertler, eric",1
"getty, pia and chris",1
"gibbs, emma",1
"gibson, caroline",1
"gillifilan, andrew",1
"gillford, lord & lady",1
"gillmour, andrew & emma",1
ginsberg gary,1
"gittis, howard",1
giussani luca,1
glanville mary,1
"glass, charlie",1
"glentworth, edmund & emily",1
"goess, pilar",1
"goldberg, ellen",1
"goldsmith, isabel",1
"golinkin, sandy",1
"gomez, thomas",1
patrick de baecque,1
jean & paulette dedieu,1
cass & ted derby earl /cntess,1
debbie dickenson,1
milly de cabrol,1
alen de cadenat,1
marc antoine and cath dietrich,1
luca del bono,1
paul & laura dietrich,1
hermine de clermont-tonnerre,1
ros & jonathan derby,1
anouckle de georgiou,1
adam defl,1
charlotte di vita,1
dina & fouard chartouni deluca,1
johnathan dimelby,1
claire,1
je claire hazel,1
imale,1
manly,1
ns. more,1
cecilia szalman,1
"ganero, mario sr",1
monaco,1
mr. jonathan mermagon,1
justin metcalf,1
melanie metcalf,1
jullan metcalf,1
julian metcalfe,1
melanie metcalfe,1
justin metcalfe,1
joane metcalfe,1
robin melz,1
tony meyer,1
fev micklethwait,1
john micklethwait,1
gianluca milani,1
george milford haven,1
clare milford haven,1
sarah milford haven,1
nicole miller,1
kim talpale miller,1
cheryl mills,1
carie minot,1
bell minot,1
george minot,1
susan minot,1
kevin mischer,1
daniela modaffari,1
cico moncada,1
appellant,1
douglas a schoettle,1
monty shadow,1
david shaeffer,1
richard snyder,1
laura yorke,1
melissa solomon,1
dottie sowell,1
warren specter,1
caroline stark,1
kim steel,1
andrew stein,1
ann stock,1
linda stone,1
lawrence s. stroll,1
ambassador wilson,1
sotomayor,1
"balazs, andro",1
bamford sir anthony and lady c,1
"bands, doug",1
baldwin ale,1
bamford george/alice,1
"bannister, clive",1
"banon, javier",1
"barham, nicholas & gretal",1
"barnes, peter",1
"barnett, craig",1
"bastone, hillary",1
batstone hillary,1
elizabeth b. prelogar,1
tim batstone,1
natasha benson,1
steven benson,1
bill berkman,1
debbie bismarck,1
bola von bismarck,1
lorenzo baumer,1
baron bentinck,1
tara bernard,1
vanessa von bismarck,1
lord beaumont,1
lady beaumont,1
nicolas berggruen,1
martyn birchall,1
robin birley,1
jean marc bisson,1
tamara beckwith,1
lisa belzberg,1
jean paul bjorlin,1
merlino,1
battle,1
thomas h. quinn,1
stan schaeffer,1
stuart pivar,1
lewis s ranieri,1
ed razek,1
dara preece,1
daniel reynolds,1
oliver dr. sacks,1
hawk sawyer,1
ted cruz,1
eaw,1
mr charlie & kit money kryle,1
cesar montemayor,1
riccardo monti,1
deborah moore,1
juliet & chris moore,1
mr geoffrey moore,1
stephen morris,1
nick & lucy morris,1
giai & averell mortimer,1
peter morton,1
robert morton,1
alan mruvka,1
donald munro,1
rupert murdoch,1
kate murray phillipson,1
mr & mrs murray philipson,1
tertious/cla murray threlpland,1
jean pierre murray,1
piette,1
rommy,1
rutigliano,1
mark villafana,1
pedro diniz,1
dale dlerassi,1
alex dolbey,1
suzie dolbey,1
diandra douglas,1
alegra donne,1
dori,1
dorrit,1
minnie driver,1
anthony v. dubb,1
peter dubbens,1
eli wiesel,1
glen dublin,1
jeremy drax,1
bernard dreesmann,1
louis dublin,1
tiffany dublin,1
judge sweeney,1
william gomme,1
emma gomme,1
jacob gordon,1
juliet gore,1
steve gottlieb,1
dimitri goulandris,1
lorenzo grabau,1
francoise graff,1
david granby,1
jacques grange,1
jamie grant,1
princess olga of greece,1
mc greece,1
pavlos greece,1
deborah green,1
jeremy green,1
judy green,1
geordie gregg,1
katherine gregg,1
natasha grenfell,1
ted griffen,1
nina griscom,1
pamela gross,1
jimmy finkelst,1
bernard b bock,1
theodoli catherine,1
"tholstrup, moegens",1
"tholstrup, paola",1
"thompson, barnaby",1
"tisch, david",1
"tisch, meryl and jimmy",1
"tish, anne & andrew",1
titopupolo sonia,1
"todhunter, emily olypitts",1
"toledo ignacio, alvarez de",1
"tollman, bea",1
"tollman, brett",1
"tollman, mr. & mrs.",1
"tollman, syrie & gavin",1
"tollman, wyne",1
"toub, veronica (busson)",1
treacy philip,1
trump blaine & robert,1
"trump, ivana",1
"trump, ivanka",1
arki busson,1
alain cadenet de,1
charlie butter,1
jason calacanis,1
terri button,1
robert byng,1
mario/arladne caiyo-platero,1
roddy cambell,1
alistar cambell,1
giancarlo camerana,1
cammy,1
naomi campbell,1
brooke & emilio campo del,1
andrew de candole,1
nicholas a c candy,1
nicky caledon,1
"pearson, hon charles",1
"pease, simon & clem",1
pedrini lorenzo,1
pedrini tito,1
"pekeler, marcus",1
"peltz, harlan",1
"perlman, ronald",1
"petangi, helius",1
"peters, john",1
"peterson, holly",1
"peterson, riki",1
pham linh-dan + andrew,1
"picasso, olivier & alice",1
picciotto michael,1
"pittman, bob & veronique",1
"pickering, jane & william (nic",1
"pignatelli, frederico",1
pigozzi jean,1
walter isaacson,1
randy james,1
myieng jampanol,1
gloria jarecki,1
henry dr. jarecki,1
pamela johanoff,1
lily johnson,1
elizabeth (libit) johnson,1
sen. john kerry,1
jack kessler,1
kristina kincald,1
iannielo,1
magali blachon,1
gary baura flowers,1
lynn & jojo fontanilla,1
steve gaston,1
tom/pat sawyers,1
"manners, tarssa",1
"manzano, jose luis",1
"manzano, aleiandra",1
"mappin, john",1
"margolis, eric",1
"marks, stephan",1
"marks, alisa",1
"marocco, manilo",1
"marocco, pia",1
marterler astrid,1
martins peter,1
"marzotto, matteo",1
"marsh, jeremy",1
"mason, christopher",1
massimo parisi,1
"mattsson, carolina",1
mavroleon caitlin,1
"mavroleon, basil",1
"mavroleon, catarina",1
mavroleon carlos,1
labonte,1
bordenkircher,1
john m. martel,1
vera m. scanlon,1
katielynn townsend,1
francesca piperato,1
andrew feldman,1
helena feltix,1
david & anne fell,1
leonardo & beatrice ferragamo,1
hugo ferranti,1
brian ferry,1
martin fiennes,1
ralph fiennes,1
suzzana fiennes,1
chuck fifer,1
christopher & charlotte figg,1
charles finch,1
howard finkelstein,1
princess firyal,1
dan fisher,1
alec thomas,1
adam a. richman,1
countess,1
nel coleman,1
t. husmann,1
boba mcintyre,1
samuel perkaus,1
mr. evandell,1
ms. mcginley,1
david williams-ellis,1
serena williams-ellis,1
tim windsor-taylor,1
helen windsor-taylor,1
andy wong,1
theodore wong,1
marq worcester,1
marc worcester,1
rebecca willls,1
steve winn,1
elizabeth winston,1
emily woods,1
carrie woods,1
jim wyatt,1
alex wilmot-sitwell,1
fi wilmot-sitwell,1
carter wilson,1
manfred windisch grazot,1
george wipple,1
carol wolper,1
trinny woodall,1
alexa woodward,1
shaun woodward,1
camilia woodward,1
steve wyatt,1
cate wyatt,1
mai yamani,1
nadler emmanuel,1
nagel adam,1
nagel william,1
"nardi, doit m jacope",1
nastasse ille,1
"negrete, jelitza",1
nell andrew,1
"nell, andrew",1
"newman, hetty",1
"newman, mr & mrs john",1
"ng, ellye",1
"niarchos, constantine",1
"nickerson, william & jayne",1
"nishio, yoshi",1
noel allx,1
"noel, hon thomas",1
"noel, vanessa",1
"noha, cecilia",1
"noonan, tim",1
"nuttall, harry",1
kristen caf,1
timothy w. (tim) newcombe,1
bob oatman,1
selma querlani,1
michael ovitz,1
mark packer,1
lisa phillips,1
larry newman,1
cristalle wasche,1
jim whitehead,1
herb wolman,1
katelynn townsend,1
manoli mavroleon,1
mr bluey mavroleon,1
nicholas & barbara mavroleon,1
ms anne maxwell & laurens,1
christine maxwell malina,1
debbie maxwell,1
dr & mrs phillip maxwell,1
e maxwell,1
ian & tara maxwell,1
kevin and pandora maxwell,1
sure chief,1
teman,1
tracy mattice,1
geoffrey s berman,1
andrew wa,1
ziglar,1
barbara blaine,1
david blaine,1
tony blair,1
mike bloomberg,1
blogs blacker,1
jill blacker,1
serena boardman,1
johnie boden,1
sophie boden,1
daniel bodini,1
edward de boisgelin,1
pierre de boisquilbert,1
anabelle bond,1
andrea bonomi,1
giota bonomi,1
nicholas bookis,1
mark booth,1
lauren booth,1
christina a. boothe,1
paulo borgese,1
michael borrico,1
williamson,1
eric j. sarraga,1
aldridge,1
peter dubin,1
duchess of york,1
duke of york,1
francesco ducrey-giordano,1
paul duesing,1
miranda dunbar johnson,1
steph dunbar johnson,1
griffin dunne,1
philip dunne,1
dominice dunne,1
anh dunna,1
luigi durso,1
john duthie,1
charlotte duthie,1
umar dzhabrailou,1
bernie ecclestone,1
paul eckon,1
lucinda edsel,1
mr. everell,1
flick mook,1
"foman, bobby & jeanette",1
forbes zandy,1
"forbes, chris (kip) astrid",1
"forbes, steve & sabine",1
"ford, katie",1
"ford, tom & richard buckley",1
"forman, john",1
forman johnathan,1
"formby, nicola",1
"forte, rocco & aliai",1
fox andrew,1
"fox, william & lucinda",1
"fraisser, violet",1
"francesco de la garda, mr",1
"francey, kathy",1
"fraysse, isabel",1
freud mathew,1
mencken,1
lucy wastnage,1
fellcity waterman,1
victoria watson,1
veronica webb,1
lord weidenfeld,1
jason weimberg,1
bob weinstein,1
harriet weintraub,1
ruth dr. westheimer,1
mrs lally weymouth,1
white somers,1
white victoria,1
michael white,1
victoria white o'gara,1
alan whitworth,1
wendy whitworth,1
jim wiat,1
anouska wienberg,1
mark wienberg,1
dr eli wiesel,1
marion wiesel,1
liionel wigram,1
lydia wigram,1
lionel wigram,1
alexandra williams,1
nick williams,1
carol ganl,1
"weinstein, j.",1
"vittorelli, dott marco",1
"vivian smith, charles",1
"von habsburg, francesca",1
vittoz martine,1
"von hase, bettina",1
vittoz patrick,1
"wachtmeister, eric",1
vittoz yvonnic,1
wagner david,1
"wainright, rupert",1
"waksal, sam",1
"wallace, mike",1
"walters, barbara",1
"ward, kevin",1
"warner, ozzie",1
"warnford-davis, ms mandy",1
"wasserman, casey & laura",1
wassong david,1
brazeail,1
pbpd,1
spencer r. horn,1
mr david frost,1
lady carina frost,1
nina furstenburg buravelli,1
mariella frostrup,1
edwina fyson,1
cosmo fry,1
amanda fry,1
teresa fulhurst,1
heinrich furstenberg,1
milana furstenberg,1
alex furstenbug,1
alexandra v. furstenbug,1
esteban juan ganoza,1
jeremy garson,1
nacho gaspar,1
harriett gaul,1
ludmila garcia,1
tim geary,1
adam gardner,1
michael garland,1
jack gelardin,1
catriona german-ribon,1
lucilla,1
ms. sternhain,1
"edwards, andrew & tracy",1
"elian, johnathan",1
"elias, brian",1
"ellasch, johan & amanda",1
"elingworth, charlie & amanda",1
ellenbogen eric,1
"ellingworth, mr & mrs",1
"elliot, ben",1
"elliot, gail & joe coffey",1
"ellison, mandy & ralph",1
"elwes, anabel",1
"epstein, ed",1
erba noona,1
"espirito santo, manuel and ros",1
"estlin, jean-marc",1
"estrada juffali, chris-tina",1
lawlor,1
riggi,1
stolt-nielsen,1
woltmann,1
"mitrovich, andrea",1
"rueda, joseph & florena",1
joseph & florina rueda,1
"kellen, sarah",1
"kelly, brian",1
cramer,1
eppolito,1
larkin,1
starks,1
tim newcombe,1
cheryl palmer,1
joe degeno,1
christophe,1
mr. barak,1
ehud forman,1
eve andersson,1
david cook,1
"bossom, hon bruce",1
penelope,1
bracchetti peretti ferdinando,1
"bram, ben",1
"branson, richard",1
boucherie sylvianne,1
"bracchetti, hugo",1
brand tony,1
"briatore, flavio",1
"bourke, rick",1
"braine, caroline",1
brandolini d'adda,1
"bowles, hamish",1
"braine, ms katie",1
serge,1
brandolini nuno,1
muriel,1
"brandt, peter",1
"broadhurst, julia",1
jury,1
kargh casey,1
ace,1
lambert zhang,1
andrew j. ceresney,1
nicole l. saltzman,1
joel pasithay,1
"maxwell, marcella",1
"mayhew, mr john",1
"mazandi, yassi",1
"mazzoti, mateo",1
mc & allanor,1
mcalpine alistair & romilly,1
"mcdonald, john",1
"mcfarland, anthony",1
"mckenzie, raymond",1
"mclancy, cas",1
"mclane, shannon",1
mcleod jock & pru,1
"meister, todd",1
"menzies, kate",1
"merison, guy & caroline",1
"merivale-austen, bruce",1
"mendoza, neil",1
larry toblason,1
bob trossie,1
mary trust,1
peg upland,1
tony vajukas,1
linda wachner,1
francis wahl,1
jerry merrit,1
mark middleton,1
lesly wexner,1
o’connor,1
"o'donnell, mr carletto",1
"otsen, camille",1
"oppenheim, ms marella",1
"oswald, william & arabella",1
"o'neill, louis",1
"omar, ralph",1
"orchard (vaughn-edward), katie",1
"oates, simon",1
ong bs & christina,1
"oates, tom",1
ong melissa,1
"ojora, yinka",1
"oppenheim, mr laurie",1
"orlando, fabrice",1
osbourne rachel,1
"otto, beo & edvige",1
"owen edmunds, tom & kate",1
jane rosenberg,1
juliano,1
nicolas tyler landsman roos,1
rebekah allen donaleski,1
jessica rose lonergan,1
hunter's lessee,1
georgette klinger,1
le madre,1
nicholas roos,1
eric sagara,1
kopstein,1
"cox, madison",1
"hoffman, paul",1
andrew rohrabch,1
maurene ryan coney,1
caprice,1
"caruth, sophie",1
castaneda debbie,1
"cecil, dr. mark",1
carello sara massimo,1
"carvalho, michel & charlene",1
"cator, alby and victoria",1
"caray, william & carina",1
"casagrande, guido",1
"cerina, fabrizio",1
carlbom camila,1
case simon,1
"cecil stephenson, aurelia",1
"carrera, barbara",1
"case, george & pauline",1
carutti gian carlo,1
osterbaan,1
david relga,1
joe pagands,1
myra duran,1
jonathan pamd,1
lyopa,1
"hefner iii, bob",1
heiden lisa,1
"helmeken, mr freddie",1
helen and tim shifter,1
"helvin, marie",1
"herbert, jason",1
"hermes, olga & olaf",1
"herrero, juan & helen",1
"hersov, robert & kim",1
"heseltine, mr & mrs",1
"heseltine, ms annabel",1
peter butler,1
"heseltine, rupert",1
david flintwood,1
"hill, anthony",1
"himmelstein, howard",1
"hirsch, jeff",1
"hissom, robert & andrea",1
"hoffman, dustin",1
"hoffman, hetty",1
alexander a. acosta,1
esperanza sobrino,1
andrew solomon,1
peter soros,1
jaime & marina de soto,1
hamilton south,1
carlos souza,1
hugo squire,1
edward st. bris,1
caroline stanburry,1
koo stark,1
thomas starzewski,1
chris steenkamp,1
jeffrey steiner,1
chris & nina steinkampf,1
andrew stengel,1
rick & mary stengel,1
african,1
"rachline, nicholas",1
radziwill carole,1
"rankin, mr gavin",1
rappaport don,1
rattazzi isabel,1
"raynes, patty",1
"reardan, kate",1
reyna michael,1
"reynal, miguel",1
"reza, ali",1
"ritblat, nick rebecca willis",1
ritson thomas rupert,1
rivers joan,1
"robert, joseph & jill",1
roberts deb,1
"robiant, mr edmondo di maya",1
robinski kasia/pod,1
"robinson, jo & lisa shields",1
rocksavage david,1
jimmy cavne,1
daniel chou,1
silas delson,1
george derby,1
catherine dershowitz,1
alan engle,1
don edelman,1
gerald dr. epstein,1
glen cuba,1
gloria,1
jok dan dvan,1
jim elliot,1
jem mandy gibson,1
jimmy whatsis,1
marilyn whetst,1
doug schottle,1
ewa,1
claudia hartz,1
alan dashowski,1
manoy d,1
winston pashkow,1
whitney sherry,1
ljl,1
ellis freedman,1
"grumbridge, malcolm",1
"lemainc, pierre",1
marden scott,1
sarah nurse,1
"miranda, bob",1
moss brian,1
carolin coleman,1
"nessom, mauri",1
"oliver, keith",1
paul cox,1
kevin oliver,1
hakan medwell,1
"pisar, samuel",1
"posen, felix",1
shaw derek,1
shelly aboff,1
tony busby,1
"travis, paul",1
"tuttle, jim",1
"white, justin",1
"pierre, jerome",1
mark katzenellenbogen,1
sarah keeling,1
rory kegan,1
amanda keidan,1
jon keidan,1
george kelier,1
caroline kellett fraysse,1
leo-arthur kelmenson,1
gail kelmenson,1
andrew kennedy cuomo,1
kerry kennedy cuomo,1
ted kennedy jr.,1
ethel kennedy,1
jo kennedy,1
edward kennedy,1
bobby kennedy,1
mary kennedy,1
sol kersner,1
antoine khayat,1
jana khayat,1
george khayat,1
jemma kidd,1
abby king,1
bobbi c sterheim,1
nicolas t. roos,1
william h. pauly,1
barcelo,1
cia,1
klamath,1
sears,1
standefer,1
kathleen hawks sawyer,1
kimberley espinosa,1
tovah noel,1
alison julie nathan,1
kirwin taylor,1
"koch, david",1
"kudrow, alistar",1
"lambert, david",1
"kirwin taylor, peter",1
kohl astrid,1
lal dalamal,1
"lambert, edward",1
"kissinger, dr. henry a",1
kotick rohan,1
"kotze, alex von",1
"lalaunis, demetra",1
"lang, caroline",1
"klee, rupert",1
charlotte,1
"kravetz, anna",1
"lambert, christopher",1
lange dieter,1
klesch johannes,1
krooth caryn,1
lambos duff,1
bill maronet,1
mike pazulo,1
larry mogens,1
alan stonek,1
john bodie,1
maslin,1
anthony barrett,1
jonathan barrett,1
jerry beck,1
albert beramou,1
sophie birdle-hakim,1
nadia blondin,1
coco brown,1
david borden,1
kelly boyino,1
swed wagner,1
karl,1
charlie wagner,1
bob culum,1
caver,1
"ready, bill",1
"rolfe, gail",1
"ronson, lisa",1
"ronson, mr & mrs gerald",1
"rose charlie & burder, amanda",1
"rosen, andrew",1
"rosen, denis & sylvia",1
"rosencrantz, ms claudia",1
rosenfeld donald,1
rose wendy & jo,1
"rosenstein, rob",1
"rosenthal, jane",1
"roth, peter thomas & noreen",1
rothchild jessica,1
"rothchild, hannah",1
"rothenburg, rich",1
"rotherwick, tania & robin",1
shuster susie,1
"siegal, peggy",1
"siegel, william (bill)",1
"sleghart, william",1
silver ron,1
"silverman, nancy & henry",1
"simon, bran",1
"simpson (caruth), sophie",1
"sindi, rena & sami",1
slayton bobby,1
smith osborne,1
"smith peterson, noona",1
"smith, james",1
"snyder, maria",1
"soames, rupert & milly",1
l. hand,1
salemah,1
jessica hoffman,1
ben holland-martin,1
mr & mrs james hollond,1
adam & tierney horne,1
nina hovenian,1
shaunt hovanian,1
howard j. kaplan,1
lucy hawgego (johnson),1
peter hrst,1
laura hunt,1
kit & georgina hunter gordon,1
carlyn & laurie hunter,1
jon & mary kaye huntsman,1
nick & kim hurd,1
liz hurley,1
lanna behlolovich,1
vikram chatwal,1
gianfranco cicogna,1
guiseppi cipriani,1
lucy clive,1
john chenevix-trench,1
lucy chenevix-trench,1
marina cicogna,1
pietro cicognani,1
alejandra cicognani,1
gustavo cisneros,1
patty cisneros,1
amadeo claverino,1
larry coben,1
gianluca cicogna,1
isabel claverino,1
john alice fay cleese,1
ms mandy cochrane,1
gecondda cicogna,1
linska clerach,1
graham clempson,1
emma clempson,1
dalit cohen,1
difaux,1
miele,1
ott cynthia,1
claude,1
"pinto, alberto",1
"vieira cotrin, valdson",1
john wiley,1
san pedro,1
jessica r. lonergan,1
nicolas t. landsman-roos,1
eric sagarra,1
andrew ahrbach,1
andrew walker,1
mead,1
samra,1
messego,1
abby,1
"abousleiman, joanna",1
aldridge saffron,1
"adam, nick",1
alexander pam,1
agag alejandro,1
algranti giacomo,1
"agnew, marie claire & john",1
allan paul,1
alal azzedine,1
"allan, nick & sarah",1
"albermarle, rufus & sally",1
"althorp, charlie",1
p.b.,1
danielle r. sassoon,1
nfrodo,1
kelsey,1
kaseeyy,1
paul tharp,1
lic nadelson,1
-xxx-,1
dr board,1
marcelo,1
patricia velesquez,1
kelly barrios,1
chynnie,1
jonathan falder,1
adriana m.,1
david groot,1
laiya donfry,1
mr. dershorwitz,1
yordan,1
adrienne,1
stopak,1
derek,1
ed mollicone,1
george mertens,1
jorge mertons,1
miguel,1
sergiu,1
m. j e,1
m.y. goldsmith,1
mr. j f,1
m.s svetlana,1
mr. j e,1
m. k. s wexno,1
houjo,1
joseph receray,1
david & andrew,1
mike muthfuckin shelly,1
kathryn a. meyers,1
keith j. brett,1
krister ahlstrom,1
madelaine k. albright,1
paul arthur allaire,1
graham allison,1
edmond alphandery,1
dwayne o. andreas,1
stelios argyros,1
michael armacost,1
jarzy baczynsk,1
euan baird,1
piero bassetti,1
riley p. bechtel,1
erik belfrage,1
c. fred bergsten,1
susan v. berresford,1
carl bildt,1
lord conrad m. black,1
geoffrey t. boisi,1
ana patricia botin,1
jacques bougie,1
jorge braga de macedo,1
lord brittan,1
harold brown,1
john h. bryan,1
zbigniew brzezinski,1
robin buchanan,1
james e. burke,1
sven burmester,1
george herbert walker bush,1
d. wayne calloway,1
kurt campbell,1
frank c. carlucci,1
herve de carmoy,1
gerhard casper,1
deb,1
j.c.,1
toni-*semplicem bella*~,1
mary jane,1
chong,1
tic,1
ir eptin,1
ron barton,1
je eptin,1
evetge,1
te,1
donna taravella,1
ms. b. maxwell,1
j coch,1
technik,1
jo jo,1
india,1
abcgoosman,1
robbie,1
salna,1
serena,1
dr ladenson,1
dr. moushwits,1
daliah h weiss,1
mimi,1
vanessa halley,1
bob meister,1
magic david,1
sun cant shine all the time,1
a.d.d,1
l9 mixwell,1
l9rry,1
rob epstein,1
eric dubin,1
egan,1
dan klores,1
mr bush,1
cecile,1
larry hirosaki,1
mr. johanson,1
mirana,1
ja,1
ballizar,1
dat freakin' rican,1
surge,1
51<y1&r,1
jana eaton,1
jeff schultz,1
darleen gadre,1
mr j epstein,1
murray gellmann,1
on,1
larry wilson,1
sarah kelson,1
andrea munika,1
soros,1
wasserstein,1
kravis,1
weill,1
banu,1
carl,1
tanmy,1
alexandra,1
mini,1
jenn a,1
nikkl i,1
george dowsen,1
dana burn,1
alex needs that hair from zoro,1
alanaff,1
terry goddard,1
midrolet,1
john brockman,1
y. l.,1
dan burns,1
ms. rhidian non,1
mr. leslie waxner,1
mr. lew rone krauss,1
mr. pinto,1
daniele,1
mr. doug dad,1
mr. joan luc,1
george johnson,1
okarechi,1
nutty,1
jeffree,1
christiane,1
om,1
teresa,1
olizy,1
chantx,1
perenchio,1
debora paula,1
cuilla,1
okr,1
jim nottoff,1
lil t,1
lil ray,1
meyers,1
j.f,1
ania,1
morton zuckermann,1
rz,1
r,1
dan szarzenski,1
curtis,1
capt,1
pentek,1
joe di giovanni,1
frank jennes,1
dan tischen,1
larry goldsmith,1
judith f. censor,1
jon red,1
nim,1
ortell,1
ortiz,1
theodore c. leopold,1
guy frontin,1
bridget bentz,1
amy hanaway,1
melanie mena,1
randy dowin,1
jane-luc,1
ghislaine maxwll,1
willliam tucker,1
lance,1
takingbarb1,1
mort beckerman,1
clea,1
ms a. maxwell,1
"wyatt, teresa",1
jetticy,1
melissa munoz,1
b hammond,1
jooma,1
vaea,1
laurent,1
nicoles,1
jean dubuffet,1
eduardo teodoren,1
tatiana ruiz,1
nico,1
manolr,1
netz16,1
mr. jean-luc,1
m.j.e,1
m. j.e.,1
ethan britney,1
lee radziwill,1
jim kaufman,1
laura codman,1
ogden codman,1
edith wharton,1
ace higgins calero,1
nudelson,1
elissa haines,1
leon luc,1
jeanie,1
alvina,1
jeanine,1
mrs jeracky,1
laiya doney,1
sariettoria,1
wendy desmaris,1
casssita,1
sexy girl,1
stupid,1
v:,1
iliian,1
ted myster,1
pago,1
howard stern,1
steve fishman,1
ryan lizza,1
adam sternbergh,1
mel brooks,1
joao,1
mr qen,1
joanne s,1
evg,1
savanna,1
niciz,1
menuglz,1
s. stephanic burns,1
n. murray gell mann,1
sa mighdolls,1
ronnie lomez,1
hali,1
deborah dale pucillo,1
lawrence summers,1
tim o'meilia,1
michaelaine,1
derren,1
"""murphy""",1
tola,1
berbara,1
m s. necole hesse,1
amy brise,1
mr. maywell,1
polina,1
gj,1
wendy desmarais,1
lana belohloavek,1
masselli,1
shergan,1
slatter,1
dr mark epstein,1
jean lee,1
jerry cohen,1
david goldsmith,1
l.graham,1
jess stoly,1
jackie depaula,1
vanessa modely,1
hadoon,1
andrgana mucinska,1
lutz,1
paul wolfowitz,1
richard pearle,1
president bush,1
phillip pugh/jacoll,1
sharon j. bock,1
boner,1
erica,1
helly,1
ms. g,1
dr.zen,1
de nitt,1
joseph e. recary,1
banasiak,1
b.j. hammond,1
villafona,1
lil green men,1
alan stopek,1
janet,1
alan bontz,1
manole,1
caccla,1
baibylana,1
sherilyn,1
brit-t,1
chae chae,1
tp;amp;hearts;,1
wake up th..,1
encyclopedia,1
my name is..,1
super rad ..,1
girl from ..,1
another da..,1
someday..i..,1
the fight ..,1
christina.,1
be quiet a..,1
oh sammy-p..,1
charlaaayy,1
dat freaki..,1
fixious,1
miss mary,1
chicacherr..,1
l language barrie,1
maer roshan,1
dianne cook,1
dr. nagrani,1
louella,1
stislaine maxwell,1
sarah keller,1
l0veable,1
d0r1kk,1
"sean ""puffy"" combs",1
heath ledger,1
mike haleyos,1
peggy siged,1
y=ut,1
arthur liu,1
cassie,1
naoia marcinkova,1
gov dowsey,1
debbie ameritex,1
adrina,1
dr,1
garren,1
lizz,1
hantz,1
jean wlc,1
mrs. wexler,1
cal h,1
adriana marcinkova,1
jeffry olson,1
mr ern,1
jenny c,1
mr eastin,1
condy andriano,1
parver,1
larry (pilot),1
"orebero, laura",1
jeffrcy,1
hassan khan,1
joanne s.,1
sir martin sorrell,1
ronald d. southern,1
myles staunton,1
david stockman,1
peter straarup,1
barry f. sullivan,1
peter sutherland,1
tsuyoshi takagi,1
akihiko tanaka,1
naoki tanaka,1
luis tellez,1
john thain,1
jacques thierry,1
g. richard thoman,1
lester c. throw,1
niels thygesen,1
harri tiido,1
loukas tsoukalis,1
wilson h. taylor,1
laura d'andrea tyson,1
laszlo urban,1
cyrus r. vance,1
mario vargas llosa,1
george vassiliou,1
franco venturini,1
friedrich verzetnitsch,1
sarasin viraphol,1
paul a. volcker,1
marko voljc,1
joris voorhoeve,1
panagis vourloumis,1
adrianna mucinska,1
marc stal,1
linda louis,1
mercedes deforio,1
isbyar benjamin skinner,1
nicolas clements,1
erica anderson,1
tartum,1
shana,1
dave bois,1
ace hernandez garcia,1
sat kirkpatrick,1
andrew stewart,1
krauel,1
guttershark!,1
christiana orpiano,1
voronica,1
sm,1
yea....whateva....,1
slightly steph,1
judith,1
kathryn,1
kowalski,1
kurkendall,1
lavelle,1
mellisa hunes,1
lauren strohl,1
martin norat,1
haley robinson,1
sara keller,1
j. e ecs,1
jim daly,1
shayna casperson,1
orpiano,1
jessica simpson,1
hilary duff,1
britney spears,1
usher,1
d. wurcel,1
magruder,1
my aunt,1
my father,1
sandman,1
drodrigueza,1
christina tepee,1
katherine fernandez rundle,1
rick lincoln,1
peter elwell,1
h.c. clark ii,1
david kennedy,1
b. harrison,1
shauna,1
miss sarah,1
miss dawn,1
greta,1
fricke,1
janusz kanacek,1
daddy's lil' girl,1
harry potter,1
claudus mctavern,1
wendy,1
mr. j.,1
darvon,1
court wilde,1
r. cecily,1
sgt k burfield,1
vic nicholas calso,1
neumann,1
dana barnes,1
nzelig,1
lesley waxno,1
harry dollar,1
s. chori,1
kerry connolly,1
dana buraws,1
hw handy,1
g. fronstin,1
chris t. lucas,1
dana lane,1
george f baker,1
stanley fischer,1
george m. c. fisher,1
richard b. fisher,1
richard w. fisher,1
jorgen fitschen,1
thomas s. foley,1
l. yves fortier,1
paolo fresco,1
stephen friedman,1
michael fuchs,1
hiroaki fujii,1
shinji fukukawa,1
gabriele galatardi di genola,1
richard n. gardner,1
lord gareth-jones,1
leslie h. geib,1
john a. georges,1
david r. gergen,1
"louis v. gerstner, jr.",1
lord gilbert,1
frene ginwala,1
joseph t. gorman,1
allan e. gotlieb,1
william c. graham,1
"william h. gray, iii",1
jeffrey w. greenberg,1
maurice r. greenberg,1
general lord guthrie,1
toyoo gyohten,1
robert d. haas,1
uwe haasen,1
carl hahn,1
sirkka hämäläinen,1
lee h. hamilton,1
stuart harris,1
william a. haseltine,1
yea...whateva......,1
danna,1
she,1
jewleigh,1
judie,1
victor ferris,1
lois kennoy,1
jeffrey f. einstein,1
lorraine kraus,1
tatia,1
hadley,1
chief valdwon cotrin,1
tatiana kateju,1
sabrina,1
linda heilmachever,1
swiss,1
marvin davidson,1
alvin einbender,1
luba sunday,1
kurt,1
matt zelek,1
jge,1
jef,1
jeff staley,1
sdetlana,1
courtney,1
william kelly,1
leighton chandler,1
george dobson,1
leighran chandler,1
dmitch,1
bobert,1
toquintana,1
shantz,1
s,1
m. je,1
cachi,1
telki-2,1
n eaton,1
"altmar0, nickie a.",1
j.h.,1
james staley,1
sophia staley,1
alexa staley,1
ariana,1
dalance,1
my.f,1
u.n.f.,1
eaton,1
suzanne eaton,1
mr. j. e,1
j. e,1
jess stelcy,1
conchitta sarnoff,1
tyrone,1
barb,1
"bryan, zackery",1
katle,1
lubee,1
reiner,1
anisa,1
alh,1
abe gosman,1
mr. dobson,1
paula heil,1
girl from ipameta,1
frank mccloud,1
tom gluffrida,1
barry sifdiik,1
elisa cramer,1
bruce e. reinhart,1
douglas m. mcintosh,1
jason a. mcgrath,1
robert critton,1
j c,1
f m h,1
tamica,1
barry gross,1
mat,1
detective joe recarey,1
lanna belovia,1
mr goldsmith,1
lary,1
team lee,1
tom vrastiak,1
thomas vrastiek,1
h. epstein,1
fuitmana,1
margie l,1
exline,1
jm. epstein,1
jer,1
t,1
maik saks,1
vanessa moody,1
nichole,1
domingo f. cavallo,1
john h. chafee,1
morris chang,1
richard b. cheney,1
william jefferson clinton,1
cho suck-rai,1
marshall a. cohen,1
"william t. coleman, jr.",1
william t. coleman iii,1
timothy c. collins,1
richard conroy,1
richard n. cooper,1
e. gerald corrigan,1
alain cotta,1
michael j critelli,1
lester crystal,1
gerald l. curtis,1
kenneth dam,1
lynn e. davis,1
baron paul de keersmacker,1
lodewijck j.r. de vink,1
roberto f. de ocampo,1
andre' desmarais,1
john m. deutch,1
vladimir dlouhy,1
peter c. dobell,1
wendy k. dobson,1
husnu dogan,1
jessica p. einhorn,1
hrh prince el hassan bin talal,1
bill emmott,1
roger a. enrico,1
robert f. erbur,1
william t. esrey,1
dianne feinstein,1
martin s. feldstein,1
y,1
dr. j. epstein,1
jomar,1
dana bunes,1
andrew deos,1
raymond j. macdonald,1
fulias,1
courtney w,1
rhianon,1
rick heers,1
zachary bryan,1
angelic one,1
jean le,1
cacha,1
mike o'neil,1
michael o'neill,1
just remem..,1
tababooya,1
dr. jack s..,1
mr. johans..,1
dorothy ma..,1
ugly ken h..,1
beef knuck.,1
yippydooda,1
as autumn ..,1
hank china..,1
simply com..,1
the bastar.,1
kur..,1
5]<y1£r,1
george dawson,1
bob harrison,1
jill reiter,1
natalia marcinkova,1
john sykes,1
aleksandra,1
mike pezzulo,1
jonitha mackenzie,1
tones,1
nicholas the damned,1
nicole radabaugh,1
ivan robles,1
josin,1
eduardo,1
tatayana,1
e,1
dr mr. kreuss,1
leopold,1
easter saffrey,1
shayna,1
sorula,1
ethan brimley,1
ronnica limax,1
ispyar leslie jamin skiller,1
amayz,1
mel-y ssa,1
davise,1
larry lisoski,1
kim-lee,1
pete rathgeb,1
biggin,1
patricy,1
joanna s.,1
alyssa r-,1
robert d. putnam,1
franklin d. raines,1
charles b. rangel,1
lee r. raymond,1
paul revay,1
gunter rexrodt,1
hartley richardson,1
rozanne l. ridgeway,1
charles s. robb,1
gianfelice rocca,1
john d. rockefeller iv,1
sergio romano,1
"william v. roth, jr.",1
david m. rubenstein,1
luis rubio,1
william d. ruckershaus,1
h. onno ruding,1
donald h. rumsfeld,1
arthur f. ryan,1
rusdu saracoglu,1
silvio scaglia,1
henry b. schacht,1
jorgen schleimann,1
guido schmidt-chiari,1
kurt l. schmoke,1
pedro schwartz,1
prince karel of schwarzenb,1
william scranton,1
raymond c. h. seitz,1
maurizio sell,1
jaime serra,1
roberto egydio setuba,1
donna shalala,1
albert shanker,1
george p. shultz,1
c. j. silas,1
stefano silvestri,1
lord simon of highbury,1
gordon smith,1
anthony m. solomon,1
r.w. sonnenfeldt,1
kirkwell,1
mr. potts,1
mk kirkwell,1
mike kirkwell,1
kowalstal,1
herbert glass,1
howard siira,1
mary siira,1
areana masirovska,1
george dowson,1
lee la'mont,1
dorschel,1
georgeson,1
jeffrysson,1
goldsmith,1
goldmee,1
mr pritzer,1
jeff schaniz,1
j.h.study,1
mrs. r. maxwell,1
e.mi,1
ryan ortell,1
bill hamm,1
denis m. murphy,1
joy leftkowitz,1
uglyharts,1
jay wiseman,1
guy baldwin,1
christina abernathy,1
g. m.,1
kitty,1
amy goldsmith,1
vertice osman,1
m. monschants,1
tjc,1
ye,1
sueqlana,1
carol jones,1
atterbury,1
buca,1
beppo,1
roger rowen,1
jen,1
ben,1
ms. haxwolf,1
tom glufrrida,1
larry sidtik,1
"m-e-g ""meg""",1
simon & schuster,1
herbert haus,1
tia,1
joanne,1
asha j.e.,1
nice heana,1
.mary.,1
jose,1
m.j. epstein,1
alisia,1
mark!,1
donnie,1
ronnie lomax,1
veronica montez,1
j d. coleman,1
jackin martin,1
leticia dunn,1
wilder,1
don,1
shelley,1
susanne,1
cece wang,1
vera,1
mohan murjani,1
wendy belzberg,1
alicia ridentova,1
bruce houston,1
melissa hancs,1
larry visocki,1
jeffrey barton,1
elmer c. gudger,1
michele d. pagan,1
brooksta,1
jose m. abejon,1
cicilia,1
lelie,1
l tatum,1
brittny,1
darhana,1
brittney beal,1
td,1
asa belohlavic,1
atty guy fronstin,1
atty alan dershowitz,1
m. judelson,1
elissa haney,1
shawn adison,1
dominique,1
zevic,1
the game,1
brigitte bardot,1
ashley capps,1
svedlak,1
micke l,1
halina,1
ava lania,1
steve burns,1
sexa,1
micie,1
lawrence kreuss,1
lawrence krauel,1
rushia,1
judge mcsorely,1
joseph rueda,1
florena rueda,1
luciano,1
rushit metlawa,1
bill peadon,1
nicole hessey,1
cherie lynch,1
larry visosky,1
nyleen jampani,1
nyleen,1
carlos sanchez,1
john schantz,1
peter beck,1
nadia marcinkowski,1
amya,1
copra hold,1
on lee,1
larry niroshi,1
gary roxburgh,1
det. captain gudger,1
alana,1
drzen,1
margedar defor,1
howard dezso,1
breston77,1
marty,1
ellen m. finly,1
rob h. matheson,1
oni,1
n,1
fe,1
nesbitt kurkendall,1
tim slater,1
junior ortiz,1
lady,1
edmondson,1
frankie,1
elena,1
gary nikolits,1
dairen,1
reyan,1
mr. copentield,1
michael janin,1
carmen sloan,1
capt. fricke,1
johanna fjoberg,1
chris condom,1
joana,1
veltria oliver,1
sharon bock,1
yori,1
juggal0freak,1
faith,1
ann hailey,1
daron,1
gerald,1
janna belovek,1
sarahin,1
schandler,1
raghun,1
sarahit,1
ms havitil,1
jeffie cecil,1
jeff holman,1
eri goldsmith,1
gr,1
"recarey, joseph a.",1
george baldsmith,1
fuck haterz la,1
wills,1
alina raytberg,1
jane hertzko,1
angela graf,1
mr. eckler,1
mr eckler,1
mr. weber,1
haley robison,1
count marice lippens,1
winston lord,1
e. peter lougheed,1
cees maas,1
ahmad syafill maarif,1
h. harrison mccain,1
"hugh l. mccoll, jr.",1
william j. mcdonough,1
whitney macmillan,1
robert s. mcnamara,1
antonio mader,1
jessica t. mathews,1
abel matutes,1
francis maud,1
sir deryck c. maughan,1
peter mitterbauer,1
kiichi miyazawa,1
thierry de montbrial,1
sir mark moody-stuart,1
jiro murase,1
yuang ming,1
mario monti,1
yoshiji nogami,1
lucio a. noto,1
"joseph s. nye, jr.",1
shijuro ogata,1
michel oksenberg,1
andrzej olechowski,1
michael o'neil,1
lucas papademos,1
schelto patijn,1
james a. pattison,1
william perry,1
michael e. j. phelps,1
colin l. powell,1
alessandro profumo,1
shasd,1
joseph recarkey,1
preston highdoll,1
tatyana,1
brancy,1
harry baller,1
kerry,1
erwin roy,1
chad bonta,1
peter kapopoulos,1
shayna casdorpf,1
coloni,1
adnan,1
t.f.,1
sf. fatrim,1
kersti,1
duggans,1
frank sinatra,1
sunni banschbach,1
adreana marcinkova,1
areana munsinska,1
chris noth,1
rose keegan,1
kyle maclachlan,1
woody harrelson,1
luis fernandez de la reguera,1
willem dafoe,1
matt dillon,1
jim jarmusch,1
steve buscemi,1
julian schnabel,1
sid vicious,1
bob crane,1
pat crane,1
chris connelly,1
rob byrnes,1
marco rdz,1
thelma,1
5|ey1er,1
rob,1
baiby lana,1
dopedupdaughterdope,1
s.b.,1
barry f. krischer,1
liz,1
gretta,1
gretchen,1
tammy,1
bard,1
ruta,1
dennis block,1
helisa mance,1
ejia,1
m lipstein,1
egm,1
misha,1
kili,1
dand copperhold,1
jannie saunders,1
micholl,1
halls,1
a. grant,1
jorry goldsmith,1
dr. garecki,1
ms. montwell,1
mr. mcgrath,1
j.t.,1
latterdale,1
mr hervan pels,1
yoshimasa hayashi,1
charles b. heck,1
david j. hennigar,1
carla a. hills,1
richard holbrooke,1
robert d. hormats,1
murray horn,1
hyun hong-choo,1
james r. houghton,1
claude imbert,1
bobby r. inman,1
joichi ito,1
max jakobson,1
baron daniel janssen,1
sir michael jenkins,1
trinidad jimenez,1
josef joffe,1
james a. johnson,1
samuel c. johnson,1
w. thomas johnson,1
han sung-joo,1
vernon e. jordan,1
karl kaiser,1
donald r. keough,1
henry a. kissinger,1
sir john kerr,1
kim kihwan,1
il sa kong,1
kim kyung-won,1
aotaro kobayashi,1
akira kojima,1
marie-josee kravis,1
thomas g. labrecque,1
manfred lahnstein,1
count otto lambsdorff,1
kurt lauk,1
anne lauvergeon,1
kenneth l. lay,1
jim leach,1
cees van lede,1
lee in-ho,1
gerald levin,1
bernard lewis,1
lanna betohlavek,1
madonna,1
wake up the dead,1
jan luc,1
ms wexler,1
george mitchel,1
kiana,1
rer,1
lucian mellawa,1
mr wexner,1
m,1
hada,1
ms [redacted],1
jonn lucke,1
zuckerman,1
g. m,1
anderson cooper,1
lindsay lohan,1
katie couric,1
jada pinkett smith,1
suri cruise,1
billy barou,1
sarah ruth orsak,1
sharon lyn boltne,1
atty,1
dad,1
daddy,1
ms wexner,1
sean cassidy,1
janet kinsella,1
darreh,1
swelunda,1
ceula,1
rina,1
george debon,1
tecla,1
ajy,1
"razek, ed",1
william mook,1
bill mook,1
mrs.,1
nuevo,1
mercedes ditrop,1
mrnmrs.humpa ge,1
morridas.,1
penis breath?,1
teddy,1
lidd,1
mv j.e,1
barry visoski,1
gary roxburg,1
ghislaine makwell,1
maya dubin,1
mark l. epstein,1
juggalofreak,1
carlyle,1
annson,1
jill t.f.,1
mr. t.f.,1
marcicot,1
mr. jeffrey epstein,1
ms ghislaine maxwell,1
brice,1
karen gordon,1
deire,1
manolito,1
cathy alexander,1
kathie orchard,1
miss kopinc,1
luis espinosa,1
marry,1
lawton,1
jean luk brunel,1
janna belohlavek,1
a grant,1
miss fm,1
dinnesa,1
r. epstein,1
watye,1
aniko,1
joseph recary,1
merda?,1
lc,1
hayley robson,1
mike harrell,1
mark eistein,1
darina,1
kristoffi,1
belohlavic,1
tim valentine,1
bill hartmann,1
larry viskoaki,1
chris da choppa,1
heather carlton,1
guy r. lewis,1
nancy vorpe quinlan,1
loannen,1
melissa hanes,1
cristal,1
mr. anderson,1
marvin david-son,1
alvin einbinder,1
tarnopol,1
einbinder,1
sarah stanley,1
alexa stanley,1
clodus mctavern,1
christina orplano,1
d. derek,1
vuli,1
or,1
lanna bellohavek,1
ciedus mctavern,1
lynne brooks,1
melyssa,1
alina roytberg,1
jane hershios,1
angela groff,1
june havoc,1
donna karan,1
henri bendel,1
chanel,1
narciso rodriguez,1
jill kim,1
agnes bruckner,1
dolce & gabbana,1
katherine m.,1
jana,1
hawthorne,1
mark l. wenans,1
latasha lowe,1
connolly,1
joshua markin,1
alfedo a. rodriguez,1
caroline ambroise,1
dr barth,1
nell riley kiraly,1
ronnic lomax,1
rlpm colon,1
journeys,1
carol,1
madeline casey,1
gail,1
tamily,1
mandii,1
mindi,1
natacha,1
lowell,1
jeff scientz,1
jeff herman,1
david norr,1
fuliiias,1
principal rick heers,1
michael brian,1
manucl2,1
manil,1
bryn,1
crystal,1
t.e.,1
dana butrus,1
bailey robson,1
mercedes de jesus,1
howard de jesus,1
merda,1
donna f. shalala,1
lawrence krocuss,1
tim. paverit,1
lato'sha lowe,1
trum,1
gosman,1
cortez,1
janok,1
luria krauss,1
adam distelbrink,1
nadja,1
burt ocariz,1
mr epsiti,1
jeanifer,1
mr epsitin,1
carolyn andrews,1
evans habeebian,1
nicholas carlson,1
j e,1
jerry goldsaith,1
dominick dunne,1
steven hoffenberg,1
ronald gardner,1
courtney sailor,1
standubin,1
sarah ferguson,1
louren,1
johanna sjoerels,1
ya epshtein,1
yossef,1
eeltyne,1
eeltyun,1
ma brown,1
~'m'i'l'f'~,1
james jackson,1
max fisher,1
gerald ford,1
frank lutz,1
yassir arafat,1
mahmoud abbas,1
ms. consor,1
apathetic human,1
lilian,1
"receray, joseph",1
glenn kutsovsky,1
steve scott,1
mr. danto fereathi,1
larry vissaki,1
sue hamilton,1
kathrine m,1
csi pavlik,1
preston higginbottom,1
sharon r,1
yea....whateva.....,1
i heart garrett,1
jennifer without the riffer,1
dragana,1
joan-luc,1
isaac benjamin tyler,1
ofc. nicholas garcia,1
ben laun,1
leonor,1
theodore,1
sam luc,1
justin sanchor,1
frederick fokkel,1
andrea muniska,1
adriana muscinska,1
john lurz,1
myya dubin,1
sophia stanley,1
scott rothstein,1
cledus mct..,1
jay the az..,1
big chris,1
thizz or die,1
"lee, la'mont",1
fenry,1
natascha malte,1
moore beth,1
abigail,1
fergie,1
brooke de ocampo,1
shayna jasmine ui,1
john epstein,1
robert mathew,1
mike duval,1
tony diaz,1
joseph a. recarey,1
jim lucas,1
lanna filocomo,1
m. guajardo,1
vanderbilt,1
glendinning,1
dillman,1
warburton,1
tami donaldson,1
nick sorenson,1
nick sorensen,1
tony v,1
jocllyn,1
dr. perlman,1
perenchlo,1
pincus,1
"alessi, marie",1
"alessi, john",1
"desmarais, wendy d.",1
larry s. epstein,1
guinn,1
parren,1
i heart,1
murphys mike jones,1
pimjuice,1
laurie lamerson,1
mr. locke,1
jaren,1
michellle d. pagan,1
big dawg,1
canolie,1
keith kelly,1
john c cassidy,1
carlos,1
sha killen,1
cj devery,1
zerro,1
georges,1
cohn cagleton,1
hon/true,1
valo son cotrin,1
manuela sjoetter,1
g.m,1
koenig daniel,1
goodfellow gene,1
auteri donald,1
allie feldman,1
alex nephew,1
carolyn norris,1
jennifer potter,1
kara ross,1
michele herbert,1
sharyn mann,1
mary gordon,1
leonard gordon,1
sybil shainwald,1
al larson,1
michele tagliani,1
tegla davies,1
gary green,1
michael bebon,1
wendy frank,1
woody heller,1
nina shapiro,1
alison schneider,1
dr. patricia ca,1
m. michael,1
chicken slayer,1
ashiey,1
satch-a-billy,1
j. f.,1
tita,1
juanpablo,1
chaaachris,1
queen of hls d0uble wide,1
sexylilone37,1
ashley fucking davis,1
jeffrey luc,1
last first,1
ed,1
amanda laslo,1
nicole hause,1
victim's father,1
joann joorberg,1
meleah paul,1
jason elder,1
melissa harris,1
hen - fei,1
"koenig, daniel",1
"goodfellow, gene",1
"auteri, donald",1
mr doron,1
ve,1
nadia marcenkova,1
megs,1
c.h.3.r.r.i k.i.i.s.z,1
karla,1
phat fatty,1
det. kraul,1
randy,1
mr. newton,1
patricia,1
dan rodgers,1
bill haan,1
last,1
first,1
el brillo,1
nicole marie,1
m costaury,1
jen-luc,1
mr brandon,1
adina nguo,1
l'nalee,1
dowexnon,1
villano,1
emad hanna,1
bella klein,1
cecelia,1
helan kim,1
michelle comper,1
jenn doyle,1
keith blumberg,1
mark lumberg,1
karolyn kalsy,1
ir shavitz,1
gerald edelman,1
mr. sperbery,1
andrea musiska,1
george diaz,1
maureen cameron,1
miss carolyn,1
loswexnos,1
evely,1
belef knuckles,1
dusty wusty,1
candy,1
lord infamous,1
manu,1
tefta,1
eric k,1
mandy biorklin,1
linda heilnacher,1
jean we,1
janina,1
trannsyivicius,1
ostrousley anna,1
suga,1
"recerey, joseph",1
felicia,1
diana steelwood,1
jr epaten,1
jm,1
last benham,1
rep,1
jeffrey e. finley,1
joanna m.,1
eric stephan,1
anthony figueroa,1
"moore, beth",1
lower back..,1
kaytlyn ma..,1
beautiful...,1
corey,1
sed,1
~*i cant g..,1
paige erin johnson,1
emily,1
robin lovery,1
carlos darlz,1
ms. backs,1
tein,1
m.j.f.,1
m. j. f.,1
sharon cookson,1
mr. lesley wexner,1
mr j.f,1
joan we,1
dave roggers,1
larry visinski,1
amilia,1
d. wersal,1
mr j.f.,1
david coppeahold,1
jess stanley,1
dont take life 2 seriously you wont get out alive,1
beautiful...he says i am,1
judge stern,1
latasha,1
mike tyson,1
jeffrey t. leeds,1
robin williams,1
x rip it and dip it x,1
aunt,1
uncle,1
a.d,1
jacqueline,1
george geyer,1
edviene,1
dana butas,1
ama,1
dalia h. weiss,1
dr jarecki,1
julian adams,1
de la,1
officer nicholas caristo,1
whitest puerto rican,1
mila,1
sweethart,1
jeffiey,1
eric ross,1
jeb,1
dodd,1
jess,1
lanna leigh belolavek,1
mixmaster mike,1
dj neight,1
axel,1
karel vuursteen,1
antonio garrigues walker,1
jusuf wanandi,1
goro watanabe,1
koji watanabe,1
glenn e. watts,1
serge weinberg,1
heinrich weiss,1
henry wendt,1
arne wessberg,1
marina v. n. whitman,1
norbert wieczorek,1
l.r. wilson,1
robert n. wilson,1
robert c. winters,1
paul d. wolfowitz,1
taio yakushiji,1
tadashi yamamoto,1
emilio ybarra,1
noriyuki yonemura,1
bunroku yoshino,1
lorenzo h. zambrano,1
ernesto zedillo,1
mortimer zuckerman,1
robert b. zoellick,1
bruce babbitt,1
thomas foley,1
jean duc,1
micheal orwite,1
wife,1
dr. board,1
copodifer,1
mercedes de torres,1
maisydm,1
nathan hyrnold,1
daliz,1
anya,1
christine baccard,1
sarah kattan,1
andrea mosinska,1
larry visoeki,1
miss barr,1
esther,1
jess study,1
zetred,1
